date,ret_DXY,close_DXY,bar_date_DXY,ret_GOLD,close_GOLD,bar_date_GOLD,ret_NASDAQ,close_NASDAQ,bar_date_NASDAQ,ret_SPX,close_SPX,bar_date_SPX,ret_US10Y,close_US10Y,bar_date_US10Y,ret_VIX,close_VIX,bar_date_VIX,ret_WTI,close_WTI,bar_date_WTI,ret_BTC,close_BTC,bar_date_BTC,ret_ETH,close_ETH,bar_date_ETH,ret_USDJPY,close_USDJPY,bar_date_USDJPY,chg_US10Y_pt,prev_us_bar_date,prev_us_ret_cum,prev_us_ret_1bar,leader_asset,leader_score,leader_margin,risk_state,vol_state,yield_move,usd_move,crypto_move,provenance,fetched_at
2021-08-30,,92.6500015258789,2021-08-30,,1809.0,2021-08-30,,15597.5,2021-08-30,,4525.25,2021-08-30,,1.284999966621399,2021-08-30,,16.190000534057617,2021-08-30,,69.20999908447266,2021-08-30,,,,,,,,,,,,,,none,,,unknown,elevated,unknown,unknown,unknown,retrospective_derived,2026-08-31T03:54:07Z
2021-08-31,-0.000216,92.62999725341795,2021-08-31,0.003317,1815.0,2021-08-31,-0.000962,15582.5,2021-08-31,-0.00105,4520.5,2021-08-31,0.014786,1.3040000200271606,2021-08-31,0.017912,16.479999542236328,2021-08-31,-0.010259,68.5,2021-08-31,,47166.6875,2021-08-31,,3433.732666015625,2021-08-31,,109.94400024414062,2021-08-31,0.019,2021-08-31,,,none,,,neutral,elevated,flat,flat,unknown,retrospective_derived,2026-08-31T03:54:07Z
2021-09-01,-0.001943,92.4499969482422,2021-09-01,-0.001047,1813.0999755859373,2021-09-01,0.001717,15609.25,2021-09-01,0.000166,4521.25,2021-09-01,-0.001534,1.3020000457763672,2021-09-01,-0.022451,16.110000610351562,2021-09-01,0.001314,68.58999633789062,2021-09-01,0.035626,48847.02734375,2021-09-01,0.11681,3834.828125,2021-09-01,0.001019,110.05599975585938,2021-09-01,-0.002,2021-09-01,-0.00105,-0.00105,none,,,neutral,elevated,flat,down,up,retrospective_derived,2026-08-31T03:54:07Z
2021-09-02,-0.00238,92.2300033569336,2021-09-02,-0.002427,1808.699951171875,2021-09-02,-0.000529,15601.0,2021-09-02,0.003096,4535.25,2021-09-02,-0.006144,1.2940000295639038,2021-09-02,0.018622,16.40999984741211,2021-09-02,0.020411,69.98999786376953,2021-09-02,0.009841,49327.72265625,2021-09-02,-0.011432,3790.989990234375,2021-09-02,0.000363,110.09600067138672,2021-09-02,-0.008,2021-09-02,0.000166,0.000166,none,,,neutral,elevated,flat,down,up,retrospective_derived,2026-08-31T03:54:07Z
2021-09-03,-0.00206,92.04000091552734,2021-09-03,0.012274,1830.9000244140625,2021-09-03,0.003237,15651.5,2021-09-03,-0.000165,4534.5,2021-09-03,0.021638,1.3220000267028809,2021-09-03,0.0,16.40999984741211,2021-09-03,-0.010001,69.29000091552734,2021-09-03,0.014143,50025.375,2021-09-03,0.039469,3940.61474609375,2021-09-03,-0.001372,109.94499969482422,2021-09-03,0.028,2021-09-03,0.003096,0.003096,none,,,neutral,elevated,up,down,up,retrospective_derived,2026-08-31T03:54:07Z
2021-09-04,,,,,,,,,,,,,,,,,,,,,,-0.001614,49944.625,2021-09-04,-0.013395,3887.828369140625,2021-09-04,,,,,2021-09-04,-0.000165,-0.000165,none,,,unknown,unknown,unknown,unknown,down,retrospective_derived,2026-08-31T03:54:07Z
2021-09-05,,,,,,,,,,,,,,,,,,,,,,0.036216,51753.41015625,2021-09-05,0.01654,3952.133544921875,2021-09-05,,,,,2021-09-05,0.0,-0.000165,none,,,unknown,unknown,unknown,unknown,up,retrospective_derived,2026-08-31T03:54:07Z
2021-09-06,,,,,,,,,,,,,,,,,,,,,,0.017006,52633.53515625,2021-09-06,-0.00601,3928.37939453125,2021-09-06,-0.001646,109.76399993896484,2021-09-06,,2021-09-06,0.0,-0.000165,none,,,unknown,unknown,unknown,unknown,up,retrospective_derived,2026-08-31T03:54:07Z
2021-09-07,0.005215,92.5199966430664,2021-09-07,-0.019116,1795.9000244140625,2021-09-07,0.001485,15674.75,2021-09-07,-0.003363,4519.25,2021-09-07,0.036309,1.3700000047683716,2021-09-07,0.105423,18.13999938964844,2021-09-07,-0.013566,68.3499984741211,2021-09-07,-0.110622,46811.12890625,2021-09-07,-0.127784,3426.394287109375,2021-09-07,0.00051,109.81999969482422,2021-09-07,,2021-09-07,0.0,-0.000165,none,,,risk_off,elevated,unknown,up,down,retrospective_derived,2026-08-31T03:54:07Z
2021-09-08,0.001405,92.6500015258789,2021-09-08,-0.002896,1790.699951171875,2021-09-08,-0.003493,15620.0,2021-09-08,-0.001494,4512.5,2021-09-08,-0.026277,1.3339999914169312,2021-09-08,-0.009923,17.959999084472656,2021-09-08,0.013899,69.30000305175781,2021-09-08,-0.015375,46091.390625,2021-09-08,0.020698,3497.315185546875,2021-09-08,0.004334,110.2959976196289,2021-09-08,-0.036,2021-09-08,-0.003363,-0.003363,none,,,neutral,elevated,down,flat,down,retrospective_derived,2026-08-31T03:54:07Z
2021-09-09,-0.001835,92.4800033569336,2021-09-09,0.003742,1797.4000244140625,2021-09-09,-0.003921,15558.75,2021-09-09,-0.004488,4492.25,2021-09-09,-0.026237,1.2990000247955322,2021-09-09,0.046771,18.799999237060547,2021-09-09,-0.016739,68.13999938964844,2021-09-09,0.006509,46391.421875,2021-09-09,-0.020008,3427.340087890625,2021-09-09,-0.000707,110.21800231933594,2021-09-09,-0.035,2021-09-09,-0.001494,-0.001494,none,,,risk_off,elevated,down,down,up,retrospective_derived,2026-08-31T03:54:07Z
2021-09-10,0.001081,92.58000183105467,2021-09-10,-0.00434,1789.5999755859375,2021-09-10,-0.007536,15441.5,2021-09-10,-0.007569,4458.25,2021-09-10,0.032333,1.340999960899353,2021-09-10,0.114362,20.950000762939453,2021-09-10,0.023188,69.72000122070312,2021-09-10,-0.032495,44883.91015625,2021-09-10,-0.062974,3211.505859375,2021-09-10,-0.003965,109.78099822998048,2021-09-10,0.042,2021-09-10,-0.004488,-0.004488,none,,,risk_off,elevated,up,flat,down,retrospective_derived,2026-08-31T03:54:07Z
2021-09-11,,,,,,,,,,,,,,,,,,,,,,0.007075,45201.45703125,2021-09-11,0.018301,3270.278076171875,2021-09-11,,,,,2021-09-11,-0.007569,-0.007569,none,,,unknown,unknown,unknown,unknown,up,retrospective_derived,2026-08-31T03:54:07Z
2021-09-12,,,,,,,,,,,,,,,,,,,,,,0.019066,46063.26953125,2021-09-12,0.042766,3410.134521484375,2021-09-12,,,,,2021-09-12,0.0,-0.007569,none,,,unknown,unknown,unknown,unknown,up,retrospective_derived,2026-08-31T03:54:07Z
2021-09-13,0.000432,92.62000274658205,2021-09-13,0.001341,1792.0,2021-09-13,-0.000308,15436.75,2021-09-13,0.002411,4469.0,2021-09-13,-0.012677,1.3240000009536743,2021-09-13,-0.075418,19.3700008392334,2021-09-13,0.01047,70.44999694824219,2021-09-13,-0.023884,44963.07421875,2021-09-13,-0.036545,3285.51171875,2021-09-13,0.001221,109.91500091552734,2021-09-13,,2021-09-13,0.0,-0.007569,none,,,neutral,elevated,unknown,flat,down,retrospective_derived,2026-08-31T03:54:07Z
2021-09-14,0.000324,92.6500015258789,2021-09-14,0.007087,1804.699951171875,2021-09-14,-0.003223,15387.0,2021-09-14,-0.005482,4444.5,2021-09-14,-0.035499,1.2769999504089355,2021-09-14,0.004646,19.459999084472656,2021-09-14,0.000142,70.45999908447266,2021-09-14,0.047359,47092.4921875,2021-09-14,0.043725,3429.169677734375,2021-09-14,0.000719,109.99400329589844,2021-09-14,-0.047,2021-09-14,0.002411,0.002411,none,,,neutral,elevated,down,flat,up,retrospective_derived,2026-08-31T03:54:07Z
2021-09-15,-0.001727,92.48999786376952,2021-09-15,-0.006815,1792.4000244140625,2021-09-15,0.007604,15504.0,2021-09-15,0.008381,4481.75,2021-09-15,0.021143,1.3040000200271606,2021-09-15,-0.065776,18.18000030517578,2021-09-15,0.030514,72.61000061035156,2021-09-15,0.023015,48176.34765625,2021-09-15,0.054273,3615.28271484375,2021-09-15,-0.0025,109.71900177001952,2021-09-15,0.027,2021-09-15,-0.005482,-0.005482,none,,,risk_on,elevated,up,down,up,retrospective_derived,2026-08-31T03:54:07Z
2021-09-16,0.004,92.86000061035156,2021-09-16,-0.021089,1754.5999755859375,2021-09-16,0.000887,15517.75,2021-09-16,-0.001673,4474.25,2021-09-16,0.020705,1.3309999704360962,2021-09-16,0.028053,18.690000534057617,2021-09-16,0.0,72.61000061035156,2021-09-16,-0.008157,47783.359375,2021-09-16,-0.012167,3571.294921875,2021-09-16,-0.003062,109.38300323486328,2021-09-16,0.027,2021-09-16,0.008381,0.008381,none,,,neutral,elevated,up,up,down,retrospective_derived,2026-08-31T03:54:07Z
2021-09-17,0.003661,93.1999969482422,2021-09-17,-0.002964,1749.4000244140625,2021-09-17,-0.002003,15486.669921875,2021-09-17,-0.002217,4464.330078125,2021-09-17,0.029301,1.3700000047683716,2021-09-17,0.11343,20.809999465942383,2021-09-17,-0.008814,71.97000122070312,2021-09-17,-0.010795,47267.51953125,2021-09-17,-0.048374,3398.538818359375,2021-09-17,0.002889,109.6989974975586,2021-09-17,0.039,2021-09-17,-0.001673,-0.001673,none,,,neutral,elevated,up,up,down,retrospective_derived,2026-08-31T03:54:07Z
2021-09-18,,,,,,,,,,,,,,,,,,,,,,0.021386,48278.36328125,2021-09-18,0.009851,3432.018310546875,2021-09-18,,,,,2021-09-18,-0.002217,-0.002217,none,,,unknown,unknown,unknown,unknown,up,retrospective_derived,2026-08-31T03:54:07Z
2021-09-19,,,,,,,,,,,,,,,,,,,,,,-0.021089,47260.21875,2021-09-19,-0.029886,3329.447998046875,2021-09-19,,,,,2021-09-19,0.0,-0.002217,none,,,unknown,unknown,unknown,unknown,down,retrospective_derived,2026-08-31T03:54:07Z
2021-09-20,0.000429,93.23999786376952,2021-09-20,0.007088,1761.800048828125,2021-09-20,-0.030812,15009.5,2021-09-20,-0.026002,4348.25,2021-09-20,-0.044526,1.309000015258789,2021-09-20,0.235464,25.709999084472656,2021-09-20,-0.023343,70.29000091552734,2021-09-20,-0.093449,42843.80078125,2021-09-20,-0.111266,2958.993408203125,2021-09-20,0.00248,109.97100067138672,2021-09-20,,2021-09-20,0.0,-0.002217,none,,,risk_off,stressed,unknown,flat,down,retrospective_derived,2026-08-31T03:54:07Z
2021-09-21,-0.000429,93.1999969482422,2021-09-21,0.00806,1776.0,2021-09-21,0.000966,15024.0,2021-09-21,-0.00115,4343.25,2021-09-21,0.011459,1.3240000009536743,2021-09-21,-0.052509,24.36000061035156,2021-09-21,0.003841,70.55999755859375,2021-09-21,-0.050185,40693.67578125,2021-09-21,-0.065753,2764.43115234375,2021-09-21,-0.004856,109.43699645996094,2021-09-21,0.015,2021-09-21,-0.026002,-0.026002,none,,,neutral,stressed,flat,flat,down,retrospective_derived,2026-08-31T03:54:07Z
2021-09-22,0.00279,93.45999908447266,2021-09-22,0.000394,1776.699951171875,2021-09-22,0.009285,15163.5,2021-09-22,0.009382,4384.0,2021-09-22,0.009063,1.3359999656677246,2021-09-22,-0.143268,20.8700008392334,2021-09-22,0.023668,72.2300033569336,2021-09-22,0.070793,43574.5078125,2021-09-22,0.113382,3077.867919921875,2021-09-22,-0.002632,109.14900207519533,2021-09-22,0.012,2021-09-22,-0.00115,-0.00115,none,,,risk_on,elevated,flat,up,up,retrospective_derived,2026-08-31T03:54:07Z
2021-09-23,-0.003852,93.0999984741211,2021-09-23,-0.016322,1747.699951171875,2021-09-23,0.009233,15303.5,2021-09-23,0.012318,4438.0,2021-09-23,0.055389,1.409999966621399,2021-09-23,-0.107331,18.6299991607666,2021-09-23,0.014814,73.30000305175781,2021-09-23,0.030306,44895.09765625,2021-09-23,0.02523,3155.523681640625,2021-09-23,0.006166,109.8219985961914,2021-09-23,0.074,2021-09-23,0.009382,0.009382,none,,,risk_on,elevated,up,down,up,retrospective_derived,2026-08-31T03:54:07Z
2021-09-24,0.00247,93.33000183105467,2021-09-24,0.001144,1749.699951171875,2021-09-24,0.000997,15318.75,2021-09-24,0.001746,4445.75,2021-09-24,0.035461,1.4600000381469729,2021-09-24,-0.047236,17.75,2021-09-24,0.009277,73.9800033569336,2021-09-24,-0.045781,42839.75,2021-09-24,-0.070941,2931.669189453125,2021-09-24,0.004589,110.32599639892578,2021-09-24,0.05,2021-09-24,0.012318,0.012318,none,,,neutral,elevated,up,up,down,retrospective_derived,2026-08-31T03:54:07Z
2021-09-25,,,,,,,,,,,,,,,,,,,,,,-0.002875,42716.59375,2021-09-25,-0.002082,2925.565673828125,2021-09-25,,,,,2021-09-25,0.001746,0.001746,none,,,unknown,unknown,unknown,unknown,down,retrospective_derived,2026-08-31T03:54:07Z
2021-09-26,,,,,,,,,,,,,,,,,,,,,,0.011516,43208.5390625,2021-09-26,0.046726,3062.265380859375,2021-09-26,,,,,2021-09-26,0.0,0.001746,none,,,unknown,unknown,unknown,unknown,up,retrospective_derived,2026-08-31T03:54:07Z
2021-09-27,0.000536,93.37999725341795,2021-09-27,0.000171,1750.0,2021-09-27,-0.008095,15194.75,2021-09-27,-0.002868,4433.0,2021-09-27,0.016438,1.4839999675750732,2021-09-27,0.056901,18.76000022888184,2021-09-27,0.01987,75.44999694824219,2021-09-27,-0.022514,42235.73046875,2021-09-27,-0.04184,2934.138916015625,2021-09-27,0.00397,110.76399993896484,2021-09-27,,2021-09-27,0.0,0.001746,none,,,neutral,elevated,unknown,flat,down,retrospective_derived,2026-08-31T03:54:07Z
2021-09-28,0.004176,93.7699966430664,2021-09-28,-0.008114,1735.800048828125,2021-09-28,-0.028299,14764.75,2021-09-28,-0.020189,4343.5,2021-09-28,0.033693,1.534000039100647,2021-09-28,0.239339,23.25,2021-09-28,-0.002121,75.29000091552734,2021-09-28,-0.02844,41034.54296875,2021-09-28,-0.04323,2807.296630859375,2021-09-28,0.001806,110.96399688720705,2021-09-28,0.05,2021-09-28,-0.002868,-0.002868,none,,,risk_off,elevated,up,up,down,retrospective_derived,2026-08-31T03:54:07Z
2021-09-29,0.006079,94.33999633789062,2021-09-29,-0.008238,1721.5,2021-09-29,-0.001693,14739.75,2021-09-29,0.001439,4349.75,2021-09-29,0.004563,1.5410000085830688,2021-09-29,-0.029677,22.559999465942383,2021-09-29,-0.00611,74.83000183105469,2021-09-29,0.012912,41564.36328125,2021-09-29,0.016331,2853.143310546875,2021-09-29,0.005083,111.52799987792967,2021-09-29,0.007,2021-09-29,-0.020189,-0.020189,none,,,neutral,elevated,flat,up,up,retrospective_derived,2026-08-31T03:54:07Z
2021-09-30,-0.000954,94.25,2021-09-30,0.019634,1755.300048828125,2021-09-30,-0.003884,14682.5,2021-09-30,-0.011955,4297.75,2021-09-30,-0.007787,1.5290000438690186,2021-09-30,0.025709,23.13999938964844,2021-09-30,0.002673,75.02999877929688,2021-09-30,0.053568,43790.89453125,2021-09-30,0.05206,3001.678955078125,2021-09-30,0.003658,111.93599700927734,2021-09-30,-0.012,2021-09-30,0.001439,0.001439,none,,,neutral,elevated,flat,flat,up,retrospective_derived,2026-08-31T03:54:07Z
2021-10-01,-0.002228,94.04000091552734,2021-10-01,0.000968,1757.0,2021-10-01,0.005398,14761.75,2021-10-01,0.010703,4343.75,2021-10-01,-0.032701,1.4789999723434448,2021-10-01,-0.088159,21.100000381469727,2021-10-01,0.011329,75.87999725341797,2021-10-01,0.098789,48116.94140625,2021-10-01,0.101889,3307.51611328125,2021-10-01,-0.004243,111.46099853515624,2021-10-01,-0.05,2021-10-01,-0.011955,-0.011955,none,,,risk_on,elevated,down,down,up,retrospective_derived,2026-08-31T03:54:07Z
2021-10-02,,,,,,,,,,,,,,,,,,,,,,-0.008426,47711.48828125,2021-10-02,0.025451,3391.6943359375,2021-10-02,,,,,2021-10-02,0.010703,0.010703,none,,,unknown,unknown,unknown,unknown,down,retrospective_derived,2026-08-31T03:54:07Z
2021-10-03,,,,,,,,,,,,,,,,,,,,,,0.010238,48199.953125,2021-10-03,0.007862,3418.358642578125,2021-10-03,,,,,2021-10-03,0.0,0.010703,none,,,unknown,unknown,unknown,unknown,up,retrospective_derived,2026-08-31T03:54:07Z
2021-10-04,-0.002446,93.80999755859376,2021-10-04,0.005236,1766.199951171875,2021-10-04,-0.020289,14462.25,2021-10-04,-0.012086,4291.25,2021-10-04,0.001352,1.4809999465942385,2021-10-04,0.088152,22.959999084472656,2021-10-04,0.022931,77.62000274658203,2021-10-04,0.018941,49112.90234375,2021-10-04,-0.011195,3380.089111328125,2021-10-04,-0.004611,110.9469985961914,2021-10-04,,2021-10-04,0.0,0.010703,none,,,risk_off,elevated,unknown,down,up,retrospective_derived,2026-08-31T03:54:07Z
2021-10-05,0.001812,93.9800033569336,2021-10-05,-0.003737,1759.5999755859375,2021-10-05,0.013345,14655.25,2021-10-05,0.009962,4334.0,2021-10-05,0.032411,1.5290000438690186,2021-10-05,-0.0723,21.299999237060547,2021-10-05,0.016877,78.93000030517578,2021-10-05,0.048906,51514.8125,2021-10-05,0.040954,3518.5185546875,2021-10-05,0.000189,110.96800231933594,2021-10-05,0.048,2021-10-05,-0.012086,-0.012086,none,,,risk_on,elevated,up,up,up,retrospective_derived,2026-08-31T03:54:07Z
2021-10-06,0.003086,94.2699966430664,2021-10-06,0.000511,1760.5,2021-10-06,0.007079,14759.0,2021-10-06,0.004615,4354.0,2021-10-06,-0.00327,1.52400004863739,2021-10-06,-0.014084,21.0,2021-10-06,-0.019004,77.43000030517578,2021-10-06,0.07467,55361.44921875,2021-10-06,0.017633,3580.56201171875,2021-10-06,0.004677,111.48699951171876,2021-10-06,-0.005,2021-10-06,0.009962,0.009962,none,,,neutral,elevated,flat,up,up,retrospective_derived,2026-08-31T03:54:07Z
2021-10-07,-0.00053,94.22000122070312,2021-10-07,-0.001477,1757.9000244140625,2021-10-07,0.008283,14881.25,2021-10-07,0.008268,4390.0,2021-10-07,0.03084,1.5709999799728394,2021-10-07,-0.069524,19.540000915527344,2021-10-07,0.011236,78.30000305175781,2021-10-07,-0.028097,53805.984375,2021-10-07,0.00207,3587.974853515625,2021-10-07,-0.000664,111.41300201416016,2021-10-07,0.047,2021-10-07,0.004615,0.004615,none,,,risk_on,elevated,up,flat,down,retrospective_derived,2026-08-31T03:54:07Z
2021-10-08,-0.001592,94.06999969482422,2021-10-08,-0.00091,1756.300048828125,2021-10-08,-0.004906,14808.25,2021-10-08,-0.001765,4382.25,2021-10-08,0.021642,1.6050000190734863,2021-10-08,-0.039406,18.770000457763672,2021-10-08,0.01341,79.3499984741211,2021-10-08,0.003008,53967.84765625,2021-10-08,-0.006749,3563.75927734375,2021-10-08,0.002235,111.66200256347656,2021-10-08,0.034,2021-10-08,0.008268,0.008268,none,,,neutral,elevated,up,down,up,retrospective_derived,2026-08-31T03:54:07Z
2021-10-09,,,,,,,,,,,,,,,,,,,,,,0.018536,54968.22265625,2021-10-09,0.003355,3575.716796875,2021-10-09,,,,,2021-10-09,-0.001765,-0.001765,none,,,unknown,unknown,unknown,unknown,up,retrospective_derived,2026-08-31T03:54:07Z
2021-10-10,,,,,,,,,,,,,,,,,,,,,,-0.003577,54771.578125,2021-10-10,-0.041912,3425.852783203125,2021-10-10,,,,,2021-10-10,0.0,-0.001765,none,0.3397,0.0012,unknown,unknown,unknown,unknown,down,retrospective_derived,2026-08-31T03:54:07Z
2021-10-11,0.002658,94.31999969482422,2021-10-11,-0.000968,1754.5999755859375,2021-10-11,-0.007276,14700.5,2021-10-11,-0.007131,4351.0,2021-10-11,0.005607,1.6139999628067017,2021-10-11,0.06553,20.0,2021-10-11,0.014745,80.5199966430664,2021-10-11,0.049537,57484.7890625,2021-10-11,0.034882,3545.35400390625,2021-10-11,0.005445,112.2699966430664,2021-10-11,,2021-10-11,0.0,-0.001765,none,0.3854,0.016,risk_off,elevated,unknown,up,up,retrospective_derived,2026-08-31T03:54:07Z
2021-10-12,0.00212,94.5199966430664,2021-10-12,0.002109,1758.300048828125,2021-10-12,-0.003214,14653.25,2021-10-12,-0.002356,4340.75,2021-10-12,-0.021066,1.5800000429153442,2021-10-12,-0.0075,19.850000381469727,2021-10-12,0.00149,80.63999938964844,2021-10-12,-0.025115,56041.05859375,2021-10-12,-0.014887,3492.5732421875,2021-10-12,0.009958,113.38800048828124,2021-10-12,-0.034,2021-10-12,-0.007131,-0.007131,none,0.3323,0.0436,neutral,elevated,down,up,down,retrospective_derived,2026-08-31T03:54:07Z
2021-10-13,-0.004655,94.08000183105467,2021-10-13,0.020133,1793.699951171875,2021-10-13,0.007575,14764.25,2021-10-13,0.003283,4355.0,2021-10-13,-0.01962,1.5490000247955322,2021-10-13,-0.060957,18.63999938964844,2021-10-13,-0.00248,80.44000244140625,2021-10-13,0.024269,57401.09765625,2021-10-13,0.032534,3606.20166015625,2021-10-13,0.001155,113.5189971923828,2021-10-13,-0.031,2021-10-13,-0.002356,-0.002356,none,0.351,0.018,risk_on,elevated,down,down,up,retrospective_derived,2026-08-31T03:54:07Z
2021-10-14,-0.001276,93.95999908447266,2021-10-14,0.001673,1796.699951171875,2021-10-14,0.018491,15037.25,2021-10-14,0.016992,4429.0,2021-10-14,-0.019367,1.5190000534057615,2021-10-14,-0.095493,16.860000610351562,2021-10-14,0.010815,81.30999755859375,2021-10-14,-0.001386,57321.5234375,2021-10-14,0.049862,3786.01416015625,2021-10-14,-0.00192,113.3010025024414,2021-10-14,-0.03,2021-10-14,0.003283,0.003283,none,0.35,0.0649,risk_on,elevated,down,flat,flat,retrospective_derived,2026-08-31T03:54:07Z
2021-10-15,-0.000213,93.94000244140624,2021-10-15,-0.016419,1767.199951171875,2021-10-15,0.006467,15134.5,2021-10-15,0.007564,4462.5,2021-10-15,0.037525,1.5759999752044678,2021-10-15,-0.033215,16.299999237060547,2021-10-15,0.01193,82.27999877929688,2021-10-15,0.074534,61593.94921875,2021-10-15,0.020238,3862.634765625,2021-10-15,0.004704,113.83399963378906,2021-10-15,0.057,2021-10-15,0.016992,0.016992,none,0.3492,0.0897,risk_on,elevated,up,flat,up,retrospective_derived,2026-08-31T03:54:07Z
2021-10-16,,,,,,,,,,,,,,,,,,,,,,-0.011393,60892.1796875,2021-10-16,-0.00835,3830.382080078125,2021-10-16,,,,,2021-10-16,0.007564,0.007564,none,0.3357,0.0689,unknown,unknown,unknown,unknown,down,retrospective_derived,2026-08-31T03:54:07Z
2021-10-17,,,,,,,,,,,,,,,,,,,,,,0.010862,61553.6171875,2021-10-17,0.004366,3847.1044921875,2021-10-17,,,,,2021-10-17,0.0,0.007564,none,0.329,0.0935,unknown,unknown,unknown,unknown,up,retrospective_derived,2026-08-31T03:54:07Z
2021-10-18,0.000106,93.9499969482422,2021-10-18,-0.001358,1764.800048828125,2021-10-18,0.010308,15290.5,2021-10-18,0.003361,4477.5,2021-10-18,0.005076,1.5839999914169312,2021-10-18,0.000614,16.309999465942383,2021-10-18,0.001945,82.44000244140625,2021-10-18,0.007676,62026.078125,2021-10-18,-0.025563,3748.76025390625,2021-10-18,0.004304,114.3239974975586,2021-10-18,,2021-10-18,0.0,0.007564,none,0.2304,0.0993,neutral,elevated,unknown,flat,up,retrospective_derived,2026-08-31T03:54:07Z
2021-10-19,-0.001703,93.79000091552734,2021-10-19,0.002776,1769.699951171875,2021-10-19,0.007063,15398.5,2021-10-19,0.007538,4511.25,2021-10-19,0.032197,1.6349999904632568,2021-10-19,-0.0374,15.699999809265137,2021-10-19,0.006308,82.95999908447266,2021-10-19,0.036048,64261.9921875,2021-10-19,0.034382,3877.65087890625,2021-10-19,-0.000341,114.28500366210938,2021-10-19,0.051,2021-10-19,0.003361,0.003361,none,0.2366,0.0885,risk_on,calm,up,down,up,retrospective_derived,2026-08-31T03:54:07Z
2021-10-20,-0.002452,93.55999755859376,2021-10-20,0.008137,1784.0999755859375,2021-10-20,-0.001364,15377.5,2021-10-20,0.003713,4528.0,2021-10-20,0.000612,1.6360000371932983,2021-10-20,-0.013376,15.489999771118164,2021-10-20,0.010969,83.87000274658203,2021-10-20,0.026934,65992.8359375,2021-10-20,0.071781,4155.9921875,2021-10-20,0.002257,114.54299926757812,2021-10-20,0.001,2021-10-20,0.007538,0.007538,none,0.2557,0.0868,neutral,calm,flat,down,up,retrospective_derived,2026-08-31T03:54:07Z
2021-10-21,0.002245,93.7699966430664,2021-10-21,-0.001625,1781.199951171875,2021-10-21,0.006584,15478.75,2021-10-21,0.003037,4541.75,2021-10-21,0.02445,1.6759999990463257,2021-10-21,-0.030988,15.010000228881836,2021-10-21,-0.016335,82.5,2021-10-21,-0.057319,62210.171875,2021-10-21,-0.024463,4054.32275390625,2021-10-21,-0.001344,114.38899993896484,2021-10-21,0.04,2021-10-21,0.003713,0.003713,none,0.172,0.0299,risk_on,calm,up,up,down,retrospective_derived,2026-08-31T03:54:07Z
2021-10-22,-0.001706,93.61000061035156,2021-10-22,0.008028,1795.5,2021-10-22,-0.008899,15341.0,2021-10-22,-0.001156,4536.5,2021-10-22,-0.01253,1.6549999713897705,2021-10-22,0.027981,15.43000030517578,2021-10-22,0.015273,83.76000213623047,2021-10-22,-0.0244,60692.265625,2021-10-22,-0.020753,3970.181884765625,2021-10-22,-0.004712,113.8499984741211,2021-10-22,-0.021,2021-10-22,0.003037,0.003037,none,0.1763,0.0161,neutral,calm,down,down,down,retrospective_derived,2026-08-31T03:54:07Z
2021-10-23,,,,,,,,,,,,,,,,,,,,,,0.011556,61393.6171875,2021-10-23,0.050749,4171.66357421875,2021-10-23,,,,,2021-10-23,-0.001156,-0.001156,none,0.1756,0.0044,unknown,unknown,unknown,unknown,up,retrospective_derived,2026-08-31T03:54:07Z
2021-10-24,,,,,,,,,,,,,,,,,,,,,,-0.007538,60930.8359375,2021-10-24,-0.020078,4087.903076171875,2021-10-24,,,,,2021-10-24,0.0,-0.001156,none,0.1919,0.0115,unknown,unknown,unknown,unknown,down,retrospective_derived,2026-08-31T03:54:07Z
2021-10-25,0.002136,93.80999755859376,2021-10-25,0.005848,1806.0,2021-10-25,0.010087,15495.75,2021-10-25,0.004739,4558.0,2021-10-25,-0.012085,1.6349999904632568,2021-10-25,-0.012314,15.239999771118164,2021-10-25,0.0,83.76000213623047,2021-10-25,0.034613,63039.82421875,2021-10-25,0.031795,4217.876953125,2021-10-25,-0.001634,113.66400146484376,2021-10-25,,2021-10-25,0.0,-0.001156,none,0.1762,0.0205,neutral,calm,unknown,up,up,retrospective_derived,2026-08-31T03:54:07Z
2021-10-26,0.001492,93.9499969482422,2021-10-26,-0.007364,1792.699951171875,2021-10-26,0.003178,15545.0,2021-10-26,0.001591,4565.25,2021-10-26,-0.009786,1.61899995803833,2021-10-26,0.048556,15.979999542236328,2021-10-26,0.010626,84.6500015258789,2021-10-26,-0.04245,60363.79296875,2021-10-26,-0.020573,4131.10205078125,2021-10-26,0.000889,113.76499938964844,2021-10-26,-0.016,2021-10-26,0.004739,0.004739,NASDAQ,0.3071,0.0124,neutral,calm,flat,flat,down,retrospective_derived,2026-08-31T03:54:07Z
2021-10-27,-0.000958,93.86000061035156,2021-10-27,0.002901,1797.9000244140625,2021-10-27,0.002718,15587.25,2021-10-27,-0.004545,4544.5,2021-10-27,-0.05559,1.5290000438690186,2021-10-27,0.062578,16.979999542236328,2021-10-27,-0.023509,82.66000366210938,2021-10-27,-0.031168,58482.38671875,2021-10-27,-0.048618,3930.25732421875,2021-10-27,0.003718,114.18800354003906,2021-10-27,-0.09,2021-10-27,0.001591,0.001591,SPX,0.319,0.0423,risk_off,elevated,down,flat,down,retrospective_derived,2026-08-31T03:54:07Z
2021-10-28,-0.005434,93.3499984741211,2021-10-28,0.002058,1801.5999755859373,2021-10-28,0.011388,15764.75,2021-10-28,0.009462,4587.5,2021-10-28,0.025507,1.5679999589920044,2021-10-28,-0.026502,16.530000686645508,2021-10-28,0.001815,82.80999755859375,2021-10-28,0.036588,60622.13671875,2021-10-28,0.090849,4287.31884765625,2021-10-28,-0.003608,113.7760009765625,2021-10-28,0.039,2021-10-28,-0.004545,-0.004545,SPX,0.4063,0.039,neutral,elevated,up,down,up,retrospective_derived,2026-08-31T03:54:07Z
2021-10-29,0.008249,94.12000274658205,2021-10-29,-0.010324,1783.0,2021-10-29,0.004678,15838.5,2021-10-29,0.002071,4597.0,2021-10-29,-0.007015,1.5570000410079956,2021-10-29,-0.016334,16.260000228881836,2021-10-29,0.009178,83.56999969482422,2021-10-29,0.026489,62227.96484375,2021-10-29,0.029722,4414.74658203125,2021-10-29,-0.001406,113.61599731445312,2021-10-29,-0.011,2021-10-29,0.009462,0.009462,SPX,0.3807,0.021,neutral,elevated,flat,up,up,retrospective_derived,2026-08-31T03:54:07Z
2021-10-30,,,,,,,,,,,,,,,,,,,,,,-0.00545,61888.83203125,2021-10-30,-0.020181,4325.650390625,2021-10-30,,,,,2021-10-30,0.002071,0.002071,SPX,0.3807,0.0284,unknown,unknown,unknown,unknown,down,retrospective_derived,2026-08-31T03:54:07Z
2021-10-31,,,,,,,,,,,,,,,,,,,,,,-0.009208,61318.95703125,2021-10-31,-0.008687,4288.07421875,2021-10-31,,,,,2021-10-31,0.0,0.002071,SPX,0.4165,0.0288,unknown,unknown,unknown,unknown,down,retrospective_derived,2026-08-31T03:54:07Z
2021-11-01,-0.00255,93.87999725341795,2021-11-01,0.006786,1795.0999755859375,2021-11-01,0.00352,15894.25,2021-11-01,0.001903,4605.75,2021-11-01,0.011561,1.5750000476837158,2021-11-01,0.009225,16.40999984741211,2021-11-01,0.005744,84.05000305175781,2021-11-01,-0.00513,61004.40625,2021-11-01,0.008524,4324.626953125,2021-11-01,0.005457,114.23600006103516,2021-11-01,,2021-11-01,0.0,0.002071,SPX,0.392,0.0236,neutral,elevated,unknown,down,down,retrospective_derived,2026-08-31T03:54:07Z
2021-11-02,0.002237,94.08999633789062,2021-11-02,-0.003565,1788.699951171875,2021-11-02,0.004215,15961.25,2021-11-02,0.003854,4623.5,2021-11-02,-0.016508,1.5490000247955322,2021-11-02,-0.023157,16.030000686645508,2021-11-02,-0.001666,83.91000366210938,2021-11-02,0.036424,63226.40234375,2021-11-02,0.060161,4584.798828125,2021-11-02,-0.001243,114.09400177001952,2021-11-02,-0.026,2021-11-02,0.001903,0.001903,SPX,0.4029,0.0488,neutral,elevated,down,up,up,retrospective_derived,2026-08-31T03:54:07Z
2021-11-03,-0.002444,93.86000061035156,2021-11-03,-0.014033,1763.5999755859375,2021-11-03,0.010557,16129.75,2021-11-03,0.006218,4652.25,2021-11-03,0.019367,1.5789999961853027,2021-11-03,-0.058016,15.100000381469728,2021-11-03,-0.036349,80.86000061035156,2021-11-03,-0.004055,62970.046875,2021-11-03,0.004885,4607.19384765625,2021-11-03,-0.001157,113.96199798583984,2021-11-03,0.03,2021-11-03,0.003854,0.003854,SPX,0.3702,0.018,risk_on,calm,up,down,down,retrospective_derived,2026-08-31T03:54:07Z
2021-11-04,0.005221,94.3499984741211,2021-11-04,0.01667,1793.0,2021-11-04,0.012461,16330.75,2021-11-04,0.004514,4673.25,2021-11-04,-0.034832,1.52400004863739,2021-11-04,0.022517,15.4399995803833,2021-11-04,-0.025352,78.80999755859375,2021-11-04,-0.024104,61452.23046875,2021-11-04,-0.015165,4537.32421875,2021-11-04,0.000948,114.06999969482422,2021-11-04,-0.055,2021-11-04,0.006218,0.006218,US10Y,0.3469,0.0199,neutral,calm,down,up,down,retrospective_derived,2026-08-31T03:54:07Z
2021-11-05,-0.000318,94.31999969482422,2021-11-05,0.013051,1816.4000244140625,2021-11-05,0.001286,16351.75,2021-11-05,0.003638,4690.25,2021-11-05,-0.046588,1.4529999494552612,2021-11-05,0.067358,16.479999542236328,2021-11-05,0.031214,81.2699966430664,2021-11-05,-0.005314,61125.67578125,2021-11-05,-0.011258,4486.2431640625,2021-11-05,-0.002043,113.83699798583984,2021-11-05,-0.071,2021-11-05,0.004514,0.004514,US10Y,0.3548,0.0318,mixed,elevated,down,flat,down,retrospective_derived,2026-08-31T03:54:07Z
2021-11-06,,,,,,,,,,,,,,,,,,,,,,0.006573,61527.48046875,2021-11-06,0.007877,4521.5810546875,2021-11-06,,,,,2021-11-06,0.003638,0.003638,US10Y,0.3548,0.0257,unknown,unknown,unknown,unknown,up,retrospective_derived,2026-08-31T03:54:07Z
2021-11-07,,,,,,,,,,,,,,,,,,,,,,0.029247,63326.98828125,2021-11-07,0.021889,4620.5546875,2021-11-07,,,,,2021-11-07,0.0,0.003638,US10Y,0.3839,0.0387,unknown,unknown,unknown,unknown,up,retrospective_derived,2026-08-31T03:54:07Z
2021-11-08,-0.002863,94.0500030517578,2021-11-08,0.006056,1827.4000244140625,2021-11-08,-0.001468,16327.75,2021-11-08,0.0008,4694.0,2021-11-08,0.030282,1.496999979019165,2021-11-08,0.044903,17.219999313354492,2021-11-08,0.008121,81.93000030517578,2021-11-08,0.066952,67566.828125,2021-11-08,0.041452,4812.08740234375,2021-11-08,-0.00318,113.4749984741211,2021-11-08,,2021-11-08,0.0,0.003638,US10Y,0.3335,0.0045,neutral,elevated,unknown,down,up,retrospective_derived,2026-08-31T03:54:07Z
2021-11-09,-0.000957,93.95999908447266,2021-11-09,0.001532,1830.199951171875,2021-11-09,-0.007043,16212.75,2021-11-09,-0.003355,4678.25,2021-11-09,-0.04342,1.4320000410079956,2021-11-09,0.03252,17.780000686645508,2021-11-09,0.027096,84.1500015258789,2021-11-09,-0.008806,66971.828125,2021-11-09,-0.016005,4735.06884765625,2021-11-09,-0.001948,113.25399780273438,2021-11-09,-0.065,2021-11-09,0.0008,0.0008,US10Y,0.4142,0.0732,risk_off,elevated,down,flat,down,retrospective_derived,2026-08-31T03:54:07Z
2021-11-10,0.009472,94.8499984741211,2021-11-10,0.009507,1847.5999755859373,2021-11-10,-0.014325,15980.5,2021-11-10,-0.007749,4642.0,2021-11-10,0.089385,1.559999942779541,2021-11-10,0.053431,18.729999542236328,2021-11-10,-0.033393,81.33999633789062,2021-11-10,-0.029514,64995.23046875,2021-11-10,-0.020886,4636.17431640625,2021-11-10,-0.00302,112.91200256347656,2021-11-10,0.128,2021-11-10,-0.003355,-0.003355,NASDAQ,0.3732,0.0338,risk_off,elevated,up,up,down,retrospective_derived,2026-08-31T03:54:07Z
2021-11-11,0.003479,95.18000030517578,2021-11-11,0.008443,1863.199951171875,2021-11-11,0.002644,16022.75,2021-11-11,0.000215,4643.0,2021-11-11,0.0,1.559999942779541,2021-11-11,-0.057128,17.65999984741211,2021-11-11,0.003074,81.58999633789062,2021-11-11,-0.000697,64949.9609375,2021-11-11,0.020321,4730.38427734375,2021-11-11,0.008794,113.90499877929688,2021-11-11,0.0,2021-11-11,-0.007749,-0.007749,ETH,0.3289,0.0097,neutral,elevated,flat,up,flat,retrospective_derived,2026-08-31T03:54:07Z
2021-11-12,-0.000525,95.12999725341795,2021-11-12,0.002523,1867.9000244140625,2021-11-12,0.01061,16192.75,2021-11-12,0.007592,4678.25,2021-11-12,0.014103,1.5820000171661377,2021-11-12,-0.077576,16.290000915527344,2021-11-12,-0.009805,80.79000091552734,2021-11-12,-0.012225,64155.94140625,2021-11-12,-0.013375,4667.115234375,2021-11-12,0.001212,114.04299926757812,2021-11-12,0.022,2021-11-12,0.000215,0.000215,NASDAQ,0.3244,0.043,risk_on,elevated,up,flat,down,retrospective_derived,2026-08-31T03:54:07Z
2021-11-13,,,,,,,,,,,,,,,,,,,,,,0.004888,64469.52734375,2021-11-13,-0.003354,4651.46044921875,2021-11-13,,,,,2021-11-13,0.007592,0.007592,NASDAQ,0.3244,0.043,unknown,unknown,unknown,unknown,up,retrospective_derived,2026-08-31T03:54:07Z
2021-11-14,,,,,,,,,,,,,,,,,,,,,,0.01547,65466.83984375,2021-11-14,-0.005396,4626.35888671875,2021-11-14,,,,,2021-11-14,0.0,0.007592,NASDAQ,0.3136,0.0078,unknown,unknown,unknown,unknown,up,retrospective_derived,2026-08-31T03:54:07Z
2021-11-15,0.002943,95.41000366210938,2021-11-15,-0.000964,1866.0999755859373,2021-11-15,-0.000309,16187.75,2021-11-15,0.00016,4679.0,2021-11-15,0.025917,1.6230000257492063,2021-11-15,0.012277,16.489999771118164,2021-11-15,0.001114,80.87999725341797,2021-11-15,-0.029159,63557.87109375,2021-11-15,-0.014883,4557.50390625,2021-11-15,-0.000544,113.9810028076172,2021-11-15,,2021-11-15,0.0,0.007592,DXY,0.326,0.005,neutral,elevated,unknown,up,down,retrospective_derived,2026-08-31T03:54:07Z
2021-11-16,0.005345,95.91999816894533,2021-11-16,-0.006698,1853.5999755859373,2021-11-16,0.006981,16300.75,2021-11-16,0.003633,4696.0,2021-11-16,0.006778,1.633999943733215,2021-11-16,-0.007277,16.3700008392334,2021-11-16,-0.001484,80.76000213623047,2021-11-16,-0.053441,60161.24609375,2021-11-16,-0.074852,4216.365234375,2021-11-16,0.001325,114.13200378417967,2021-11-16,0.011,2021-11-16,0.00016,0.00016,DXY,0.4063,0.075,neutral,elevated,flat,up,down,retrospective_derived,2026-08-31T03:54:07Z
2021-11-17,-0.000938,95.83000183105467,2021-11-17,0.008686,1869.699951171875,2021-11-17,0.000659,16311.5,2021-11-17,-0.002076,4686.25,2021-11-17,-0.01836,1.6039999723434448,2021-11-17,0.045205,17.110000610351562,2021-11-17,-0.029718,78.36000061035156,2021-11-17,0.003437,60368.01171875,2021-11-17,0.016893,4287.59375,2021-11-17,0.006764,114.90399932861328,2021-11-17,-0.03,2021-11-17,0.003633,0.003633,DXY,0.2786,0.0072,neutral,elevated,down,flat,up,retrospective_derived,2026-08-31T03:54:07Z
2021-11-18,-0.003026,95.54000091552734,2021-11-18,-0.004653,1861.0,2021-11-18,0.010407,16481.25,2021-11-18,0.003254,4701.5,2021-11-18,-0.009352,1.5889999866485596,2021-11-18,0.028054,17.59000015258789,2021-11-18,0.008295,79.01000213623047,2021-11-18,-0.05675,56942.13671875,2021-11-18,-0.066924,4000.65087890625,2021-11-18,-0.006214,114.19000244140624,2021-11-18,-0.015,2021-11-18,-0.002076,-0.002076,DXY,0.3287,0.0197,neutral,elevated,flat,down,down,retrospective_derived,2026-08-31T03:54:07Z
2021-11-19,0.005547,96.06999969482422,2021-11-19,-0.005266,1851.199951171875,2021-11-19,0.005688,16575.0,2021-11-19,-0.001489,4694.5,2021-11-19,-0.033354,1.5360000133514404,2021-11-19,0.018192,17.90999984741211,2021-11-19,-0.036831,76.0999984741211,2021-11-19,0.020678,58119.578125,2021-11-19,0.074402,4298.306640625,2021-11-19,0.000806,114.28199768066406,2021-11-19,-0.053,2021-11-19,0.003254,0.003254,NASDAQ,0.2929,0.0112,neutral,elevated,down,up,up,retrospective_derived,2026-08-31T03:54:07Z
2021-11-20,,,,,,,,,,,,,,,,,,,,,,0.027144,59697.1953125,2021-11-20,0.025969,4409.93115234375,2021-11-20,,,,,2021-11-20,-0.001489,-0.001489,NASDAQ,0.2929,0.0112,unknown,unknown,unknown,unknown,up,retrospective_derived,2026-08-31T03:54:07Z
2021-11-21,,,,,,,,,,,,,,,,,,,,,,-0.016194,58730.4765625,2021-11-21,-0.031791,4269.73291015625,2021-11-21,,,,,2021-11-21,0.0,-0.001489,DXY,0.3151,0.0108,unknown,unknown,unknown,unknown,down,retrospective_derived,2026-08-31T03:54:07Z
2021-11-22,0.004476,96.5,2021-11-22,-0.024417,1806.0,2021-11-22,-0.011644,16382.0,2021-11-22,-0.003142,4679.75,2021-11-22,0.057943,1.625,2021-11-22,0.070352,19.170000076293945,2021-11-22,0.008541,76.75,2021-11-22,-0.041566,56289.2890625,2021-11-22,-0.042456,4088.457763671875,2021-11-22,-0.00126,114.13800048828124,2021-11-22,,2021-11-22,0.0,-0.001489,US10Y,0.3466,0.002,risk_off,elevated,unknown,up,down,retrospective_derived,2026-08-31T03:54:07Z
2021-11-23,-0.000104,96.48999786376952,2021-11-23,-0.012458,1783.5,2021-11-23,-0.004273,16312.0,2021-11-23,0.00187,4688.5,2021-11-23,0.025846,1.6670000553131104,2021-11-23,0.010955,19.3799991607666,2021-11-23,0.022801,78.5,2021-11-23,0.022736,57569.07421875,2021-11-23,0.061712,4340.763671875,2021-11-23,0.005712,114.79000091552734,2021-11-23,0.042,2021-11-23,-0.003142,-0.003142,US10Y,0.3396,0.024,neutral,elevated,up,flat,up,retrospective_derived,2026-08-31T03:54:07Z
2021-11-24,0.003627,96.83999633789062,2021-11-24,0.000336,1784.0999755859375,2021-11-24,0.00331,16366.0,2021-11-24,0.00224,4699.0,2021-11-24,-0.013197,1.6449999809265137,2021-11-24,-0.04128,18.57999992370605,2021-11-24,-0.001401,78.38999938964844,2021-11-24,-0.022384,56280.42578125,2021-11-24,-0.023218,4239.9814453125,2021-11-24,0.003058,115.14099884033205,2021-11-24,-0.022,2021-11-24,0.00187,0.00187,DXY,0.3546,0.0129,neutral,elevated,down,up,down,retrospective_derived,2026-08-31T03:54:07Z
2021-11-25,,,,,,,,,,,,,,,,,,,,,,0.017666,57274.6796875,2021-11-25,0.008199,4274.7431640625,2021-11-25,0.002319,115.40799713134766,2021-11-25,,2021-11-25,0.00224,0.00224,DXY,0.356,0.0365,unknown,unknown,unknown,unknown,up,retrospective_derived,2026-08-31T03:54:07Z
2021-11-26,-0.007745,96.08999633789062,2021-11-26,0.000673,1785.300048828125,2021-11-26,-0.019247,16051.0,2021-11-26,-0.021973,4595.75,2021-11-26,-0.099088,1.4819999933242798,2021-11-26,0.540366,28.6200008392334,2021-11-26,-0.130629,68.1500015258789,2021-11-26,-0.064687,53569.765625,2021-11-26,-0.057041,4030.908935546875,2021-11-26,-0.002937,115.06900024414062,2021-11-26,,2021-11-26,0.0,0.00224,WTI,0.6651,0.027,risk_off,stressed,unknown,down,down,retrospective_derived,2026-08-31T03:54:07Z
2021-11-27,,,,,,,,,,,,,,,,,,,,,,0.023247,54815.078125,2021-11-27,0.016374,4096.912109375,2021-11-27,,,,,2021-11-27,-0.021973,-0.021973,WTI,0.6651,0.027,unknown,unknown,unknown,unknown,up,retrospective_derived,2026-08-31T03:54:07Z
2021-11-28,,,,,,,,,,,,,,,,,,,,,,0.044393,57248.45703125,2021-11-28,0.048217,4294.45361328125,2021-11-28,,,,,2021-11-28,0.0,-0.021973,WTI,0.7161,0.0325,unknown,unknown,unknown,unknown,up,retrospective_derived,2026-08-31T03:54:07Z
2021-11-29,0.002602,96.33999633789062,2021-11-29,-0.00168,1782.300048828125,2021-11-29,0.021167,16390.75,2021-11-29,0.012022,4651.0,2021-11-29,0.032389,1.5299999713897705,2021-11-29,-0.197764,22.959999084472656,2021-11-29,0.026412,69.94999694824219,2021-11-29,0.009749,57806.56640625,2021-11-29,0.03508,4445.10498046875,2021-11-29,-0.011732,113.71900177001952,2021-11-29,,2021-11-29,0.0,-0.021973,WTI,0.7831,0.0271,risk_on,elevated,unknown,up,up,retrospective_derived,2026-08-31T03:54:07Z
2021-11-30,-0.003633,95.98999786376952,2021-11-30,-0.004881,1773.5999755859375,2021-11-30,-0.014658,16150.5,2021-11-30,-0.018222,4566.25,2021-11-30,-0.056863,1.4429999589920044,2021-11-30,0.184234,27.190000534057617,2021-11-30,-0.053896,66.18000030517578,2021-11-30,-0.013859,57005.42578125,2021-11-30,0.041928,4631.47900390625,2021-11-30,0.000747,113.8040008544922,2021-11-30,-0.087,2021-11-30,0.012022,0.012022,VIX,0.86,0.0077,risk_off,stressed,down,down,down,retrospective_derived,2026-08-31T03:54:07Z
2021-12-01,0.000625,96.0500030517578,2021-12-01,0.004511,1781.5999755859375,2021-12-01,-0.017383,15869.75,2021-12-01,-0.012647,4508.5,2021-12-01,-0.006237,1.434000015258789,2021-12-01,0.144538,31.1200008392334,2021-12-01,-0.009217,65.56999969482422,2021-12-01,0.003937,57229.828125,2021-12-01,-0.009606,4586.990234375,2021-12-01,-0.004437,113.29900360107422,2021-12-01,-0.009,2021-12-01,-0.018222,-0.018222,VIX,0.886,0.024,risk_off,stressed,flat,flat,up,retrospective_derived,2026-08-31T03:54:07Z
2021-12-02,0.000833,96.12999725341795,2021-12-02,-0.011731,1760.699951171875,2021-12-02,0.007483,15988.5,2021-12-02,0.014916,4575.75,2021-12-02,0.009763,1.4479999542236328,2021-12-02,-0.101864,27.950000762939453,2021-12-02,0.014183,66.5,2021-12-02,-0.01314,56477.81640625,2021-12-02,-0.016501,4511.30224609375,2021-12-02,-0.003681,112.88200378417967,2021-12-02,0.014,2021-12-02,-0.012647,-0.012647,VIX,0.9278,0.0292,risk_on,stressed,flat,flat,down,retrospective_derived,2026-08-31T03:54:07Z
2021-12-03,-0.000104,96.12000274658205,2021-12-03,0.012097,1782.0,2021-12-03,-0.016934,15717.75,2021-12-03,-0.008359,4537.5,2021-12-03,-0.072514,1.343000054359436,2021-12-03,0.097317,30.670000076293945,2021-12-03,-0.003609,66.26000213623047,2021-12-03,-0.050986,53598.24609375,2021-12-03,-0.064415,4220.7060546875,2021-12-03,0.00124,113.02200317382812,2021-12-03,-0.105,2021-12-03,0.014916,0.014916,VIX,0.9047,0.1171,risk_off,stressed,down,flat,down,retrospective_derived,2026-08-31T03:54:07Z
2021-12-04,,,,,,,,,,,,,,,,,,,,,,-0.082046,49200.703125,2021-12-04,-0.023958,4119.58740234375,2021-12-04,,,,,2021-12-04,-0.008359,-0.008359,VIX,0.9047,0.1171,unknown,unknown,unknown,unknown,down,retrospective_derived,2026-08-31T03:54:07Z
2021-12-05,,,,,,,,,,,,,,,,,,,,,,0.003418,49368.84765625,2021-12-05,0.019112,4198.32275390625,2021-12-05,,,,,2021-12-05,0.0,-0.008359,VIX,0.9709,0.1211,unknown,unknown,unknown,unknown,up,retrospective_derived,2026-08-31T03:54:07Z
2021-12-06,0.001769,96.29000091552734,2021-12-06,-0.002525,1777.5,2021-12-06,0.007953,15842.75,2021-12-06,0.01157,4590.0,2021-12-06,0.067759,1.434000015258789,2021-12-06,-0.113792,27.18000030517578,2021-12-06,0.048747,69.48999786376953,2021-12-06,0.024586,50582.625,2021-12-06,0.038209,4358.7373046875,2021-12-06,0.000177,113.04199981689452,2021-12-06,,2021-12-06,0.0,-0.008359,VIX,1.082,0.0797,risk_on,stressed,unknown,up,up,retrospective_derived,2026-08-31T03:54:07Z
2021-12-07,0.000831,96.37000274658205,2021-12-07,0.002869,1782.5999755859375,2021-12-07,0.029998,16318.0,2021-12-07,0.020697,4685.0,2021-12-07,0.032078,1.4800000190734863,2021-12-07,-0.194628,21.88999938964844,2021-12-07,0.03684,72.05000305175781,2021-12-07,0.002322,50700.0859375,2021-12-07,-0.01002,4315.0615234375,2021-12-07,0.00368,113.45800018310548,2021-12-07,0.046,2021-12-07,0.01157,0.01157,VIX,1.113,0.1217,risk_on,elevated,up,flat,up,retrospective_derived,2026-08-31T03:54:07Z
2021-12-08,-0.004981,95.88999938964844,2021-12-08,0.000449,1783.4000244140625,2021-12-08,0.00455,16392.25,2021-12-08,0.002988,4699.0,2021-12-08,0.019595,1.508999943733215,2021-12-08,-0.090909,19.899999618530277,2021-12-08,0.004303,72.36000061035156,2021-12-08,-0.003852,50504.796875,2021-12-08,0.028805,4439.35791015625,2021-12-08,0.000591,113.5250015258789,2021-12-08,0.029,2021-12-08,0.020697,0.020697,VIX,1.1412,0.1176,neutral,elevated,up,down,down,retrospective_derived,2026-08-31T03:54:07Z
2021-12-09,0.003963,96.2699966430664,2021-12-09,-0.004934,1774.5999755859375,2021-12-09,-0.014855,16148.75,2021-12-09,-0.00681,4667.0,2021-12-09,-0.014579,1.4869999885559082,2021-12-09,0.084422,21.57999992370605,2021-12-09,-0.019624,70.94000244140625,2021-12-09,-0.056087,47672.12109375,2021-12-09,-0.071979,4119.81591796875,2021-12-09,0.001401,113.68399810791016,2021-12-09,-0.022,2021-12-09,0.002988,0.002988,VIX,1.1963,0.1353,risk_off,elevated,down,up,down,retrospective_derived,2026-08-31T03:54:07Z
2021-12-10,-0.002285,96.0500030517578,2021-12-10,0.004677,1782.9000244140625,2021-12-10,0.011208,16329.75,2021-12-10,0.009428,4711.0,2021-12-10,0.001345,1.4889999628067017,2021-12-10,-0.13392,18.690000534057617,2021-12-10,0.01029,71.66999816894531,2021-12-10,-0.008995,47243.3046875,2021-12-10,-0.051294,3908.49609375,2021-12-10,-0.002076,113.447998046875,2021-12-10,0.002,2021-12-10,-0.00681,-0.00681,VIX,1.1287,0.134,risk_on,elevated,flat,down,down,retrospective_derived,2026-08-31T03:54:07Z
2021-12-11,,,,,,,,,,,,,,,,,,,,,,0.044857,49362.5078125,2021-12-11,0.045019,4084.452392578125,2021-12-11,,,,,2021-12-11,0.009428,0.009428,VIX,1.1287,0.134,unknown,unknown,unknown,unknown,up,retrospective_derived,2026-08-31T03:54:07Z
2021-12-12,,,,,,,,,,,,,,,,,,,,,,0.014907,50098.3359375,2021-12-12,0.012242,4134.453125,2021-12-12,,,,,2021-12-12,0.0,0.009428,VIX,1.2315,0.1523,unknown,unknown,unknown,unknown,up,retrospective_derived,2026-08-31T03:54:07Z
2021-12-13,0.002811,96.31999969482422,2021-12-13,0.001907,1786.300048828125,2021-12-13,-0.015172,16082.0,2021-12-13,-0.008968,4668.75,2021-12-13,-0.043653,1.4240000247955322,2021-12-13,0.086677,20.309999465942383,2021-12-13,-0.005302,71.29000091552734,2021-12-13,-0.067085,46737.48046875,2021-12-13,-0.084709,3784.226806640625,2021-12-13,0.000467,113.5009994506836,2021-12-13,,2021-12-13,0.0,0.009428,VIX,1.2907,0.2433,risk_off,elevated,unknown,up,down,retrospective_derived,2026-08-31T03:54:07Z
2021-12-14,0.002596,96.56999969482422,2021-12-14,-0.008901,1770.4000244140625,2021-12-14,-0.009778,15924.75,2021-12-14,-0.006801,4637.0,2021-12-14,0.009831,1.437999963760376,2021-12-14,0.077794,21.88999938964844,2021-12-14,-0.007855,70.7300033569336,2021-12-14,-0.002671,46612.6328125,2021-12-14,-0.010249,3745.4404296875,2021-12-14,0.00067,113.5770034790039,2021-12-14,0.014,2021-12-14,-0.008968,-0.008968,VIX,1.2969,0.2492,risk_off,elevated,flat,up,down,retrospective_derived,2026-08-31T03:54:07Z
2021-12-15,-0.000621,96.51000213623048,2021-12-15,-0.004406,1762.5999755859375,2021-12-15,0.02281,16288.0,2021-12-15,0.015635,4709.5,2021-12-15,0.017385,1.4630000591278076,2021-12-15,-0.118776,19.290000915527344,2021-12-15,0.001979,70.87000274658203,2021-12-15,0.049002,48896.72265625,2021-12-15,0.072875,4018.388671875,2021-12-15,0.001461,113.74299621582033,2021-12-15,0.025,2021-12-15,-0.006801,-0.006801,VIX,1.2633,0.1967,risk_on,elevated,up,flat,up,retrospective_derived,2026-08-31T03:54:07Z
2021-12-16,-0.00487,96.04000091552734,2021-12-16,0.01929,1796.5999755859375,2021-12-16,-0.025632,15870.5,2021-12-16,-0.008653,4668.75,2021-12-16,-0.028025,1.4220000505447388,2021-12-16,0.066356,20.56999969482422,2021-12-16,0.021307,72.37999725341797,2021-12-16,-0.025182,47665.42578125,2021-12-16,-0.013916,3962.4697265625,2021-12-16,0.003455,114.13600158691406,2021-12-16,-0.041,2021-12-16,0.015635,0.015635,NASDAQ,1.021,0.0725,risk_off,elevated,down,down,down,retrospective_derived,2026-08-31T03:54:07Z
2021-12-17,0.005519,96.56999969482422,2021-12-17,0.004008,1803.800048828125,2021-12-17,-0.009652,15717.3203125,2021-12-17,-0.006916,4636.4599609375,2021-12-17,-0.014065,1.4019999504089355,2021-12-17,0.048614,21.56999969482422,2021-12-17,-0.021,70.86000061035156,2021-12-17,-0.030699,46202.14453125,2021-12-17,-0.020942,3879.486572265625,2021-12-17,-0.004144,113.66300201416016,2021-12-17,-0.02,2021-12-17,-0.008653,-0.008653,NASDAQ,0.9773,0.073,risk_off,elevated,flat,up,down,retrospective_derived,2026-08-31T03:54:07Z
2021-12-18,,,,,,,,,,,,,,,,,,,,,,0.013996,46848.77734375,2021-12-18,0.020975,3960.860107421875,2021-12-18,,,,,2021-12-18,-0.006916,-0.006916,NASDAQ,0.9773,0.073,unknown,unknown,unknown,unknown,up,retrospective_derived,2026-08-31T03:54:07Z
2021-12-19,,,,,,,,,,,,,,,,,,,,,,-0.003026,46707.015625,2021-12-19,-0.009661,3922.592529296875,2021-12-19,,,,,2021-12-19,0.0,-0.006916,NASDAQ,0.8971,0.0339,unknown,unknown,unknown,unknown,down,retrospective_derived,2026-08-31T03:54:07Z
2021-12-20,-0.000207,96.5500030517578,2021-12-20,-0.005599,1793.699951171875,2021-12-20,-0.006112,15621.25,2021-12-20,-0.016815,4558.5,2021-12-20,0.012126,1.4190000295639038,2021-12-20,0.060269,22.8700008392334,2021-12-20,-0.037115,68.2300033569336,2021-12-20,0.00371,46880.27734375,2021-12-20,0.002868,3933.844482421875,2021-12-20,-0.001276,113.51799774169922,2021-12-20,,2021-12-20,0.0,-0.006916,NASDAQ,0.8908,0.0416,risk_off,elevated,unknown,flat,up,retrospective_derived,2026-08-31T03:54:07Z
2021-12-21,-0.000621,96.48999786376952,2021-12-21,-0.003233,1787.9000244140625,2021-12-21,0.022966,15980.0,2021-12-21,0.018043,4640.75,2021-12-21,0.047921,1.4869999885559082,2021-12-21,-0.081329,21.01000022888184,2021-12-21,0.042357,71.12000274658203,2021-12-21,0.043864,48936.61328125,2021-12-21,0.021967,4020.260009765625,2021-12-21,0.001269,113.66200256347656,2021-12-21,0.068,2021-12-21,-0.016815,-0.016815,NASDAQ,0.9402,0.0355,risk_on,elevated,up,flat,up,retrospective_derived,2026-08-31T03:54:07Z
2021-12-22,-0.004249,96.08000183105467,2021-12-22,0.007663,1801.5999755859373,2021-12-22,0.011874,16169.75,2021-12-22,0.009751,4686.0,2021-12-22,-0.020175,1.4570000171661377,2021-12-22,-0.113279,18.6299991607666,2021-12-22,0.02306,72.76000213623047,2021-12-22,-0.006296,48628.51171875,2021-12-22,-0.009492,3982.099609375,2021-12-22,0.002921,113.99400329589844,2021-12-22,-0.03,2021-12-22,0.018043,0.018043,NASDAQ,0.9735,0.0673,risk_on,elevated,down,down,down,retrospective_derived,2026-08-31T03:54:07Z
2021-12-23,-0.000625,96.0199966430664,2021-12-23,0.005329,1811.199951171875,2021-12-23,0.007993,16299.0,2021-12-23,0.006349,4715.75,2021-12-23,0.024708,1.493000030517578,2021-12-23,-0.035964,17.959999084472656,2021-12-23,0.014156,73.79000091552734,2021-12-23,0.044337,50784.5390625,2021-12-23,0.031621,4108.015625,2021-12-23,0.001114,114.12100219726562,2021-12-23,0.036,2021-12-23,0.009751,0.009751,NASDAQ,0.8981,0.0307,risk_on,elevated,up,flat,up,retrospective_derived,2026-08-31T03:54:07Z
2021-12-24,,,,,,,,,,,,,,,,,,,,,,0.000741,50822.1953125,2021-12-24,-0.014614,4047.98291015625,2021-12-24,0.002953,114.45800018310548,2021-12-24,,2021-12-24,0.006349,0.006349,NASDAQ,0.8981,0.0307,unknown,unknown,unknown,unknown,flat,retrospective_derived,2026-08-31T03:54:07Z
2021-12-25,,,,,,,,,,,,,,,,,,,,,,-0.00772,50429.859375,2021-12-25,0.01119,4093.281005859375,2021-12-25,,,,,2021-12-25,0.0,0.006349,NASDAQ,0.8981,0.0307,unknown,unknown,unknown,unknown,down,retrospective_derived,2026-08-31T03:54:07Z
2021-12-26,,,,,,,,,,,,,,,,,,,,,,0.007528,50809.515625,2021-12-26,-0.00634,4067.328125,2021-12-26,,,,,2021-12-26,0.0,0.006349,NASDAQ,0.9546,0.0868,unknown,unknown,unknown,unknown,up,retrospective_derived,2026-08-31T03:54:07Z
2021-12-27,0.000729,96.08999633789062,2021-12-27,-0.001712,1808.0999755859373,2021-12-27,0.016013,16560.0,2021-12-27,0.014102,4782.25,2021-12-27,-0.008038,1.4809999465942385,2021-12-27,-0.01559,17.68000030517578,2021-12-27,0.024122,75.56999969482422,2021-12-27,-0.003328,50640.41796875,2021-12-27,-0.007322,4037.547607421875,2021-12-27,-0.001092,114.33300018310548,2021-12-27,,2021-12-27,0.0,0.006349,NASDAQ,0.8442,0.0867,neutral,elevated,unknown,flat,down,retrospective_derived,2026-08-31T03:54:07Z
2021-12-28,0.001145,96.1999969482422,2021-12-28,0.001161,1810.199951171875,2021-12-28,-0.004348,16488.0,2021-12-28,-0.000784,4778.5,2021-12-28,0.0,1.4809999465942385,2021-12-28,-0.007919,17.540000915527344,2021-12-28,0.005425,75.9800033569336,2021-12-28,-0.060259,47588.85546875,2021-12-28,-0.058613,3800.89306640625,2021-12-28,0.004015,114.79199981689452,2021-12-28,0.0,2021-12-28,0.014102,0.014102,NASDAQ,0.8536,0.1051,neutral,elevated,flat,flat,down,retrospective_derived,2026-08-31T03:54:07Z
2021-12-29,-0.002807,95.93000030517578,2021-12-29,-0.002817,1805.0999755859373,2021-12-29,0.000152,16490.5,2021-12-29,0.001256,4784.5,2021-12-29,0.041864,1.5429999828338623,2021-12-29,-0.033637,16.950000762939453,2021-12-29,0.007634,76.55999755859375,2021-12-29,-0.024042,46444.7109375,2021-12-29,-0.045348,3628.53173828125,2021-12-29,-0.000165,114.77300262451172,2021-12-29,0.062,2021-12-29,-0.000784,-0.000784,NASDAQ,0.7373,0.0461,neutral,elevated,up,down,down,retrospective_derived,2026-08-31T03:54:07Z
2021-12-30,0.000417,95.97000122070312,2021-12-30,0.00421,1812.699951171875,2021-12-30,-0.003654,16430.25,2021-12-30,-0.00256,4772.25,2021-12-30,-0.018146,1.5149999856948853,2021-12-30,0.022419,17.329999923706055,2021-12-30,0.005617,76.98999786376953,2021-12-30,0.015791,47178.125,2021-12-30,0.023514,3713.85205078125,2021-12-30,0.001525,114.947998046875,2021-12-30,-0.028,2021-12-30,0.001256,0.001256,NASDAQ,0.7101,0.0361,neutral,elevated,down,flat,up,retrospective_derived,2026-08-31T03:54:07Z
2021-12-31,-0.003126,95.66999816894533,2021-12-31,0.008165,1827.5,2021-12-31,-0.006665,16320.75,2021-12-31,-0.002881,4758.5,2021-12-31,-0.00198,1.5119999647140503,2021-12-31,-0.006347,17.219999313354492,2021-12-31,-0.02312,75.20999908447266,2021-12-31,-0.018476,46306.4453125,2021-12-31,-0.008406,3682.6328125,2021-12-31,0.001001,115.06300354003906,2021-12-31,-0.003,2021-12-31,-0.00256,-0.00256,NASDAQ,0.6774,0.0419,neutral,elevated,flat,down,down,retrospective_derived,2026-08-31T03:54:07Z
2022-01-01,,,,,,,,,,,,,,,,,,,,,,0.029809,47686.8125,2022-01-01,0.023642,3769.697021484375,2022-01-01,,,,,2022-01-01,-0.002881,-0.002881,NASDAQ,0.6721,0.0441,unknown,unknown,unknown,unknown,up,retrospective_derived,2026-08-31T03:54:07Z
2022-01-02,,,,,,,,,,,,,,,,,,,,,,-0.007163,47345.21875,2022-01-02,0.015881,3829.56494140625,2022-01-02,,,,,2022-01-02,0.0,-0.002881,NASDAQ,0.6177,0.0291,unknown,unknown,unknown,unknown,down,retrospective_derived,2026-08-31T03:54:07Z
2022-01-03,0.005958,96.23999786376952,2022-01-03,-0.015376,1799.4000244140625,2022-01-03,0.010095,16485.5,2022-01-03,0.005779,4786.0,2022-01-03,0.07672,1.628000020980835,2022-01-03,-0.036005,16.600000381469727,2022-01-03,0.011568,76.08000183105469,2022-01-03,-0.018737,46458.1171875,2022-01-03,-0.017805,3761.38037109375,2022-01-03,0.000687,115.14199829101562,2022-01-03,,2022-01-03,0.0,-0.002881,NASDAQ,0.6485,0.072,risk_on,elevated,unknown,up,down,retrospective_derived,2026-08-31T03:54:07Z
2022-01-04,0.00052,96.29000091552734,2022-01-04,0.008114,1814.0,2022-01-04,-0.012723,16275.75,2022-01-04,-0.000366,4784.25,2022-01-04,0.02457,1.6679999828338623,2022-01-04,0.018675,16.90999984741211,2022-01-04,0.011961,76.98999786376953,2022-01-04,-0.012066,45897.57421875,2022-01-04,0.008687,3794.056640625,2022-01-04,0.001615,115.3280029296875,2022-01-04,0.04,2022-01-04,0.005779,0.005779,NASDAQ,0.5527,0.0965,neutral,elevated,up,flat,down,retrospective_derived,2026-08-31T03:54:07Z
2022-01-05,-0.001039,96.19000244140624,2022-01-05,0.005843,1824.5999755859373,2022-01-05,-0.031289,15766.5,2022-01-05,-0.019178,4692.5,2022-01-05,0.022182,1.7050000429153442,2022-01-05,0.166765,19.729999542236328,2022-01-05,0.01117,77.8499984741211,2022-01-05,-0.050734,43569.00390625,2022-01-05,-0.064224,3550.386962890625,2022-01-05,0.007336,116.17400360107422,2022-01-05,0.037,2022-01-05,-0.000366,-0.000366,NASDAQ,0.5771,0.0644,risk_off,elevated,up,flat,down,retrospective_derived,2026-08-31T03:54:07Z
2022-01-06,0.000624,96.25,2022-01-06,-0.019676,1788.699951171875,2022-01-06,-0.000476,15759.0,2022-01-06,-0.001066,4687.5,2022-01-06,0.016422,1.7330000400543213,2022-01-06,-0.006082,19.61000061035156,2022-01-06,0.020681,79.45999908447266,2022-01-06,-0.009366,43160.9296875,2022-01-06,-0.037173,3418.408203125,2022-01-06,-0.000396,116.12799835205078,2022-01-06,0.028,2022-01-06,-0.019178,-0.019178,NASDAQ,0.5476,0.0707,neutral,elevated,up,flat,down,retrospective_derived,2026-08-31T03:54:07Z
2022-01-07,-0.005299,95.73999786376952,2022-01-07,0.00464,1797.0,2022-01-07,-0.011295,15581.0,2022-01-07,-0.004213,4667.75,2022-01-07,0.021927,1.7710000276565552,2022-01-07,-0.043345,18.76000022888184,2022-01-07,-0.007048,78.9000015258789,2022-01-07,-0.037141,41557.90234375,2022-01-07,-0.065878,3193.21044921875,2022-01-07,-0.002265,115.86499786376952,2022-01-07,0.038,2022-01-07,-0.001066,-0.001066,NASDAQ,0.5425,0.0831,mixed,elevated,up,down,down,retrospective_derived,2026-08-31T03:54:07Z
2022-01-08,,,,,,,,,,,,,,,,,,,,,,0.004236,41733.94140625,2022-01-08,-0.031704,3091.97265625,2022-01-08,,,,,2022-01-08,-0.004213,-0.004213,NASDAQ,0.5412,0.0814,unknown,unknown,unknown,unknown,up,retrospective_derived,2026-08-31T03:54:07Z
2022-01-09,,,,,,,,,,,,,,,,,,,,,,0.004257,41911.6015625,2022-01-09,0.021274,3157.75146484375,2022-01-09,,,,,2022-01-09,0.0,-0.004213,NASDAQ,0.5946,0.1157,unknown,unknown,unknown,unknown,up,retrospective_derived,2026-08-31T03:54:07Z
2022-01-10,0.002611,95.98999786376952,2022-01-10,0.000779,1798.4000244140625,2022-01-10,0.001733,15608.0,2022-01-10,-0.001178,4662.25,2022-01-10,0.005082,1.7799999713897705,2022-01-10,0.034115,19.399999618530277,2022-01-10,-0.008492,78.2300033569336,2022-01-10,-0.002155,41821.26171875,2022-01-10,-0.023641,3083.097900390625,2022-01-10,-0.002132,115.61799621582033,2022-01-10,,2022-01-10,0.0,-0.004213,NASDAQ,0.4585,0.1093,neutral,elevated,unknown,up,down,retrospective_derived,2026-08-31T03:54:07Z
2022-01-11,-0.003855,95.62000274658205,2022-01-11,0.011232,1818.5999755859373,2022-01-11,0.014288,15831.0,2022-01-11,0.009169,4705.0,2022-01-11,-0.019101,1.746000051498413,2022-01-11,-0.051031,18.40999984741211,2022-01-11,0.038221,81.22000122070312,2022-01-11,0.021869,42735.85546875,2022-01-11,0.050279,3238.111572265625,2022-01-11,-0.002941,115.27799987792967,2022-01-11,-0.034,2022-01-11,-0.001178,-0.001178,NASDAQ,0.4951,0.1267,risk_on,elevated,down,down,up,retrospective_derived,2026-08-31T03:54:07Z
2022-01-12,-0.006484,95.0,2022-01-12,0.004729,1827.199951171875,2022-01-12,0.003553,15887.25,2022-01-12,0.002391,4716.25,2022-01-12,-0.012028,1.725000023841858,2022-01-12,-0.042911,17.6200008392334,2022-01-12,0.017483,82.63999938964844,2022-01-12,0.028389,43949.1015625,2022-01-12,0.041427,3372.25830078125,2022-01-12,0.00046,115.33100128173828,2022-01-12,-0.021,2022-01-12,0.009169,0.009169,NASDAQ,0.4725,0.0702,neutral,elevated,down,down,up,retrospective_derived,2026-08-31T03:54:07Z
2022-01-13,-0.002211,94.79000091552734,2022-01-13,-0.003284,1821.199951171875,2022-01-13,-0.024989,15490.25,2022-01-13,-0.013623,4652.0,2022-01-13,-0.008116,1.7109999656677246,2022-01-13,0.152667,20.309999465942383,2022-01-13,-0.006292,82.12000274658203,2022-01-13,-0.030889,42591.5703125,2022-01-13,-0.036762,3248.28857421875,2022-01-13,-0.005688,114.6750030517578,2022-01-13,-0.014,2022-01-13,0.002391,0.002391,NASDAQ,0.4708,0.0635,risk_off,elevated,flat,down,down,retrospective_derived,2026-08-31T03:54:07Z
2022-01-14,0.004009,95.16999816894533,2022-01-14,-0.002581,1816.5,2022-01-14,0.006811,15595.75,2022-01-14,0.000591,4654.75,2022-01-14,0.035652,1.7719999551773071,2022-01-14,-0.055145,19.190000534057617,2022-01-14,0.020701,83.81999969482422,2022-01-14,0.01193,43099.69921875,2022-01-14,0.018999,3310.00146484375,2022-01-14,-0.004857,114.11799621582033,2022-01-14,0.061,2022-01-14,-0.013623,-0.013623,NASDAQ,0.4774,0.0719,neutral,elevated,up,up,up,retrospective_derived,2026-08-31T03:54:07Z
2022-01-15,,,,,,,,,,,,,,,,,,,,,,0.001803,43177.3984375,2022-01-15,0.006202,3330.53076171875,2022-01-15,,,,,2022-01-15,0.000591,0.000591,NASDAQ,0.4729,0.0623,unknown,unknown,unknown,unknown,up,retrospective_derived,2026-08-31T03:54:07Z
2022-01-16,,,,,,,,,,,,,,,,,,,,,,-0.001471,43113.87890625,2022-01-16,0.006122,3350.921875,2022-01-16,,,,,2022-01-16,0.0,0.000591,NASDAQ,0.4602,0.0407,unknown,unknown,unknown,unknown,flat,retrospective_derived,2026-08-31T03:54:07Z
2022-01-17,,,,,,,,,,,,,,,,,,,,,,-0.020024,42250.55078125,2022-01-17,-0.041367,3212.304931640625,2022-01-17,0.001647,114.30599975585938,2022-01-17,,2022-01-17,0.0,0.000591,NASDAQ,0.4968,0.0777,unknown,unknown,unknown,unknown,down,retrospective_derived,2026-08-31T03:54:07Z
2022-01-18,0.005884,95.7300033569336,2022-01-18,-0.002312,1812.300048828125,2022-01-18,-0.024991,15206.0,2022-01-18,-0.017939,4571.25,2022-01-18,0.052483,1.8650000095367432,2022-01-18,0.187598,22.790000915527344,2022-01-18,0.019208,85.43000030517578,2022-01-18,0.00296,42375.6328125,2022-01-18,-0.01503,3164.025146484375,2022-01-18,0.002318,114.5709991455078,2022-01-18,,2022-01-18,0.0,0.000591,NASDAQ,0.542,0.136,risk_off,elevated,unknown,up,up,retrospective_derived,2026-08-31T03:54:07Z
2022-01-19,-0.002298,95.51000213623048,2022-01-19,0.016995,1843.0999755859373,2022-01-19,-0.011344,15033.5,2022-01-19,-0.010282,4524.25,2022-01-19,-0.020375,1.8270000219345093,2022-01-19,0.046512,23.850000381469727,2022-01-19,0.017909,86.95999908447266,2022-01-19,-0.014898,41744.328125,2022-01-19,-0.021555,3095.825927734375,2022-01-19,-0.000148,114.5540008544922,2022-01-19,-0.038,2022-01-19,-0.017939,-0.017939,NASDAQ,0.5641,0.1439,risk_off,elevated,down,down,down,retrospective_derived,2026-08-31T03:54:07Z
2022-01-20,0.002408,95.73999786376952,2022-01-20,-0.000326,1842.5,2022-01-20,-0.012805,14841.0,2022-01-20,-0.010941,4474.75,2022-01-20,0.003284,1.8329999446868896,2022-01-20,0.072956,25.59000015258789,2022-01-20,-0.00069,86.9000015258789,2022-01-20,-0.025486,40680.41796875,2022-01-20,-0.030591,3001.1201171875,2022-01-20,-0.001807,114.34700012207033,2022-01-20,0.006,2022-01-20,-0.010282,-0.010282,NASDAQ,0.5923,0.1203,risk_off,stressed,flat,up,down,retrospective_derived,2026-08-31T03:54:07Z
2022-01-21,-0.001044,95.63999938964844,2022-01-21,-0.005807,1831.800048828125,2022-01-21,-0.027929,14426.5,2022-01-21,-0.01894,4390.0,2022-01-21,-0.046918,1.746999979019165,2022-01-21,0.127394,28.850000381469727,2022-01-21,-0.020253,85.13999938964844,2022-01-21,-0.103812,36457.31640625,2022-01-21,-0.147674,2557.931640625,2022-01-21,-0.003096,113.99299621582033,2022-01-21,-0.086,2022-01-21,-0.010941,-0.010941,NASDAQ,0.6585,0.1108,risk_off,stressed,down,flat,down,retrospective_derived,2026-08-31T03:54:07Z
2022-01-22,,,,,,,,,,,,,,,,,,,,,,-0.039143,35030.25,2022-01-22,-0.059716,2405.18115234375,2022-01-22,,,,,2022-01-22,-0.01894,-0.01894,NASDAQ,0.6513,0.0818,unknown,unknown,unknown,unknown,down,retrospective_derived,2026-08-31T03:54:07Z
2022-01-23,,,,,,,,,,,,,,,,,,,,,,0.035585,36276.8046875,2022-01-23,0.053991,2535.0390625,2022-01-23,,,,,2022-01-23,0.0,-0.01894,NASDAQ,0.6825,0.0659,unknown,unknown,unknown,unknown,up,retrospective_derived,2026-08-31T03:54:07Z
2022-01-24,0.002928,95.91999816894533,2022-01-24,0.005404,1841.699951171875,2022-01-24,0.005164,14501.0,2022-01-24,0.003132,4403.75,2022-01-24,-0.006869,1.7350000143051147,2022-01-24,0.036395,29.899999618530277,2022-01-24,-0.021494,83.30999755859375,2022-01-24,0.010407,36654.328125,2022-01-24,-0.037351,2440.352294921875,2022-01-24,-0.001825,113.78500366210938,2022-01-24,,2022-01-24,0.0,-0.01894,NASDAQ,0.6293,0.0127,mixed,stressed,unknown,up,up,retrospective_derived,2026-08-31T03:54:07Z
2022-01-25,0.000313,95.9499969482422,2022-01-25,0.005973,1852.699951171875,2022-01-25,-0.024843,14140.75,2022-01-25,-0.012433,4349.0,2022-01-25,0.027666,1.7829999923706057,2022-01-25,0.04214,31.15999984741211,2022-01-25,0.027488,85.5999984741211,2022-01-25,0.008176,36954.00390625,2022-01-25,0.006385,2455.93505859375,2022-01-25,0.001986,114.01100158691406,2022-01-25,0.048,2022-01-25,0.003132,0.003132,ETH,0.5815,0.0605,risk_off,stressed,up,flat,up,retrospective_derived,2026-08-31T03:54:07Z
2022-01-26,0.005628,96.48999786376952,2022-01-26,-0.012306,1829.9000244140625,2022-01-26,0.001255,14158.5,2022-01-26,-0.001725,4341.5,2022-01-26,0.036455,1.8480000495910645,2022-01-26,0.025674,31.959999084472656,2022-01-26,0.020444,87.3499984741211,2022-01-26,-0.002757,36852.12109375,2022-01-26,0.004925,2468.0302734375,2022-01-26,-0.001193,113.875,2022-01-26,0.065,2022-01-26,-0.012433,-0.012433,ETH,0.5662,0.0296,neutral,stressed,up,up,down,retrospective_derived,2026-08-31T03:54:07Z
2022-01-27,0.00798,97.26000213623048,2022-01-27,-0.020001,1793.300048828125,2022-01-27,-0.012131,13986.75,2022-01-27,-0.00547,4317.75,2022-01-27,-0.022186,1.807000041007996,2022-01-27,-0.045995,30.489999771118164,2022-01-27,-0.008472,86.61000061035156,2022-01-27,0.007764,37138.234375,2022-01-27,-0.018245,2423.001220703125,2022-01-27,0.007429,114.72100067138672,2022-01-27,-0.041,2022-01-27,-0.001725,-0.001725,ETH,0.5539,0.01,mixed,stressed,down,up,up,retrospective_derived,2026-08-31T03:54:07Z
2022-01-28,0.000103,97.2699966430664,2022-01-28,-0.004684,1784.9000244140625,2022-01-28,0.031905,14433.0,2022-01-28,0.024434,4423.25,2022-01-28,-0.013835,1.781999945640564,2022-01-28,-0.092817,27.65999984741211,2022-01-28,0.002425,86.81999969482422,2022-01-28,0.017397,37784.33203125,2022-01-28,0.051214,2547.092041015625,2022-01-28,0.0055,115.35199737548828,2022-01-28,-0.025,2022-01-28,-0.00547,-0.00547,ETH,0.5813,0.0238,risk_on,stressed,down,flat,up,retrospective_derived,2026-08-31T03:54:07Z
2022-01-29,,,,,,,,,,,,,,,,,,,,,,0.009365,38138.1796875,2022-01-29,0.019627,2597.084716796875,2022-01-29,,,,,2022-01-29,0.024434,0.024434,ETH,0.5937,0.0395,unknown,unknown,unknown,unknown,up,retrospective_derived,2026-08-31T03:54:07Z
2022-01-30,,,,,,,,,,,,,,,,,,,,,,-0.005784,37917.6015625,2022-01-30,0.002457,2603.466552734375,2022-01-30,,,,,2022-01-30,0.0,0.024434,NASDAQ,0.6067,0.008,unknown,unknown,unknown,unknown,down,retrospective_derived,2026-08-31T03:54:07Z
2022-01-31,-0.007505,96.54000091552734,2022-01-31,0.005659,1795.0,2022-01-31,0.032703,14905.0,2022-01-31,0.018312,4504.25,2022-01-31,0.0,1.781999945640564,2022-01-31,-0.102314,24.82999992370605,2022-01-31,0.015319,88.1500015258789,2022-01-31,0.014915,38483.125,2022-01-31,0.032577,2688.27880859375,2022-01-31,-0.00078,115.26200103759766,2022-01-31,,2022-01-31,0.0,0.024434,NASDAQ,0.6506,0.0221,risk_on,stressed,unknown,down,up,retrospective_derived,2026-08-31T03:54:07Z
2022-02-01,-0.001554,96.38999938964844,2022-02-01,0.002953,1800.300048828125,2022-02-01,0.006021,14994.75,2022-02-01,0.006827,4535.0,2022-02-01,0.010101,1.7999999523162842,2022-02-01,-0.115586,21.959999084472656,2022-02-01,0.000567,88.19999694824219,2022-02-01,0.00676,38743.2734375,2022-02-01,0.038626,2792.1171875,2022-02-01,-0.001223,115.12100219726562,2022-02-01,0.018,2022-02-01,0.018312,0.018312,NASDAQ,0.654,0.0142,risk_on,elevated,flat,down,up,retrospective_derived,2026-08-31T03:54:07Z
2022-02-02,-0.004669,95.94000244140624,2022-02-02,0.004944,1809.199951171875,2022-02-02,0.007986,15114.5,2022-02-02,0.009316,4577.25,2022-02-02,-0.018889,1.7660000324249268,2022-02-02,0.00592,22.09000015258789,2022-02-02,0.00068,88.26000213623047,2022-02-02,-0.046209,36952.984375,2022-02-02,-0.039133,2682.85400390625,2022-02-02,-0.003344,114.73600006103516,2022-02-02,-0.034,2022-02-02,0.006827,0.006827,SPX,0.5923,0.019,neutral,elevated,down,down,down,retrospective_derived,2026-08-31T03:54:07Z
2022-02-03,-0.005837,95.37999725341795,2022-02-03,-0.003427,1803.0,2022-02-03,-0.041169,14492.25,2022-02-03,-0.02365,4469.0,2022-02-03,0.034541,1.8270000219345093,2022-02-03,0.102309,24.350000381469727,2022-02-03,0.022774,90.2699966430664,2022-02-03,0.005456,37154.6015625,2022-02-03,-0.001376,2679.16259765625,2022-02-03,-0.003085,114.38200378417967,2022-02-03,0.061,2022-02-03,0.009316,0.009316,SPX,0.6811,0.0284,risk_off,stressed,up,down,up,retrospective_derived,2026-08-31T03:54:07Z
2022-02-04,0.001049,95.4800033569336,2022-02-04,0.001997,1806.5999755859373,2022-02-04,0.013335,14685.5,2022-02-04,0.005258,4492.5,2022-02-04,0.056377,1.9299999475479128,2022-02-04,-0.046407,23.21999931335449,2022-02-04,0.022599,92.30999755859376,2022-02-04,0.116978,41500.875,2022-02-04,0.113627,2983.5869140625,2022-02-04,0.005027,114.95700073242188,2022-02-04,0.103,2022-02-04,-0.02365,-0.02365,SPX,0.6329,0.0068,risk_on,elevated,up,flat,up,retrospective_derived,2026-08-31T03:54:07Z
2022-02-05,,,,,,,,,,,,,,,,,,,,,,-0.001439,41441.1640625,2022-02-05,0.010411,3014.648193359375,2022-02-05,,,,,2022-02-05,0.005258,0.005258,SPX,0.6271,0.0052,unknown,unknown,unknown,unknown,flat,retrospective_derived,2026-08-31T03:54:07Z
2022-02-06,,,,,,,,,,,,,,,,,,,,,,0.023437,42412.43359375,2022-02-06,0.014207,3057.47607421875,2022-02-06,,,,,2022-02-06,0.0,0.005258,SPX,0.6271,0.0052,unknown,unknown,unknown,unknown,up,retrospective_derived,2026-08-31T03:54:07Z
2022-02-07,-0.000838,95.4000015258789,2022-02-07,0.007749,1820.5999755859373,2022-02-07,-0.008563,14559.75,2022-02-07,-0.003728,4475.75,2022-02-07,-0.007254,1.9160000085830688,2022-02-07,-0.015504,22.86000061035156,2022-02-07,-0.010725,91.31999969482422,2022-02-07,0.033666,43840.28515625,2022-02-07,0.027799,3142.470703125,2022-02-07,0.002323,115.2239990234375,2022-02-07,,2022-02-07,0.0,0.005258,ETH,0.6115,0.0778,neutral,elevated,unknown,flat,up,retrospective_derived,2026-08-31T03:54:07Z
2022-02-08,0.002516,95.63999938964844,2022-02-08,0.003296,1826.5999755859373,2022-02-08,0.012002,14734.5,2022-02-08,0.008211,4512.5,2022-02-08,0.019833,1.9539999961853027,2022-02-08,-0.062117,21.440000534057617,2022-02-08,-0.021463,89.36000061035156,2022-02-08,0.006345,44118.4453125,2022-02-08,-0.006321,3122.608642578125,2022-02-08,-0.001397,115.06300354003906,2022-02-08,0.038,2022-02-08,-0.003728,-0.003728,ETH,0.6058,0.0594,risk_on,elevated,up,up,up,retrospective_derived,2026-08-31T03:54:07Z
2022-02-09,-0.001568,95.48999786376952,2022-02-09,0.004708,1835.199951171875,2022-02-09,0.020615,15038.25,2022-02-09,0.01446,4577.75,2022-02-09,-0.012794,1.9290000200271609,2022-02-09,-0.06903,19.959999084472656,2022-02-09,0.003357,89.66000366210938,2022-02-09,0.004995,44338.796875,2022-02-09,0.03742,3239.45703125,2022-02-09,0.004067,115.53099822998048,2022-02-09,-0.025,2022-02-09,0.008211,0.008211,ETH,0.6051,0.0349,risk_on,elevated,down,down,up,retrospective_derived,2026-08-31T03:54:07Z
2022-02-10,0.000628,95.5500030517578,2022-02-10,0.000545,1836.199951171875,2022-02-10,-0.022426,14701.0,2022-02-10,-0.01753,4497.5,2022-02-10,0.052877,2.0309998989105225,2022-02-10,0.197896,23.90999984741211,2022-02-10,0.002454,89.87999725341797,2022-02-10,-0.017449,43565.11328125,2022-02-10,-0.050001,3077.482177734375,2022-02-10,0.000615,115.60199737548828,2022-02-10,0.102,2022-02-10,0.01446,0.01446,NASDAQ,0.568,0.0042,risk_off,elevated,up,flat,down,retrospective_derived,2026-08-31T03:54:07Z
2022-02-11,0.005547,96.08000183105467,2022-02-11,0.002505,1840.800048828125,2022-02-11,-0.031324,14240.5,2022-02-11,-0.019566,4409.5,2022-02-11,-0.03742,1.955000042915344,2022-02-11,0.144291,27.36000061035156,2022-02-11,0.035826,93.0999984741211,2022-02-11,-0.026562,42407.9375,2022-02-11,-0.048773,2927.383544921875,2022-02-11,0.003849,116.0469970703125,2022-02-11,-0.076,2022-02-11,-0.01753,-0.01753,NASDAQ,0.6042,0.0059,risk_off,stressed,down,up,down,retrospective_derived,2026-08-31T03:54:07Z
2022-02-12,,,,,,,,,,,,,,,,,,,,,,-0.003855,42244.46875,2022-02-12,-0.003423,2917.36279296875,2022-02-12,,,,,2022-02-12,-0.019566,-0.019566,NASDAQ,0.6009,0.0029,unknown,unknown,unknown,unknown,down,retrospective_derived,2026-08-31T03:54:07Z
2022-02-13,,,,,,,,,,,,,,,,,,,,,,-0.001111,42197.515625,2022-02-13,-0.01162,2883.46337890625,2022-02-13,,,,,2022-02-13,0.0,-0.019566,NASDAQ,0.6463,0.0027,unknown,unknown,unknown,unknown,flat,retrospective_derived,2026-08-31T03:54:07Z
2022-02-14,0.003018,96.37000274658205,2022-02-14,0.014776,1868.0,2022-02-14,0.000878,14253.0,2022-02-14,-0.003515,4394.0,2022-02-14,0.020972,1.996000051498413,2022-02-14,0.035453,28.32999992370605,2022-02-14,0.025349,95.45999908447266,2022-02-14,0.009228,42586.91796875,2022-02-14,0.017346,2933.47900390625,2022-02-14,-0.00399,115.58399963378906,2022-02-14,,2022-02-14,0.0,-0.019566,SPX,0.6126,0.0249,risk_off,stressed,unknown,up,up,retrospective_derived,2026-08-31T03:54:07Z
2022-02-15,-0.003943,95.98999786376952,2022-02-15,-0.007066,1854.800048828125,2022-02-15,0.025012,14609.5,2022-02-15,0.016045,4464.5,2022-02-15,0.024549,2.0450000762939453,2022-02-15,-0.092834,25.700000762939453,2022-02-15,-0.035512,92.06999969482422,2022-02-15,0.046688,44575.203125,2022-02-15,0.083995,3179.877197265625,2022-02-15,-0.000415,115.53600311279295,2022-02-15,0.049,2022-02-15,-0.003515,-0.003515,NASDAQ,0.6598,0.0009,risk_on,stressed,up,down,up,retrospective_derived,2026-08-31T03:54:07Z
2022-02-16,-0.003021,95.6999969482422,2022-02-16,0.008303,1870.199951171875,2022-02-16,-0.00065,14600.0,2022-02-16,0.001232,4470.0,2022-02-16,0.000978,2.046999931335449,2022-02-16,-0.054864,24.290000915527344,2022-02-16,0.01727,93.66000366210938,2022-02-16,-0.01376,43961.859375,2022-02-16,-0.016368,3127.830078125,2022-02-16,0.000857,115.63500213623048,2022-02-16,0.002,2022-02-16,0.016045,0.016045,SPX,0.6858,0.0343,neutral,stressed,flat,down,down,retrospective_derived,2026-08-31T03:54:07Z
2022-02-17,0.001045,95.8000030517578,2022-02-17,0.016308,1900.699951171875,2022-02-17,-0.029812,14164.75,2022-02-17,-0.021365,4374.5,2022-02-17,-0.036639,1.972000002861023,2022-02-17,0.157266,28.11000061035156,2022-02-17,-0.020286,91.76000213623048,2022-02-17,-0.077882,40538.01171875,2022-02-17,-0.07876,2881.48193359375,2022-02-17,-0.002145,115.38700103759766,2022-02-17,-0.075,2022-02-17,0.001232,0.001232,SPX,0.6519,0.0064,risk_off,stressed,down,flat,down,retrospective_derived,2026-08-31T03:54:07Z
2022-02-18,0.002505,96.04000091552734,2022-02-18,-0.001105,1898.5999755859373,2022-02-18,-0.011913,13996.0,2022-02-18,-0.007087,4343.5,2022-02-18,-0.020284,1.932000041007996,2022-02-18,-0.012807,27.75,2022-02-18,-0.00752,91.06999969482422,2022-02-18,-0.012508,40030.9765625,2022-02-18,-0.033231,2785.7275390625,2022-02-18,-0.004515,114.86599731445312,2022-02-18,-0.04,2022-02-18,-0.021365,-0.021365,SPX,0.6337,0.0019,neutral,stressed,down,up,down,retrospective_derived,2026-08-31T03:54:07Z
2022-02-19,,,,,,,,,,,,,,,,,,,,,,0.002278,40122.15625,2022-02-19,-0.007907,2763.701171875,2022-02-19,,,,,2022-02-19,-0.007087,-0.007087,NASDAQ,0.6297,0.0026,unknown,unknown,unknown,unknown,up,retrospective_derived,2026-08-31T03:54:07Z
2022-02-20,,,,,,,,,,,,,,,,,,,,,,-0.042141,38431.37890625,2022-02-20,-0.048867,2628.6484375,2022-02-20,,,,,2022-02-20,0.0,-0.007087,SPX,0.6099,0.0081,unknown,unknown,unknown,unknown,down,retrospective_derived,2026-08-31T03:54:07Z
2022-02-21,,,,,,,,,,,,,,,,,,,,,,-0.035286,37075.28125,2022-02-21,-0.020859,2573.816162109375,2022-02-21,0.000827,114.96099853515624,2022-02-21,,2022-02-21,0.0,-0.007087,NASDAQ,0.6318,0.0041,unknown,unknown,unknown,unknown,down,retrospective_derived,2026-08-31T03:54:07Z
2022-02-22,-0.000104,96.02999877929688,2022-02-22,0.00395,1906.0999755859373,2022-02-22,-0.009521,13862.75,2022-02-22,-0.010015,4300.0,2022-02-22,0.008282,1.9479999542236328,2022-02-22,0.038198,28.809999465942383,2022-02-22,0.014055,92.3499984741211,2022-02-22,0.032656,38286.02734375,2022-02-22,0.025442,2639.29931640625,2022-02-22,-0.003062,114.60900115966795,2022-02-22,,2022-02-22,0.0,-0.007087,SPX,0.6791,0.0072,risk_off,stressed,unknown,flat,up,retrospective_derived,2026-08-31T03:54:07Z
2022-02-23,0.001666,96.19000244140624,2022-02-23,0.001626,1909.199951171875,2022-02-23,-0.025626,13507.5,2022-02-23,-0.01814,4222.0,2022-02-23,0.014887,1.9769999980926516,2022-02-23,0.07671,31.020000457763672,2022-02-23,-0.002707,92.0999984741211,2022-02-23,-0.025844,37296.5703125,2022-02-23,-0.018543,2590.359619140625,2022-02-23,0.004249,115.09600067138672,2022-02-23,0.029,2022-02-23,-0.010015,-0.010015,SPX,0.6997,0.0005,risk_off,stressed,up,up,down,retrospective_derived,2026-08-31T03:54:07Z
2022-02-24,0.009876,97.13999938964844,2022-02-24,0.008328,1925.0999755859373,2022-02-24,0.033981,13966.5,2022-02-24,0.014685,4284.0,2022-02-24,-0.004047,1.968999981880188,2022-02-24,-0.022566,30.31999969482422,2022-02-24,0.007709,92.80999755859376,2022-02-24,0.027778,38332.609375,2022-02-24,0.002975,2598.067138671875,2022-02-24,-0.00172,114.89800262451172,2022-02-24,-0.008,2022-02-24,-0.01814,-0.01814,SPX,0.6346,0.0191,neutral,stressed,flat,up,up,retrospective_derived,2026-08-31T03:54:07Z
2022-02-25,-0.005353,96.62000274658205,2022-02-25,-0.020051,1886.5,2022-02-25,0.015322,14180.5,2022-02-25,0.022409,4380.0,2022-02-25,0.008634,1.9859999418258667,2022-02-25,-0.09004,27.59000015258789,2022-02-25,-0.013145,91.58999633789062,2022-02-25,0.022999,39214.21875,2022-02-25,0.064074,2764.53564453125,2022-02-25,0.005857,115.5709991455078,2022-02-25,0.017,2022-02-25,0.014685,0.014685,SPX,0.7638,0.1388,risk_on,stressed,flat,down,up,retrospective_derived,2026-08-31T03:54:07Z
2022-02-26,,,,,,,,,,,,,,,,,,,,,,-0.002781,39105.1484375,2022-02-26,0.005996,2781.11181640625,2022-02-26,,,,,2022-02-26,0.022409,0.022409,SPX,0.7567,0.1366,unknown,unknown,unknown,unknown,down,retrospective_derived,2026-08-31T03:54:07Z
2022-02-27,,,,,,,,,,,,,,,,,,,,,,-0.035682,37709.78515625,2022-02-27,-0.057283,2621.8017578125,2022-02-27,,,,,2022-02-27,0.0,0.022409,SPX,0.8139,0.1529,unknown,unknown,unknown,unknown,down,retrospective_derived,2026-08-31T03:54:07Z
2022-02-28,0.000931,96.70999908447266,2022-02-28,0.006838,1899.4000244140625,2022-02-28,0.00335,14228.0,2022-02-28,-0.00274,4368.0,2022-02-28,-0.074018,1.83899998664856,2022-02-28,0.092787,30.149999618530277,2022-02-28,0.045092,95.72000122070312,2022-02-28,0.145412,43193.234375,2022-02-28,0.113433,2919.201171875,2022-02-28,0.000121,115.58499908447266,2022-02-28,,2022-02-28,0.0,0.022409,SPX,0.712,0.1568,neutral,stressed,unknown,flat,up,retrospective_derived,2026-08-31T03:54:07Z
2022-03-01,0.007238,97.41000366210938,2022-03-01,0.022639,1942.4000244140625,2022-03-01,-0.015638,14005.5,2022-03-01,-0.014709,4303.75,2022-03-01,-0.071778,1.7070000171661377,2022-03-01,0.105141,33.31999969482422,2022-03-01,0.080339,103.41000366210938,2022-03-01,0.026889,44354.63671875,2022-03-01,0.018253,2972.485107421875,2022-03-01,-0.004386,115.0780029296875,2022-03-01,-0.132,2022-03-01,-0.00274,-0.00274,SPX,0.7313,0.151,risk_off,stressed,down,up,up,retrospective_derived,2026-08-31T03:54:07Z
2022-03-02,-0.000205,97.38999938964844,2022-03-02,-0.011069,1920.9000244140625,2022-03-02,0.01669,14239.25,2022-03-02,0.018124,4381.75,2022-03-02,0.09256,1.8650000095367432,2022-03-02,-0.077431,30.739999771118164,2022-03-02,0.069529,110.5999984741211,2022-03-02,-0.009706,43924.1171875,2022-03-02,-0.007525,2950.118408203125,2022-03-02,-0.002129,114.83300018310548,2022-03-02,0.158,2022-03-02,-0.014709,-0.014709,SPX,0.7234,0.0882,risk_on,stressed,up,flat,down,retrospective_derived,2026-08-31T03:54:07Z
2022-03-03,0.004107,97.79000091552734,2022-03-03,0.007028,1934.4000244140625,2022-03-03,-0.01466,14030.5,2022-03-03,-0.005135,4359.25,2022-03-03,-0.01126,1.843999981880188,2022-03-03,-0.008458,30.479999542236328,2022-03-03,-0.026492,107.66999816894533,2022-03-03,-0.03352,42451.7890625,2022-03-03,-0.039202,2834.468994140625,2022-03-03,0.005974,115.5189971923828,2022-03-03,-0.021,2022-03-03,0.018124,0.018124,GOLD,0.6942,0.0553,neutral,stressed,down,up,down,retrospective_derived,2026-08-31T03:54:07Z
2022-03-04,0.008794,98.6500015258789,2022-03-04,0.015871,1965.0999755859373,2022-03-04,-0.013595,13839.75,2022-03-04,-0.007341,4327.25,2022-03-04,-0.065076,1.7239999771118164,2022-03-04,0.049213,31.979999542236328,2022-03-04,0.074394,115.68000030517578,2022-03-04,-0.078069,39137.60546875,2022-03-04,-0.076668,2617.156005859375,2022-03-04,-0.00039,115.4739990234375,2022-03-04,-0.12,2022-03-04,-0.005135,-0.005135,GOLD,0.7809,0.1471,risk_off,stressed,down,up,down,retrospective_derived,2026-08-31T03:54:07Z
2022-03-05,,,,,,,,,,,,,,,,,,,,,,0.006719,39400.5859375,2022-03-05,0.018216,2664.8310546875,2022-03-05,,,,,2022-03-05,-0.007341,-0.007341,GOLD,0.7895,0.1604,unknown,unknown,unknown,unknown,up,retrospective_derived,2026-08-31T03:54:07Z
2022-03-06,,,,,,,,,,,,,,,,,,,,,,-0.024888,38419.984375,2022-03-06,-0.041201,2555.037353515625,2022-03-06,,,,,2022-03-06,0.0,-0.007341,GOLD,0.7845,0.117,unknown,unknown,unknown,unknown,down,retrospective_derived,2026-08-31T03:54:07Z
2022-03-07,0.006488,99.29000091552734,2022-03-07,0.014656,1993.9000244140625,2022-03-07,-0.037501,13320.75,2022-03-07,-0.029753,4198.5,2022-03-07,0.015661,1.7510000467300415,2022-03-07,0.139775,36.45000076293945,2022-03-07,0.032158,119.4000015258789,2022-03-07,-0.009317,38062.0390625,2022-03-07,-0.022413,2497.771240234375,2022-03-07,-0.004538,114.9499969482422,2022-03-07,,2022-03-07,0.0,-0.007341,GOLD,0.7762,0.117,risk_off,stressed,unknown,up,down,retrospective_derived,2026-08-31T03:54:07Z
2022-03-08,-0.002316,99.05999755859376,2022-03-08,0.023171,2040.0999755859373,2022-03-08,-0.004035,13267.0,2022-03-08,-0.007086,4168.75,2022-03-08,0.069103,1.871999979019165,2022-03-08,-0.036214,35.130001068115234,2022-03-08,0.036013,123.6999969482422,2022-03-08,0.01774,38737.26953125,2022-03-08,0.031619,2576.74755859375,2022-03-08,0.00368,115.3730010986328,2022-03-08,0.121,2022-03-08,-0.029753,-0.029753,GOLD,0.6631,0.0186,mixed,stressed,up,down,up,retrospective_derived,2026-08-31T03:54:07Z
2022-03-09,-0.011003,97.97000122070312,2022-03-09,-0.026567,1985.9000244140625,2022-03-09,0.035257,13734.75,2022-03-09,0.025547,4275.25,2022-03-09,0.040598,1.9479999542236328,2022-03-09,-0.076288,32.45000076293945,2022-03-09,-0.121261,108.6999969482422,2022-03-09,0.083786,41982.92578125,2022-03-09,0.059391,2729.783447265625,2022-03-09,0.003025,115.72200012207033,2022-03-09,0.076,2022-03-09,-0.007086,-0.007086,GOLD,0.8818,0.0761,risk_on,stressed,up,down,up,retrospective_derived,2026-08-31T03:54:07Z
2022-03-10,0.005512,98.51000213623048,2022-03-10,0.006143,1998.0999755859373,2022-03-10,-0.01083,13586.0,2022-03-10,-0.00421,4257.25,2022-03-10,0.032341,2.010999917984009,2022-03-10,-0.068413,30.229999542236328,2022-03-10,-0.024655,106.0199966430664,2022-03-10,-0.060631,39437.4609375,2022-03-10,-0.044595,2608.048583984375,2022-03-10,0.001616,115.90899658203124,2022-03-10,0.063,2022-03-10,0.025547,0.025547,GOLD,0.9271,0.0888,mixed,stressed,up,up,down,retrospective_derived,2026-08-31T03:54:07Z
2022-03-11,0.006192,99.12000274658205,2022-03-11,-0.007707,1982.699951171875,2022-03-11,-0.02164,13292.0,2022-03-11,-0.013095,4201.5,2022-03-11,-0.003481,2.003999948501587,2022-03-11,0.017201,30.75,2022-03-11,0.031221,109.33000183105467,2022-03-11,-0.016291,38794.97265625,2022-03-11,-0.018591,2559.56298828125,2022-03-11,0.002329,116.1790008544922,2022-03-11,-0.007,2022-03-11,-0.00421,-0.00421,DXY,0.8374,0.0039,neutral,stressed,flat,up,down,retrospective_derived,2026-08-31T03:54:07Z
2022-03-12,,,,,,,,,,,,,,,,,,,,,,0.002811,38904.01171875,2022-03-12,0.005935,2574.754150390625,2022-03-12,,,,,2022-03-12,-0.013095,-0.013095,DXY,0.8288,0.002,unknown,unknown,unknown,unknown,up,retrospective_derived,2026-08-31T03:54:07Z
2022-03-13,,,,,,,,,,,,,,,,,,,,,,-0.027101,37849.6640625,2022-03-13,-0.021676,2518.944580078125,2022-03-13,,,,,2022-03-13,0.0,-0.013095,DXY,0.8288,0.002,unknown,unknown,unknown,unknown,down,retrospective_derived,2026-08-31T03:54:07Z
2022-03-14,-0.000605,99.05999755859376,2022-03-14,-0.011651,1959.5999755859373,2022-03-14,-0.018545,13045.5,2022-03-14,-0.007021,4172.0,2022-03-14,0.067864,2.140000104904175,2022-03-14,0.033171,31.770000457763672,2022-03-14,-0.057807,103.01000213623048,2022-03-14,0.048008,39666.75390625,2022-03-14,0.028485,2590.696044921875,2022-03-14,0.01162,117.52899932861328,2022-03-14,,2022-03-14,0.0,-0.013095,GOLD,0.8709,0.0179,risk_off,stressed,unknown,flat,up,retrospective_derived,2026-08-31T03:54:07Z
2022-03-15,0.000101,99.06999969482422,2022-03-15,-0.015871,1928.5,2022-03-15,0.031141,13451.75,2022-03-15,0.021572,4262.0,2022-03-15,0.009346,2.1600000858306885,2022-03-15,-0.061064,29.82999992370605,2022-03-15,-0.06378,96.44000244140624,2022-03-15,-0.008268,39338.78515625,2022-03-15,0.011369,2620.149658203125,2022-03-15,0.005862,118.21800231933594,2022-03-15,0.02,2022-03-15,-0.007021,-0.007021,GOLD,0.9586,0.006,risk_on,stressed,flat,flat,down,retrospective_derived,2026-08-31T03:54:07Z
2022-03-16,-0.006965,98.37999725341795,2022-03-16,-0.01063,1908.0,2022-03-16,0.037263,13953.0,2022-03-16,0.022525,4358.0,2022-03-16,0.012963,2.187999963760376,2022-03-16,-0.105934,26.670000076293945,2022-03-16,-0.014517,95.04000091552734,2022-03-16,0.045887,41143.9296875,2022-03-16,0.057976,2772.0556640625,2022-03-16,0.000626,118.29199981689452,2022-03-16,0.028,2022-03-16,0.021572,0.021572,GOLD,1.0164,0.0356,risk_on,stressed,up,down,up,retrospective_derived,2026-08-31T03:54:07Z
2022-03-17,-0.003761,98.01000213623048,2022-03-17,0.017872,1942.0999755859373,2022-03-17,0.011377,14111.75,2022-03-17,0.011989,4410.25,2022-03-17,0.001828,2.191999912261963,2022-03-17,-0.037495,25.670000076293945,2022-03-17,0.083544,102.9800033569336,2022-03-17,-0.00468,40951.37890625,2022-03-17,0.015439,2814.8544921875,2022-03-17,0.004886,118.87000274658205,2022-03-17,0.004,2022-03-17,0.022525,0.022525,WTI,0.9309,0.0641,risk_on,stressed,flat,down,down,retrospective_derived,2026-08-31T03:54:07Z
2022-03-18,0.002245,98.2300033569336,2022-03-18,-0.007157,1928.199951171875,2022-03-18,-0.001165,14095.3095703125,2022-03-18,-0.000204,4409.35009765625,2022-03-18,-0.020073,2.1480000019073486,2022-03-18,-0.070121,23.8700008392334,2022-03-18,0.016702,104.6999969482422,2022-03-18,0.020751,41801.15625,2022-03-18,0.046357,2945.343017578125,2022-03-18,-0.00323,118.48600006103516,2022-03-18,-0.044,2022-03-18,0.011989,0.011989,WTI,0.8702,0.0559,neutral,elevated,down,up,up,retrospective_derived,2026-08-31T03:54:07Z
2022-03-19,,,,,,,,,,,,,,,,,,,,,,0.009318,42190.65234375,2022-03-19,0.00031,2946.257080078125,2022-03-19,,,,,2022-03-19,-0.000204,-0.000204,WTI,0.8756,0.0646,unknown,unknown,unknown,unknown,up,retrospective_derived,2026-08-31T03:54:07Z
2022-03-20,,,,,,,,,,,,,,,,,,,,,,-0.022347,41247.82421875,2022-03-20,-0.029121,2860.459228515625,2022-03-20,,,,,2022-03-20,0.0,-0.000204,WTI,0.9627,0.0365,unknown,unknown,unknown,unknown,down,retrospective_derived,2026-08-31T03:54:07Z
2022-03-21,0.002749,98.5,2022-03-21,0.000207,1928.5999755859373,2022-03-21,0.019524,14370.5,2022-03-21,0.009729,4452.25,2022-03-21,0.077747,2.315000057220459,2022-03-21,-0.014244,23.530000686645508,2022-03-21,0.070869,112.12000274658205,2022-03-21,-0.004117,41077.99609375,2022-03-21,0.013116,2897.9765625,2022-03-21,0.006558,119.26300048828124,2022-03-21,,2022-03-21,0.0,-0.000204,DXY,0.8105,0.0696,neutral,elevated,unknown,up,down,retrospective_derived,2026-08-31T03:54:07Z
2022-03-22,-0.000102,98.48999786376952,2022-03-22,-0.004096,1920.699951171875,2022-03-22,0.019728,14654.0,2022-03-22,0.011848,4505.0,2022-03-22,0.025054,2.372999906539917,2022-03-22,-0.025074,22.940000534057617,2022-03-22,-0.003211,111.76000213623048,2022-03-22,0.03118,42358.80859375,2022-03-22,0.025933,2973.131103515625,2022-03-22,0.002775,119.59400177001952,2022-03-22,0.058,2022-03-22,0.009729,0.009729,DXY,0.8402,0.0554,neutral,elevated,up,flat,up,retrospective_derived,2026-08-31T03:54:07Z
2022-03-23,0.00132,98.62000274658205,2022-03-23,0.008278,1936.5999755859373,2022-03-23,-0.014126,14447.0,2022-03-23,-0.012764,4447.5,2022-03-23,-0.021913,2.321000099182129,2022-03-23,0.027463,23.56999969482422,2022-03-23,0.028364,114.93000030517578,2022-03-23,0.01261,42892.95703125,2022-03-23,0.019487,3031.067138671875,2022-03-23,0.014599,121.33999633789062,2022-03-23,-0.052,2022-03-23,0.011848,0.011848,WTI,0.829,0.0455,neutral,elevated,down,flat,up,retrospective_derived,2026-08-31T03:54:07Z
2022-03-24,0.001724,98.79000091552734,2022-03-24,0.012909,1961.5999755859373,2022-03-24,0.021925,14763.75,2022-03-24,0.014615,4512.5,2022-03-24,0.008617,2.3410000801086426,2022-03-24,-0.080611,21.670000076293945,2022-03-24,-0.022535,112.33999633789062,2022-03-24,0.024899,43960.93359375,2022-03-24,0.025402,3108.06201171875,2022-03-24,-0.001755,121.1269989013672,2022-03-24,0.02,2022-03-24,-0.012764,-0.012764,NASDAQ,0.6314,0.0088,risk_on,elevated,flat,up,up,retrospective_derived,2026-08-31T03:54:07Z
2022-03-25,0.000202,98.80999755859376,2022-03-25,-0.003976,1953.800048828125,2022-03-25,-0.000542,14755.75,2022-03-25,0.005319,4536.5,2022-03-25,0.064502,2.492000102996826,2022-03-25,-0.039686,20.809999465942383,2022-03-25,0.013886,113.9000015258789,2022-03-25,0.008821,44348.73046875,2022-03-25,-0.000447,3106.67138671875,2022-03-25,0.010064,122.34600067138672,2022-03-25,0.151,2022-03-25,0.014615,0.014615,SPX,0.6003,0.0059,risk_on,elevated,up,flat,up,retrospective_derived,2026-08-31T03:54:07Z
2022-03-26,,,,,,,,,,,,,,,,,,,,,,0.00343,44500.828125,2022-03-26,0.011751,3143.178955078125,2022-03-26,,,,,2022-03-26,0.005319,0.005319,SPX,0.6078,0.001,unknown,unknown,unknown,unknown,up,retrospective_derived,2026-08-31T03:54:07Z
2022-03-27,,,,,,,,,,,,,,,,,,,,,,0.052126,46820.4921875,2022-03-27,0.047213,3291.57763671875,2022-03-27,,,,,2022-03-27,0.0,0.005319,WTI,0.5977,0.0588,unknown,unknown,unknown,unknown,up,retrospective_derived,2026-08-31T03:54:07Z
2022-03-28,0.002834,99.08999633789062,2022-03-28,-0.007268,1939.5999755859373,2022-03-28,0.015553,14985.25,2022-03-28,0.006944,4568.0,2022-03-28,-0.006019,2.476999998092652,2022-03-28,-0.056704,19.6299991607666,2022-03-28,-0.06971,105.95999908447266,2022-03-28,0.006568,47128.00390625,2022-03-28,0.013689,3336.634521484375,2022-03-28,-0.000621,122.2699966430664,2022-03-28,,2022-03-28,0.0,0.005319,WTI,0.6145,0.0418,risk_on,elevated,unknown,up,up,retrospective_derived,2026-08-31T03:54:07Z
2022-03-29,-0.006963,98.4000015258789,2022-03-29,-0.01423,1912.0,2022-03-29,0.01685,15237.75,2022-03-29,0.012588,4625.5,2022-03-29,-0.031086,2.400000095367432,2022-03-29,-0.037188,18.899999618530277,2022-03-29,-0.016233,104.23999786376952,2022-03-29,0.007166,47465.73046875,2022-03-29,0.019587,3401.98779296875,2022-03-29,0.011368,123.66000366210938,2022-03-29,-0.077,2022-03-29,0.006944,0.006944,NASDAQ,0.4403,0.007,risk_on,elevated,down,down,up,retrospective_derived,2026-08-31T03:54:07Z
2022-03-30,-0.006199,97.79000091552734,2022-03-30,0.011245,1933.5,2022-03-30,-0.01091,15071.5,2022-03-30,-0.006378,4596.0,2022-03-30,-0.0175,2.3580000400543213,2022-03-30,0.022751,19.32999992370605,2022-03-30,0.034344,107.81999969482422,2022-03-30,-0.008492,47062.6640625,2022-03-30,-0.004947,3385.157958984375,2022-03-30,-0.004326,123.125,2022-03-30,-0.042,2022-03-30,0.012588,0.012588,NASDAQ,0.4175,0.0117,neutral,elevated,down,down,down,retrospective_derived,2026-08-31T03:54:07Z
2022-03-31,0.005317,98.30999755859376,2022-03-31,0.00812,1949.199951171875,2022-03-31,-0.013453,14868.75,2022-03-31,-0.014197,4530.75,2022-03-31,-0.013147,2.32699990272522,2022-03-31,0.063632,20.559999465942383,2022-03-31,-0.069931,100.27999877929688,2022-03-31,-0.032382,45538.67578125,2022-03-31,-0.030579,3281.642822265625,2022-03-31,-0.008966,122.02100372314452,2022-03-31,-0.031,2022-03-31,-0.006378,-0.006378,SPX,0.4124,0.015,risk_off,elevated,down,up,down,retrospective_derived,2026-08-31T03:54:07Z
2022-04-01,0.003255,98.62999725341795,2022-04-01,-0.015442,1919.0999755859373,2022-04-01,-0.000336,14863.75,2022-04-01,0.001876,4539.25,2022-04-01,0.021487,2.377000093460083,2022-04-01,-0.045233,19.6299991607666,2022-04-01,-0.010072,99.2699966430664,2022-04-01,0.016315,46281.64453125,2022-04-01,0.051166,3449.55224609375,2022-04-01,-0.002172,121.75599670410156,2022-04-01,0.05,2022-04-01,-0.014197,-0.014197,SPX,0.3814,0.0119,neutral,elevated,up,up,up,retrospective_derived,2026-08-31T03:54:07Z
2022-04-02,,,,,,,,,,,,,,,,,,,,,,-0.008917,45868.94921875,2022-04-02,-0.001302,3445.059326171875,2022-04-02,,,,,2022-04-02,0.001876,0.001876,SPX,0.3805,0.0087,unknown,unknown,unknown,unknown,down,retrospective_derived,2026-08-31T03:54:07Z
2022-04-03,,,,,,,,,,,,,,,,,,,,,,0.012745,46453.56640625,2022-04-03,0.022576,3522.83349609375,2022-04-03,,,,,2022-04-03,0.0,0.001876,SPX,0.4727,0.0356,unknown,unknown,unknown,unknown,up,retrospective_derived,2026-08-31T03:54:07Z
2022-04-04,0.00365,98.98999786376952,2022-04-04,0.005263,1929.199951171875,2022-04-04,0.020217,15164.25,2022-04-04,0.008482,4577.75,2022-04-04,0.014724,2.4119999408721924,2022-04-04,-0.053999,18.56999969482422,2022-04-04,0.040395,103.27999877929688,2022-04-04,0.00364,46622.67578125,2022-04-04,-0.000452,3521.2412109375,2022-04-04,0.007014,122.61000061035156,2022-04-04,,2022-04-04,0.0,0.001876,SPX,0.4464,0.0544,risk_on,elevated,unknown,up,up,retrospective_derived,2026-08-31T03:54:07Z
2022-04-05,0.004849,99.47000122070312,2022-04-05,-0.003266,1922.9000244140625,2022-04-05,-0.022174,14828.0,2022-04-05,-0.012561,4520.25,2022-04-05,0.059702,2.555999994277954,2022-04-05,0.132472,21.030000686645508,2022-04-05,-0.012781,101.95999908447266,2022-04-05,-0.022879,45555.9921875,2022-04-05,-0.031082,3411.79248046875,2022-04-05,0.001623,122.80899810791016,2022-04-05,0.144,2022-04-05,0.008482,0.008482,USDJPY,0.3894,0.0105,risk_off,elevated,up,up,down,retrospective_derived,2026-08-31T03:54:07Z
2022-04-06,0.001307,99.5999984741211,2022-04-06,-0.00234,1918.4000244140625,2022-04-06,-0.021766,14505.25,2022-04-06,-0.009845,4475.75,2022-04-06,0.020736,2.608999967575073,2022-04-06,0.05088,22.100000381469727,2022-04-06,-0.056198,96.2300033569336,2022-04-06,-0.051568,43206.73828125,2022-04-06,-0.070374,3171.69189453125,2022-04-06,0.006897,123.65599822998048,2022-04-06,0.053,2022-04-06,-0.012561,-0.012561,SPX,0.3918,0.0237,risk_off,elevated,up,flat,down,retrospective_derived,2026-08-31T03:54:07Z
2022-04-07,0.001506,99.75,2022-04-07,0.008028,1933.800048828125,2022-04-07,0.00212,14536.0,2022-04-07,0.00458,4496.25,2022-04-07,0.016481,2.6519999504089355,2022-04-07,-0.024887,21.549999237060547,2022-04-07,-0.002078,96.02999877929688,2022-04-07,0.006876,43503.84765625,2022-04-07,0.019416,3233.274658203125,2022-04-07,0.000542,123.7229995727539,2022-04-07,0.043,2022-04-07,-0.009845,-0.009845,SPX,0.415,0.0311,neutral,elevated,up,up,up,retrospective_derived,2026-08-31T03:54:07Z
2022-04-08,0.000501,99.8000030517578,2022-04-08,0.004033,1941.5999755859373,2022-04-08,-0.014378,14327.0,2022-04-08,-0.002836,4483.5,2022-04-08,0.023002,2.713000059127808,2022-04-08,-0.018097,21.15999984741211,2022-04-08,0.023222,98.26000213623048,2022-04-08,-0.027956,42287.6640625,2022-04-08,-0.012743,3192.073974609375,2022-04-08,0.003015,124.09600067138672,2022-04-08,0.061,2022-04-08,0.00458,0.00458,SPX,0.3925,0.0177,neutral,elevated,up,flat,down,retrospective_derived,2026-08-31T03:54:07Z
2022-04-09,,,,,,,,,,,,,,,,,,,,,,0.011693,42782.13671875,2022-04-09,0.02188,3261.916259765625,2022-04-09,,,,,2022-04-09,-0.002836,-0.002836,SPX,0.392,0.0185,unknown,unknown,unknown,unknown,up,retrospective_derived,2026-08-31T03:54:07Z
2022-04-10,,,,,,,,,,,,,,,,,,,,,,-0.013428,42207.671875,2022-04-10,-0.015344,3211.866943359375,2022-04-10,,,,,2022-04-10,0.0,-0.002836,SPX,0.3732,0.0003,unknown,unknown,unknown,unknown,down,retrospective_derived,2026-08-31T03:54:07Z
2022-04-11,0.001303,99.93000030517578,2022-04-11,0.001391,1944.300048828125,2022-04-11,-0.022824,14000.0,2022-04-11,-0.016616,4409.0,2022-04-11,0.024696,2.7799999713897705,2022-04-11,0.151701,24.3700008392334,2022-04-11,-0.040403,94.29000091552734,2022-04-11,-0.063632,39521.90234375,2022-04-11,-0.071863,2981.05224609375,2022-04-11,0.002329,124.38500213623048,2022-04-11,,2022-04-11,0.0,-0.002836,VIX,0.4139,0.0103,risk_off,stressed,unknown,flat,down,retrospective_derived,2026-08-31T03:54:07Z
2022-04-12,0.003603,100.29000091552734,2022-04-12,0.014298,1972.0999755859373,2022-04-12,-0.003929,13945.0,2022-04-12,-0.003629,4393.0,2022-04-12,-0.019784,2.7249999046325684,2022-04-12,-0.004514,24.26000022888184,2022-04-12,0.066921,100.5999984741211,2022-04-12,0.015315,40127.18359375,2022-04-12,0.016546,3030.37646484375,2022-04-12,0.008739,125.47200012207033,2022-04-12,-0.055,2022-04-12,-0.016616,-0.016616,VIX,0.4233,0.0029,neutral,stressed,down,up,up,retrospective_derived,2026-08-31T03:54:07Z
2022-04-13,-0.004088,99.87999725341795,2022-04-13,0.004513,1981.0,2022-04-13,0.019828,14221.5,2022-04-13,0.011211,4442.25,2022-04-13,-0.013945,2.687000036239624,2022-04-13,-0.100577,21.81999969482422,2022-04-13,0.036282,104.25,2022-04-13,0.025906,41166.73046875,2022-04-13,0.029029,3118.34423828125,2022-04-13,-0.000446,125.41600036621094,2022-04-13,-0.038,2022-04-13,-0.003629,-0.003629,VIX,0.4765,0.0178,risk_on,elevated,down,down,up,retrospective_derived,2026-08-31T03:54:07Z
2022-04-14,0.004405,100.31999969482422,2022-04-14,-0.005098,1970.9000244140625,2022-04-14,-0.023046,13893.75,2022-04-14,-0.012325,4387.5,2022-04-14,0.052475,2.828000068664551,2022-04-14,0.04033,22.700000762939453,2022-04-14,0.025899,106.9499969482422,2022-04-14,-0.029908,39935.515625,2022-04-14,-0.031566,3019.909423828125,2022-04-14,-0.000311,125.3769989013672,2022-04-14,0.141,2022-04-14,0.011211,0.011211,NASDAQ,0.5119,0.0171,risk_off,elevated,up,up,down,retrospective_derived,2026-08-31T03:54:07Z
2022-04-15,,,,,,,,,,,,,,,,,,,,,,0.015474,40553.46484375,2022-04-15,0.006956,3040.91650390625,2022-04-15,0.006397,126.1790008544922,2022-04-15,,2022-04-15,-0.012325,-0.012325,NASDAQ,0.516,0.0188,unknown,unknown,unknown,unknown,up,retrospective_derived,2026-08-31T03:54:07Z
2022-04-16,,,,,,,,,,,,,,,,,,,,,,-0.003181,40424.484375,2022-04-16,0.007035,3062.310302734375,2022-04-16,,,,,2022-04-16,0.0,-0.012325,NASDAQ,0.5136,0.0219,unknown,unknown,unknown,unknown,down,retrospective_derived,2026-08-31T03:54:07Z
2022-04-17,,,,,,,,,,,,,,,,,,,,,,-0.017503,39716.953125,2022-04-17,-0.022502,2993.4033203125,2022-04-17,,,,,2022-04-17,0.0,-0.012325,NASDAQ,0.5358,0.0184,unknown,unknown,unknown,unknown,down,retrospective_derived,2026-08-31T03:54:07Z
2022-04-18,0.004585,100.77999877929688,2022-04-18,0.006089,1982.9000244140625,2022-04-18,0.001008,13907.75,2022-04-18,-0.000171,4386.75,2022-04-18,0.012023,2.861999988555908,2022-04-18,-0.023348,22.170000076293945,2022-04-18,0.011781,108.20999908447266,2022-04-18,0.027929,40826.21484375,2022-04-18,0.021448,3057.606689453125,2022-04-18,0.003479,126.61799621582033,2022-04-18,,2022-04-18,0.0,-0.012325,WTI,0.5601,0.0675,neutral,elevated,unknown,up,up,retrospective_derived,2026-08-31T03:54:07Z
2022-04-19,0.001786,100.95999908447266,2022-04-19,-0.013717,1955.699951171875,2022-04-19,0.022254,14217.25,2022-04-19,0.016527,4459.25,2022-04-19,0.01782,2.9130001068115234,2022-04-19,-0.036085,21.3700008392334,2022-04-19,-0.052213,102.55999755859376,2022-04-19,0.016571,41502.75,2022-04-19,0.015208,3104.1064453125,2022-04-19,0.003791,127.0979995727539,2022-04-19,0.051,2022-04-19,-0.000171,-0.000171,VIX,0.4982,0.0245,risk_on,elevated,up,up,up,retrospective_derived,2026-08-31T03:54:07Z
2022-04-20,-0.005646,100.38999938964844,2022-04-20,-0.001738,1952.300048828125,2022-04-20,-0.014947,14004.75,2022-04-20,-0.000841,4455.5,2022-04-20,-0.02506,2.8399999141693115,2022-04-20,-0.049134,20.31999969482422,2022-04-20,0.001853,102.75,2022-04-20,-0.003093,41374.37890625,2022-04-20,-0.008492,3077.745849609375,2022-04-20,0.017585,129.33299255371094,2022-04-20,-0.073,2022-04-20,0.016527,0.016527,VIX,0.4922,0.0318,neutral,elevated,down,down,down,retrospective_derived,2026-08-31T03:54:07Z
2022-04-21,0.001893,100.58000183105467,2022-04-21,-0.00379,1944.9000244140625,2022-04-21,-0.019743,13728.25,2022-04-21,-0.014589,4390.5,2022-04-21,0.027113,2.9170000553131104,2022-04-21,0.116142,22.68000030517578,2022-04-21,0.010122,103.79000091552734,2022-04-21,-0.020472,40527.36328125,2022-04-21,-0.029328,2987.480712890625,2022-04-21,-0.010206,128.01300048828125,2022-04-21,0.077,2022-04-21,-0.000841,-0.000841,VIX,0.5956,0.1074,risk_off,elevated,up,up,down,retrospective_derived,2026-08-31T03:54:07Z
2022-04-22,0.006363,101.22000122070312,2022-04-22,-0.007147,1931.0,2022-04-22,-0.027298,13353.5,2022-04-22,-0.028072,4267.25,2022-04-22,-0.003771,2.9059998989105225,2022-04-22,0.243827,28.209999084472656,2022-04-22,-0.016572,102.06999969482422,2022-04-22,-0.01942,39740.3203125,2022-04-22,-0.00758,2964.835693359375,2022-04-22,0.003086,128.4080047607422,2022-04-22,-0.011,2022-04-22,-0.014589,-0.014589,VIX,0.6406,0.1312,risk_off,stressed,flat,up,down,retrospective_derived,2026-08-31T03:54:07Z
2022-04-23,,,,,,,,,,,,,,,,,,,,,,-0.006381,39486.73046875,2022-04-23,-0.009013,2938.114013671875,2022-04-23,,,,,2022-04-23,-0.028072,-0.028072,VIX,0.6406,0.1312,unknown,unknown,unknown,unknown,down,retrospective_derived,2026-08-31T03:54:07Z
2022-04-24,,,,,,,,,,,,,,,,,,,,,,-0.000442,39469.29296875,2022-04-24,-0.005235,2922.732666015625,2022-04-24,,,,,2022-04-24,0.0,-0.028072,VIX,0.6464,0.1512,unknown,unknown,unknown,unknown,flat,retrospective_derived,2026-08-31T03:54:07Z
2022-04-25,0.005236,101.75,2022-04-25,-0.019575,1893.199951171875,2022-04-25,0.013648,13535.75,2022-04-25,0.005976,4292.75,2022-04-25,-0.027529,2.825999975204468,2022-04-25,-0.042184,27.020000457763672,2022-04-25,-0.034584,98.54000091552734,2022-04-25,0.025058,40458.30859375,2022-04-25,0.029651,3009.3935546875,2022-04-25,0.001534,128.60499572753906,2022-04-25,,2022-04-25,0.0,-0.028072,VIX,0.5297,0.0788,risk_on,stressed,unknown,up,up,retrospective_derived,2026-08-31T03:54:07Z
2022-04-26,0.005405,102.3000030517578,2022-04-26,0.004331,1901.4000244140625,2022-04-26,-0.038398,13016.0,2022-04-26,-0.028478,4170.5,2022-04-26,-0.019108,2.7720000743865967,2022-04-26,0.240563,33.52000045776367,2022-04-26,0.032068,101.6999969482422,2022-04-26,-0.057858,38117.4609375,2022-04-26,-0.066823,2808.29833984375,2022-04-26,-0.006695,127.74400329589844,2022-04-26,-0.054,2022-04-26,0.005976,0.005976,VIX,0.6242,0.0801,risk_off,stressed,down,up,down,retrospective_derived,2026-08-31T03:54:07Z
2022-04-27,0.006354,102.9499969482422,2022-04-27,-0.008152,1885.9000244140625,2022-04-27,-0.000538,13009.0,2022-04-27,0.002338,4180.25,2022-04-27,0.016595,2.818000078201294,2022-04-27,-0.057279,31.600000381469727,2022-04-27,0.003147,102.0199966430664,2022-04-27,0.029479,39241.12109375,2022-04-27,0.028712,2888.9296875,2022-04-27,-0.003742,127.26599884033205,2022-04-27,0.046,2022-04-27,-0.028478,-0.028478,VIX,0.6176,0.0824,neutral,stressed,up,up,up,retrospective_derived,2026-08-31T03:54:07Z
2022-04-28,0.006508,103.62000274658205,2022-04-28,0.001485,1888.699951171875,2022-04-28,0.034265,13454.75,2022-04-28,0.024699,4283.5,2022-04-28,0.015969,2.86299991607666,2022-04-28,-0.050949,29.989999771118164,2022-04-28,0.032739,105.36000061035156,2022-04-28,0.013575,39773.828125,2022-04-28,0.016619,2936.94091796875,2022-04-28,0.008863,128.3939971923828,2022-04-28,0.045,2022-04-28,0.002338,0.002338,VIX,0.6337,0.0996,risk_on,stressed,up,up,up,retrospective_derived,2026-08-31T03:54:07Z
2022-04-29,-0.006369,102.95999908447266,2022-04-29,0.010907,1909.300048828125,2022-04-29,-0.044798,12852.0,2022-04-29,-0.036419,4127.5,2022-04-29,0.008383,2.88700008392334,2022-04-29,0.113705,33.400001525878906,2022-04-29,-0.006359,104.69000244140624,2022-04-29,-0.029266,38609.82421875,2022-04-29,-0.041315,2815.601806640625,2022-04-29,0.018825,130.81100463867188,2022-04-29,0.024,2022-04-29,0.024699,0.024699,VIX,0.5936,0.0404,risk_off,stressed,up,down,down,retrospective_derived,2026-08-31T03:54:07Z
2022-04-30,,,,,,,,,,,,,,,,,,,,,,-0.023179,37714.875,2022-04-30,-0.030336,2730.186767578125,2022-04-30,,,,,2022-04-30,-0.036419,-0.036419,VIX,0.5871,0.0389,unknown,unknown,unknown,unknown,down,retrospective_derived,2026-08-31T03:54:07Z
2022-05-01,,,,,,,,,,,,,,,,,,,,,,0.019998,38469.09375,2022-05-01,0.035737,2827.756103515625,2022-05-01,,,,,2022-05-01,0.0,-0.036419,SPX,0.5421,0.0029,unknown,unknown,unknown,unknown,up,retrospective_derived,2026-08-31T03:54:07Z
2022-05-02,0.007576,103.73999786376952,2022-05-02,-0.024878,1861.800048828125,2022-05-02,0.017196,13073.0,2022-05-02,0.005694,4151.0,2022-05-02,0.037755,2.996000051498413,2022-05-02,-0.031737,32.34000015258789,2022-05-02,0.004585,105.16999816894533,2022-05-02,0.001566,38529.328125,2022-05-02,0.010487,2857.410400390625,2022-05-02,-0.006116,130.01100158691406,2022-05-02,,2022-05-02,0.0,-0.036419,NASDAQ,0.6114,0.0249,risk_on,stressed,unknown,up,up,retrospective_derived,2026-08-31T03:54:07Z
2022-05-03,-0.002603,103.47000122070312,2022-05-03,0.00376,1868.800048828125,2022-05-03,0.001109,13087.5,2022-05-03,0.004397,4169.25,2022-05-03,-0.012016,2.9600000381469727,2022-05-03,-0.095547,29.25,2022-05-03,-0.026243,102.41000366210938,2022-05-03,-0.020215,37750.453125,2022-05-03,-0.025875,2783.476318359375,2022-05-03,0.000777,130.11199951171875,2022-05-03,-0.036,2022-05-03,0.005694,0.005694,NASDAQ,0.6065,0.0237,risk_on,stressed,down,down,down,retrospective_derived,2026-08-31T03:54:07Z
2022-05-04,-0.008505,102.58999633789062,2022-05-04,-0.000963,1867.0,2022-05-04,0.033906,13531.25,2022-05-04,0.030221,4295.25,2022-05-04,-0.014527,2.9170000553131104,2022-05-04,-0.13094,25.420000076293945,2022-05-04,0.052729,107.80999755859376,2022-05-04,0.0516,39698.37109375,2022-05-04,0.056465,2940.644775390625,2022-05-04,3.1e-05,130.11599731445312,2022-05-04,-0.043,2022-05-04,0.004397,0.004397,SPX,0.5935,0.0167,risk_on,stressed,down,down,up,retrospective_derived,2026-08-31T03:54:07Z
2022-05-05,0.011307,103.75,2022-05-05,0.003749,1874.0,2022-05-05,-0.049755,12858.0,2022-05-05,-0.035388,4143.25,2022-05-05,0.05108,3.065999984741211,2022-05-05,0.22738,31.200000762939453,2022-05-05,0.004174,108.26000213623048,2022-05-05,-0.078674,36575.140625,2022-05-05,-0.065099,2749.213134765625,2022-05-05,-0.006863,129.22300720214844,2022-05-05,0.149,2022-05-05,0.030221,0.030221,VIX,0.7267,0.0244,risk_off,stressed,up,up,down,retrospective_derived,2026-08-31T03:54:07Z
2022-05-06,-0.000867,103.66000366210938,2022-05-06,0.003842,1881.199951171875,2022-05-06,-0.012619,12695.75,2022-05-06,-0.005732,4119.5,2022-05-06,0.018591,3.122999906539917,2022-05-06,-0.032372,30.190000534057617,2022-05-06,0.013948,109.7699966430664,2022-05-06,-0.014606,36040.921875,2022-05-06,-0.019727,2694.979736328125,2022-05-06,0.008567,130.3300018310547,2022-05-06,0.057,2022-05-06,-0.035388,-0.035388,VIX,0.6732,0.0096,mixed,stressed,up,flat,down,retrospective_derived,2026-08-31T03:54:07Z
2022-05-07,,,,,,,,,,,,,,,,,,,,,,-0.014954,35501.953125,2022-05-07,-0.021851,2636.093017578125,2022-05-07,,,,,2022-05-07,-0.005732,-0.005732,VIX,0.67,0.0115,unknown,unknown,unknown,unknown,down,retrospective_derived,2026-08-31T03:54:07Z
2022-05-08,,,,,,,,,,,,,,,,,,,,,,-0.040637,34059.265625,2022-05-08,-0.045003,2517.4599609375,2022-05-08,,,,,2022-05-08,0.0,-0.005732,VIX,0.7187,0.0044,unknown,unknown,unknown,unknown,down,retrospective_derived,2026-08-31T03:54:07Z
2022-05-09,-9.6e-05,103.6500015258789,2022-05-09,-0.012811,1857.0999755859373,2022-05-09,-0.039541,12193.75,2022-05-09,-0.032043,3987.5,2022-05-09,-0.014089,3.0789999961853027,2022-05-09,0.151043,34.75,2022-05-09,-0.060855,103.08999633789062,2022-05-09,-0.110464,30296.953125,2022-05-09,-0.108057,2245.430419921875,2022-05-09,0.003215,130.74899291992188,2022-05-09,,2022-05-09,0.0,-0.005732,VIX,0.7518,0.0007,risk_off,stressed,unknown,flat,down,retrospective_derived,2026-08-31T03:54:07Z
2022-05-10,0.002605,103.91999816894533,2022-05-10,-0.009262,1839.9000244140625,2022-05-10,0.012732,12349.0,2022-05-10,0.00232,3996.75,2022-05-10,-0.027931,2.993000030517578,2022-05-10,-0.050647,32.9900016784668,2022-05-10,-0.032302,99.76000213623048,2022-05-10,0.023961,31022.90625,2022-05-10,0.04368,2343.510986328125,2022-05-10,-0.002845,130.3769989013672,2022-05-10,-0.086,2022-05-10,-0.032043,-0.032043,SPX,0.7498,0.0192,neutral,stressed,down,up,up,retrospective_derived,2026-08-31T03:54:07Z
2022-05-11,-0.000674,103.8499984741211,2022-05-11,0.006903,1852.5999755859373,2022-05-11,-0.030711,11969.75,2022-05-11,-0.016639,3930.25,2022-05-11,-0.024056,2.9210000038146973,2022-05-11,-0.013034,32.560001373291016,2022-05-11,0.059643,105.70999908447266,2022-05-11,-0.067258,28936.35546875,2022-05-11,-0.11581,2072.108642578125,2022-05-11,-0.000199,130.3509979248047,2022-05-11,-0.072,2022-05-11,0.00232,0.00232,SPX,0.7163,0.0494,neutral,stressed,down,flat,down,retrospective_derived,2026-08-31T03:54:07Z
2022-05-12,0.009629,104.8499984741211,2022-05-12,-0.015546,1823.800048828125,2022-05-12,-0.00188,11947.25,2022-05-12,-0.000763,3927.25,2022-05-12,-0.035604,2.816999912261963,2022-05-12,-0.024263,31.770000457763672,2022-05-12,0.003973,106.12999725341795,2022-05-12,0.00385,29047.751953125,2022-05-12,-0.053282,1961.7015380859373,2022-05-12,-0.003958,129.8350067138672,2022-05-12,-0.104,2022-05-12,-0.016639,-0.016639,SPX,0.6451,0.0242,neutral,stressed,down,up,up,retrospective_derived,2026-08-31T03:54:07Z
2022-05-13,-0.002766,104.55999755859376,2022-05-13,-0.008992,1807.4000244140625,2022-05-13,0.036452,12382.75,2022-05-13,0.023553,4019.75,2022-05-13,0.041889,2.934999942779541,2022-05-13,-0.091281,28.8700008392334,2022-05-13,0.041082,110.48999786376952,2022-05-13,0.008102,29283.103515625,2022-05-13,0.026873,2014.418212890625,2022-05-13,-0.009605,128.58799743652344,2022-05-13,0.118,2022-05-13,-0.000763,-0.000763,SPX,0.683,0.0118,risk_on,stressed,up,down,up,retrospective_derived,2026-08-31T03:54:07Z
2022-05-14,,,,,,,,,,,,,,,,,,,,,,0.02794,30101.265625,2022-05-14,0.020778,2056.27392578125,2022-05-14,,,,,2022-05-14,0.023553,0.023553,SPX,0.6752,0.0091,unknown,unknown,unknown,unknown,up,retrospective_derived,2026-08-31T03:54:07Z
2022-05-15,,,,,,,,,,,,,,,,,,,,,,0.039993,31305.11328125,2022-05-15,0.043493,2145.706787109375,2022-05-15,,,,,2022-05-15,0.0,0.023553,SPX,0.7235,0.0166,unknown,unknown,unknown,unknown,up,retrospective_derived,2026-08-31T03:54:07Z
2022-05-16,-0.003539,104.19000244140624,2022-05-16,0.003375,1813.5,2022-05-16,-0.011145,12244.75,2022-05-16,-0.003732,4004.75,2022-05-16,-0.019761,2.877000093460083,2022-05-16,-0.048493,27.46999931335449,2022-05-16,0.033578,114.1999969482422,2022-05-16,-0.046069,29862.91796875,2022-05-16,-0.057315,2022.7259521484373,2022-05-16,0.006564,129.4320068359375,2022-05-16,,2022-05-16,0.0,0.023553,SPX,0.6547,0.0022,mixed,stressed,unknown,down,down,retrospective_derived,2026-08-31T03:54:07Z
2022-05-17,-0.007966,103.36000061035156,2022-05-17,0.002592,1818.199951171875,2022-05-17,0.025766,12560.25,2022-05-17,0.019976,4084.75,2022-05-17,0.03163,2.9679999351501465,2022-05-17,-0.049873,26.100000381469727,2022-05-17,-0.015762,112.4000015258789,2022-05-17,0.018851,30425.857421875,2022-05-17,0.033461,2090.4091796875,2022-05-17,-0.003933,128.92300415039062,2022-05-17,0.091,2022-05-17,-0.003732,-0.003732,NASDAQ,0.7212,0.0044,risk_on,stressed,up,down,up,retrospective_derived,2026-08-31T03:54:07Z
2022-05-18,0.004354,103.80999755859376,2022-05-18,-0.001265,1815.9000244140625,2022-05-18,-0.04974,11935.5,2022-05-18,-0.03966,3922.75,2022-05-18,-0.027628,2.885999917984009,2022-05-18,0.186207,30.959999084472656,2022-05-18,-0.025,109.58999633789062,2022-05-18,-0.056057,28720.271484375,2022-05-18,-0.083119,1916.6561279296875,2022-05-18,0.004119,129.45399475097656,2022-05-18,-0.082,2022-05-18,0.019976,0.019976,SPX,0.8267,0.0056,risk_off,stressed,down,up,down,retrospective_derived,2026-08-31T03:54:07Z
2022-05-19,-0.0105,102.72000122070312,2022-05-19,0.013932,1841.199951171875,2022-05-19,-0.004797,11878.25,2022-05-19,-0.006373,3897.75,2022-05-19,-0.010741,2.8550000190734863,2022-05-19,-0.052003,29.350000381469727,2022-05-19,0.023907,112.20999908447266,2022-05-19,0.055503,30314.333984375,2022-05-19,0.053051,2018.336181640625,2022-05-19,-0.011896,127.91400146484376,2022-05-19,-0.031,2022-05-19,-0.03966,-0.03966,ETH,0.7401,0.0391,mixed,stressed,down,down,up,retrospective_derived,2026-08-31T03:54:07Z
2022-05-20,0.004186,103.1500015258789,2022-05-20,0.000326,1841.800048828125,2022-05-20,-0.003157,11840.75,2022-05-20,0.000449,3899.5,2022-05-20,-0.023818,2.7869999408721924,2022-05-20,0.002726,29.43000030517578,2022-05-20,0.00909,113.2300033569336,2022-05-20,-0.036735,29200.740234375,2022-05-20,-0.028251,1961.315673828125,2022-05-20,-0.000641,127.83200073242188,2022-05-20,-0.068,2022-05-20,-0.006373,-0.006373,ETH,0.7379,0.0346,neutral,stressed,down,up,down,retrospective_derived,2026-08-31T03:54:07Z
2022-05-21,,,,,,,,,,,,,,,,,,,,,,0.007927,29432.2265625,2022-05-21,0.006732,1974.518310546875,2022-05-21,,,,,2022-05-21,0.000449,0.000449,ETH,0.7418,0.0286,unknown,unknown,unknown,unknown,up,retrospective_derived,2026-08-31T03:54:07Z
2022-05-22,,,,,,,,,,,,,,,,,,,,,,0.03029,30323.72265625,2022-05-22,0.034769,2043.170166015625,2022-05-22,,,,,2022-05-22,0.0,0.000449,ETH,0.7906,0.0282,unknown,unknown,unknown,unknown,up,retrospective_derived,2026-08-31T03:54:07Z
2022-05-23,-0.010373,102.08000183105467,2022-05-23,0.003258,1847.800048828125,2022-05-23,0.016426,12035.25,2022-05-23,0.018528,3971.75,2022-05-23,0.025834,2.858999967575073,2022-05-23,-0.03228,28.479999542236328,2022-05-23,-0.025965,110.29000091552734,2022-05-23,-0.040391,29098.91015625,2022-05-23,-0.034744,1972.181884765625,2022-05-23,0.000555,127.90299987792967,2022-05-23,,2022-05-23,0.0,0.000449,ETH,0.7805,0.0229,risk_on,stressed,unknown,down,down,retrospective_derived,2026-08-31T03:54:07Z
2022-05-24,-0.002155,101.86000061035156,2022-05-24,0.009362,1865.0999755859373,2022-05-24,-0.021956,11771.0,2022-05-24,-0.007868,3940.5,2022-05-24,-0.034627,2.759999990463257,2022-05-24,0.034059,29.450000762939453,2022-05-24,-0.004715,109.7699966430664,2022-05-24,0.01913,29655.5859375,2022-05-24,0.003448,1978.9827880859373,2022-05-24,-0.000446,127.84600067138672,2022-05-24,-0.099,2022-05-24,0.018528,0.018528,ETH,0.6901,0.0247,risk_off,stressed,down,down,up,retrospective_derived,2026-08-31T03:54:07Z
2022-05-25,0.001963,102.05999755859376,2022-05-25,-0.010134,1846.199951171875,2022-05-25,0.014548,11942.25,2022-05-25,0.009199,3976.75,2022-05-25,-0.003985,2.749000072479248,2022-05-25,-0.036672,28.3700008392334,2022-05-25,0.005102,110.33000183105467,2022-05-25,-0.003144,29562.361328125,2022-05-25,-0.017259,1944.827880859375,2022-05-25,-0.008424,126.7689971923828,2022-05-25,-0.011,2022-05-25,-0.007868,-0.007868,ETH,0.6808,0.0797,risk_on,stressed,flat,up,down,retrospective_derived,2026-08-31T03:54:07Z
2022-05-26,-0.002254,101.83000183105467,2022-05-26,0.00065,1847.4000244140625,2022-05-26,0.028219,12279.25,2022-05-26,0.019865,4055.75,2022-05-26,0.002546,2.75600004196167,2022-05-26,-0.030666,27.5,2022-05-26,0.03408,114.08999633789062,2022-05-26,-0.009984,29267.224609375,2022-05-26,-0.072456,1803.913330078125,2022-05-26,0.003021,127.1520004272461,2022-05-26,0.007,2022-05-26,0.009199,0.009199,ETH,0.6644,0.0591,risk_on,stressed,flat,down,down,retrospective_derived,2026-08-31T03:54:07Z
2022-05-27,-0.001571,101.66999816894533,2022-05-27,0.002111,1851.300048828125,2022-05-27,0.032453,12677.75,2022-05-27,0.024656,4155.75,2022-05-27,-0.004717,2.743000030517578,2022-05-27,-0.064727,25.71999931335449,2022-05-27,0.00859,115.06999969482422,2022-05-27,-0.021856,28627.57421875,2022-05-27,-0.043788,1724.9228515625,2022-05-27,-0.000842,127.04499816894533,2022-05-27,-0.013,2022-05-27,0.019865,0.019865,ETH,0.6514,0.0604,risk_on,stressed,flat,down,down,retrospective_derived,2026-08-31T03:54:07Z
2022-05-28,,,,,,,,,,,,,,,,,,,,,,0.006544,28814.900390625,2022-05-28,0.019142,1757.9417724609375,2022-05-28,,,,,2022-05-28,0.024656,0.024656,ETH,0.6383,0.0424,unknown,unknown,unknown,unknown,up,retrospective_derived,2026-08-31T03:54:07Z
2022-05-29,,,,,,,,,,,,,,,,,,,,,,0.0219,29445.95703125,2022-05-29,0.030769,1812.031005859375,2022-05-29,,,,,2022-05-29,0.0,0.024656,ETH,0.5519,0.0284,unknown,unknown,unknown,unknown,up,retrospective_derived,2026-08-31T03:54:07Z
2022-05-30,,,,,,,,,,,,,,,,,,,,,,0.077445,31726.390625,2022-05-30,0.10177,1996.4412841796875,2022-05-30,0.001889,127.28500366210938,2022-05-30,,2022-05-30,0.0,0.024656,ETH,0.5866,0.0354,unknown,unknown,unknown,unknown,up,retrospective_derived,2026-08-31T03:54:07Z
2022-05-31,0.000787,101.75,2022-05-31,-0.004645,1842.699951171875,2022-05-31,-0.002465,12646.5,2022-05-31,-0.005895,4131.25,2022-05-31,0.036821,2.844000101089477,2022-05-31,0.018274,26.190000534057617,2022-05-31,-0.003476,114.66999816894533,2022-05-31,0.002078,31792.310546875,2022-05-31,-0.027105,1942.3280029296875,2022-05-31,0.00392,127.78399658203124,2022-05-31,,2022-05-31,0.0,0.024656,ETH,0.5142,0.0219,neutral,stressed,unknown,flat,up,retrospective_derived,2026-08-31T03:54:07Z
2022-06-01,0.007862,102.5500030517578,2022-06-01,0.000326,1843.300048828125,2022-06-01,-0.007551,12551.0,2022-06-01,-0.007806,4099.0,2022-06-01,0.030591,2.930999994277954,2022-06-01,-0.019091,25.690000534057617,2022-06-01,0.005145,115.26000213623048,2022-06-01,-0.062695,29799.080078125,2022-06-01,-0.061142,1823.5693359375,2022-06-01,0.00745,128.73599243164062,2022-06-01,0.087,2022-06-01,-0.005895,-0.005895,SPX,0.5229,0.0015,neutral,stressed,up,up,down,retrospective_derived,2026-08-31T03:54:07Z
2022-06-02,-0.007606,101.7699966430664,2022-06-02,0.012586,1866.5,2022-06-02,0.027309,12893.75,2022-06-02,0.018602,4175.25,2022-06-02,-0.006141,2.9130001068115234,2022-06-02,-0.037758,24.71999931335449,2022-06-02,0.013968,116.87000274658205,2022-06-02,0.02243,30467.48828125,2022-06-02,0.005802,1834.1505126953125,2022-06-02,0.010766,130.1219940185547,2022-06-02,-0.018,2022-06-02,-0.007806,-0.007806,DXY,0.5132,0.051,risk_on,stressed,flat,down,up,retrospective_derived,2026-08-31T03:54:07Z
2022-06-03,0.003636,102.13999938964844,2022-06-03,-0.011305,1845.4000244140625,2022-06-03,-0.026583,12551.0,2022-06-03,-0.016346,4107.0,2022-06-03,0.015105,2.9570000171661377,2022-06-03,0.002832,24.790000915527344,2022-06-03,0.017113,118.87000274658205,2022-06-03,-0.025046,29704.390625,2022-06-03,-0.032207,1775.07861328125,2022-06-03,-0.001568,129.91799926757812,2022-06-03,0.044,2022-06-03,0.018602,0.018602,DXY,0.5022,0.0459,neutral,stressed,up,up,down,retrospective_derived,2026-08-31T03:54:07Z
2022-06-04,,,,,,,,,,,,,,,,,,,,,,0.004327,29832.9140625,2022-06-04,0.014946,1801.6094970703125,2022-06-04,,,,,2022-06-04,-0.016346,-0.016346,DXY,0.4977,0.0475,unknown,unknown,unknown,unknown,up,retrospective_derived,2026-08-31T03:54:07Z
2022-06-05,,,,,,,,,,,,,,,,,,,,,,0.002472,29906.662109375,2022-06-05,0.001996,1805.2049560546875,2022-06-05,,,,,2022-06-05,0.0,-0.016346,DXY,0.5403,0.0694,unknown,unknown,unknown,unknown,up,retrospective_derived,2026-08-31T03:54:07Z
2022-06-06,0.002937,102.44000244140624,2022-06-06,-0.00336,1839.199951171875,2022-06-06,0.004302,12605.0,2022-06-06,0.003287,4120.5,2022-06-06,0.027393,3.0380001068115234,2022-06-06,0.011295,25.06999969482422,2022-06-06,-0.003113,118.5,2022-06-06,0.048953,31370.671875,2022-06-06,0.02996,1859.2896728515625,2022-06-06,0.006073,130.70700073242188,2022-06-06,,2022-06-06,0.0,-0.016346,DXY,0.4394,0.032,neutral,stressed,unknown,up,up,retrospective_derived,2026-08-31T03:54:07Z
2022-06-07,-0.001171,102.31999969482422,2022-06-07,0.004513,1847.5,2022-06-07,0.008449,12711.5,2022-06-07,0.009283,4158.75,2022-06-07,-0.021725,2.9719998836517334,2022-06-07,-0.041883,24.020000457763672,2022-06-07,0.007679,119.41000366210938,2022-06-07,-0.00686,31155.478515625,2022-06-07,-0.024333,1814.04833984375,2022-06-07,0.011239,132.17599487304688,2022-06-07,-0.066,2022-06-07,0.003287,0.003287,DXY,0.3913,0.078,risk_on,stressed,down,flat,down,retrospective_derived,2026-08-31T03:54:07Z
2022-06-08,0.00215,102.54000091552734,2022-06-08,0.002382,1851.9000244140625,2022-06-08,-0.007533,12615.75,2022-06-08,-0.01076,4114.0,2022-06-08,0.019179,3.0290000438690186,2022-06-08,-0.002498,23.959999084472656,2022-06-08,0.022611,122.11000061035156,2022-06-08,-0.030207,30214.35546875,2022-06-08,-0.011288,1793.572265625,2022-06-08,0.005077,132.8470001220703,2022-06-08,0.057,2022-06-08,0.009283,0.009283,SPX,0.3371,0.0208,neutral,elevated,up,up,down,retrospective_derived,2026-08-31T03:54:07Z
2022-06-09,0.006632,103.22000122070312,2022-06-09,-0.001674,1848.800048828125,2022-06-09,-0.02701,12275.0,2022-06-09,-0.02376,4016.25,2022-06-09,0.004952,3.0439999103546143,2022-06-09,0.088898,26.09000015258789,2022-06-09,-0.004914,121.51000213623048,2022-06-09,-0.003388,30111.998046875,2022-06-09,-0.002089,1789.8260498046875,2022-06-09,0.011916,134.42999267578125,2022-06-09,0.015,2022-06-09,-0.01076,-0.01076,SPX,0.4232,0.0711,risk_off,stressed,flat,up,down,retrospective_derived,2026-08-31T03:54:07Z
2022-06-10,0.00901,104.1500015258789,2022-06-10,0.012278,1871.5,2022-06-10,-0.035438,11840.0,2022-06-10,-0.029194,3899.0,2022-06-10,0.036794,3.1559998989105225,2022-06-10,0.063626,27.75,2022-06-10,-0.006913,120.66999816894533,2022-06-10,-0.034146,29083.8046875,2022-06-10,-0.069718,1665.042236328125,2022-06-10,-8.9e-05,134.41799926757812,2022-06-10,0.112,2022-06-10,-0.02376,-0.02376,SPX,0.4273,0.0597,risk_off,stressed,up,up,down,retrospective_derived,2026-08-31T03:54:07Z
2022-06-11,,,,,,,,,,,,,,,,,,,,,,-0.024859,28360.810546875,2022-06-11,-0.081307,1529.6634521484375,2022-06-11,,,,,2022-06-11,-0.029194,-0.029194,SPX,0.4298,0.0607,unknown,unknown,unknown,unknown,down,retrospective_derived,2026-08-31T03:54:07Z
2022-06-12,,,,,,,,,,,,,,,,,,,,,,-0.056351,26762.6484375,2022-06-12,-0.055206,1445.216552734375,2022-06-12,,,,,2022-06-12,0.0,-0.029194,SPX,0.4792,0.0384,unknown,unknown,unknown,unknown,down,retrospective_derived,2026-08-31T03:54:07Z
2022-06-13,0.008929,105.08000183105467,2022-06-13,-0.023243,1828.0,2022-06-13,-0.045904,11296.5,2022-06-13,-0.038087,3750.5,2022-06-13,0.06654,3.365999937057495,2022-06-13,0.225946,34.02000045776367,2022-06-13,0.002155,120.93000030517578,2022-06-13,-0.159747,22487.388671875,2022-06-13,-0.166504,1204.582763671875,2022-06-13,0.002946,134.81399536132812,2022-06-13,,2022-06-13,0.0,-0.029194,SPX,0.7443,0.0993,risk_off,stressed,unknown,up,down,retrospective_derived,2026-08-31T03:54:07Z
2022-06-14,0.004187,105.5199966430664,2022-06-14,-0.01012,1809.5,2022-06-14,0.001571,11314.25,2022-06-14,-0.003666,3736.75,2022-06-14,0.034759,3.4830000400543213,2022-06-14,-0.039095,32.689998626708984,2022-06-14,-0.016538,118.93000030517578,2022-06-14,-0.012478,22206.79296875,2022-06-14,0.005878,1211.662841796875,2022-06-14,-0.004369,134.22500610351562,2022-06-14,0.117,2022-06-14,-0.038087,-0.038087,SPX,0.7279,0.1015,mixed,stressed,up,up,down,retrospective_derived,2026-08-31T03:54:07Z
2022-06-15,-0.003412,105.16000366210938,2022-06-15,0.003205,1815.300048828125,2022-06-15,0.024703,11593.75,2022-06-15,0.01405,3789.25,2022-06-15,-0.025266,3.3949999809265137,2022-06-15,-0.093912,29.6200008392334,2022-06-15,-0.030438,115.30999755859376,2022-06-15,0.016484,22572.83984375,2022-06-15,0.01778,1233.2064208984375,2022-06-15,0.007964,135.29400634765625,2022-06-15,-0.088,2022-06-15,-0.003666,-0.003666,SPX,0.7071,0.0554,risk_on,stressed,down,down,up,retrospective_derived,2026-08-31T03:54:07Z
2022-06-16,-0.014549,103.62999725341795,2022-06-16,0.016746,1845.699951171875,2022-06-16,-0.040453,11124.75,2022-06-16,-0.031932,3668.25,2022-06-16,-0.02592,3.306999921798706,2022-06-16,0.112424,32.95000076293945,2022-06-16,0.019773,117.58999633789062,2022-06-16,-0.097072,20381.650390625,2022-06-16,-0.134183,1067.730712890625,2022-06-16,-0.008714,134.11500549316406,2022-06-16,-0.088,2022-06-16,0.01405,0.01405,SPX,0.6823,0.034,risk_off,stressed,down,down,down,retrospective_derived,2026-08-31T03:54:07Z
2022-06-17,0.010325,104.6999969482422,2022-06-17,-0.005472,1835.5999755859373,2022-06-17,0.000507,11130.3896484375,2022-06-17,-0.001224,3663.760009765625,2022-06-17,-0.020562,3.239000082015991,2022-06-17,-0.055235,31.1299991607666,2022-06-17,-0.068288,109.55999755859376,2022-06-17,0.004407,20471.482421875,2022-06-17,0.017597,1086.519287109375,2022-06-17,-0.012631,132.42100524902344,2022-06-17,-0.068,2022-06-17,-0.031932,-0.031932,ETH,0.6476,0.0119,neutral,stressed,down,up,up,retrospective_derived,2026-08-31T03:54:07Z
2022-06-18,,,,,,,,,,,,,,,,,,,,,,-0.071018,19017.642578125,2022-06-18,-0.085486,993.6367797851562,2022-06-18,,,,,2022-06-18,-0.001224,-0.001224,ETH,0.6787,0.0107,unknown,unknown,unknown,unknown,down,retrospective_derived,2026-08-31T03:54:07Z
2022-06-19,,,,,,,,,,,,,,,,,,,,,,0.080748,20553.271484375,2022-06-19,0.134878,1127.656494140625,2022-06-19,,,,,2022-06-19,0.0,-0.001224,ETH,0.6883,0.027,unknown,unknown,unknown,unknown,up,retrospective_derived,2026-08-31T03:54:07Z
2022-06-20,,,,,,,,,,,,,,,,,,,,,,0.002251,20599.537109375,2022-06-20,-1.2e-05,1127.6424560546875,2022-06-20,0.02156,135.2760009765625,2022-06-20,,2022-06-20,0.0,-0.001224,ETH,0.6881,0.002,unknown,unknown,unknown,unknown,up,retrospective_derived,2026-08-31T03:54:07Z
2022-06-21,-0.002483,104.44000244140624,2022-06-21,-0.000545,1834.5999755859373,2022-06-21,0.040148,11577.25,2022-06-21,0.028383,3767.75,2022-06-21,0.020994,3.306999921798706,2022-06-21,-0.030196,30.190000534057617,2022-06-21,0.009949,110.6500015258789,2022-06-21,0.005391,20710.59765625,2022-06-21,-0.002499,1124.8245849609375,2022-06-21,-0.001397,135.08700561523438,2022-06-21,,2022-06-21,0.0,-0.001224,SPX,0.6447,0.0104,risk_on,stressed,unknown,down,up,retrospective_derived,2026-08-31T03:54:07Z
2022-06-22,-0.002298,104.1999969482422,2022-06-22,-0.000163,1834.300048828125,2022-06-22,-0.000993,11565.75,2022-06-22,-0.001327,3762.75,2022-06-22,-0.045661,3.1559998989105225,2022-06-22,-0.041073,28.950000762939453,2022-06-22,-0.040307,106.19000244140624,2022-06-22,-0.034937,19987.029296875,2022-06-22,-0.065257,1051.421875,2022-06-22,0.00875,136.2689971923828,2022-06-22,-0.151,2022-06-22,0.028383,0.028383,ETH,0.6203,0.0203,neutral,stressed,down,down,down,retrospective_derived,2026-08-31T03:54:07Z
2022-06-23,0.002207,104.43000030517578,2022-06-23,-0.004688,1825.699951171875,2022-06-23,0.01485,11737.5,2022-06-23,0.009833,3799.75,2022-06-23,-0.027883,3.068000078201294,2022-06-23,0.003454,29.049999237060547,2022-06-23,-0.018081,104.2699966430664,2022-06-23,0.054978,21085.876953125,2022-06-23,0.087467,1143.38671875,2022-06-23,-0.001798,136.0240020751953,2022-06-23,-0.088,2022-06-23,-0.001327,-0.001327,ETH,0.6396,0.0227,neutral,stressed,down,up,up,retrospective_derived,2026-08-31T03:54:07Z
2022-06-24,-0.002298,104.19000244140624,2022-06-24,0.000438,1826.5,2022-06-24,0.034334,12140.5,2022-06-24,0.03066,3916.25,2022-06-24,0.018579,3.125,2022-06-24,-0.062651,27.229999542236328,2022-06-24,0.032128,107.62000274658205,2022-06-24,0.006914,21231.65625,2022-06-24,0.072992,1226.8447265625,2022-06-24,-0.008704,134.83999633789062,2022-06-24,0.057,2022-06-24,0.009833,0.009833,ETH,0.6104,0.0217,risk_on,stressed,up,down,up,retrospective_derived,2026-08-31T03:54:07Z
2022-06-25,,,,,,,,,,,,,,,,,,,,,,0.012749,21502.337890625,2022-06-25,0.013532,1243.4468994140625,2022-06-25,,,,,2022-06-25,0.03066,0.03066,ETH,0.6244,0.0258,unknown,unknown,unknown,unknown,up,retrospective_derived,2026-08-31T03:54:07Z
2022-06-26,,,,,,,,,,,,,,,,,,,,,,-0.022093,21027.294921875,2022-06-26,-0.035076,1199.8316650390625,2022-06-26,,,,,2022-06-26,0.0,0.03066,ETH,0.6377,0.0318,unknown,unknown,unknown,unknown,down,retrospective_derived,2026-08-31T03:54:07Z
2022-06-27,-0.002399,103.94000244140624,2022-06-27,-0.003066,1820.9000244140625,2022-06-27,-0.008237,12040.5,2022-06-27,-0.003192,3903.75,2022-06-27,0.02208,3.194000005722046,2022-06-27,-0.010283,26.950000762939453,2022-06-27,0.018119,109.56999969482422,2022-06-27,-0.013878,20735.478515625,2022-06-27,-0.005127,1193.6806640625,2022-06-27,0.001646,135.06199645996094,2022-06-27,,2022-06-27,0.0,0.03066,ETH,0.633,0.026,neutral,stressed,unknown,down,down,retrospective_derived,2026-08-31T03:54:07Z
2022-06-28,0.005484,104.51000213623048,2022-06-28,-0.001867,1817.5,2022-06-28,-0.030418,11674.25,2022-06-28,-0.020045,3825.5,2022-06-28,0.003757,3.2060000896453857,2022-06-28,0.052319,28.36000061035156,2022-06-28,0.019987,111.76000213623048,2022-06-28,-0.021936,20280.634765625,2022-06-28,-0.041134,1144.5792236328125,2022-06-28,0.002762,135.43499755859375,2022-06-28,0.012,2022-06-28,-0.003192,-0.003192,ETH,0.6667,0.0501,risk_off,stressed,flat,up,down,retrospective_derived,2026-08-31T03:54:07Z
2022-06-29,0.005741,105.11000061035156,2022-06-29,-0.002091,1813.699951171875,2022-06-29,0.001435,11691.0,2022-06-29,-0.001111,3821.25,2022-06-29,-0.035246,3.0929999351501465,2022-06-29,-0.007052,28.15999984741211,2022-06-29,-0.017717,109.77999877929688,2022-06-29,-0.008708,20104.0234375,2022-06-29,-0.039871,1098.94384765625,2022-06-29,0.004519,136.0469970703125,2022-06-29,-0.113,2022-06-29,-0.020045,-0.020045,ETH,0.7015,0.0566,neutral,stressed,down,up,down,retrospective_derived,2026-08-31T03:54:07Z
2022-06-30,-0.003996,104.69000244140624,2022-06-30,-0.005293,1804.0999755859373,2022-06-30,-0.013814,11529.5,2022-06-30,-0.008309,3789.5,2022-06-30,-0.039121,2.9719998836517334,2022-06-30,0.019531,28.709999084472656,2022-06-30,-0.036619,105.76000213623048,2022-06-30,-0.015882,19784.7265625,2022-06-30,-0.028796,1067.298828125,2022-06-30,0.003984,136.58900451660156,2022-06-30,-0.121,2022-06-30,-0.001111,-0.001111,ETH,0.6882,0.0461,neutral,stressed,down,down,down,retrospective_derived,2026-08-31T03:54:07Z
2022-07-01,0.004298,105.13999938964844,2022-07-01,-0.002882,1798.9000244140625,2022-07-01,0.007091,11611.25,2022-07-01,0.009962,3827.25,2022-07-01,-0.027927,2.888999938964844,2022-07-01,-0.07001,26.700000762939453,2022-07-01,0.025246,108.43000030517578,2022-07-01,-0.026048,19269.3671875,2022-07-01,-0.007057,1059.767333984375,2022-07-01,-0.005879,135.78599548339844,2022-07-01,-0.083,2022-07-01,-0.008309,-0.008309,ETH,0.6456,0.0092,risk_on,stressed,down,up,down,retrospective_derived,2026-08-31T03:54:07Z
2022-07-02,,,,,,,,,,,,,,,,,,,,,,-0.001407,19242.255859375,2022-07-02,0.006365,1066.5128173828125,2022-07-02,,,,,2022-07-02,0.009962,0.009962,ETH,0.6251,0.0228,unknown,unknown,unknown,unknown,flat,retrospective_derived,2026-08-31T03:54:07Z
2022-07-03,,,,,,,,,,,,,,,,,,,,,,0.002849,19297.076171875,2022-07-03,0.006802,1073.7669677734375,2022-07-03,,,,,2022-07-03,0.0,0.009962,ETH,0.5978,0.1032,unknown,unknown,unknown,unknown,up,retrospective_derived,2026-08-31T03:54:07Z
2022-07-04,,,,,,,,,,,,,,,,,,,,,,0.048411,20231.26171875,2022-07-04,0.071982,1151.05908203125,2022-07-04,-0.005472,135.04299926757812,2022-07-04,,2022-07-04,0.0,0.009962,ETH,0.6544,0.1256,unknown,unknown,unknown,unknown,up,retrospective_derived,2026-08-31T03:54:07Z
2022-07-05,0.012935,106.5,2022-07-05,-0.020624,1761.800048828125,2022-07-05,0.016988,11808.5,2022-07-05,0.001764,3834.0,2022-07-05,-0.027691,2.809000015258789,2022-07-05,0.031461,27.540000915527344,2022-07-05,-0.082357,99.5,2022-07-05,-0.002034,20190.115234375,2022-07-05,-0.01435,1134.541015625,2022-07-05,0.005902,135.83999633789062,2022-07-05,,2022-07-05,0.0,0.009962,ETH,0.6252,0.1261,neutral,stressed,unknown,up,down,retrospective_derived,2026-08-31T03:54:07Z
2022-07-06,0.005634,107.0999984741211,2022-07-06,-0.015268,1734.9000244140625,2022-07-06,0.006076,11880.25,2022-07-06,0.003717,3848.25,2022-07-06,0.037024,2.9130001068115234,2022-07-06,-0.029412,26.729999542236328,2022-07-06,-0.009749,98.52999877929688,2022-07-06,0.017738,20548.24609375,2022-07-06,0.046215,1186.9739990234375,2022-07-06,-0.002348,135.52099609375,2022-07-06,0.104,2022-07-06,0.001764,0.001764,ETH,0.4546,0.0572,neutral,stressed,up,up,up,retrospective_derived,2026-08-31T03:54:07Z
2022-07-07,0.00028,107.12999725341795,2022-07-07,0.001729,1737.9000244140625,2022-07-07,0.021738,12138.5,2022-07-07,0.014747,3905.0,2022-07-07,0.032612,3.007999897003174,2022-07-07,-0.024317,26.07999992370605,2022-07-07,0.042627,102.7300033569336,2022-07-07,0.053014,21637.587890625,2022-07-07,0.042646,1237.5933837890625,2022-07-07,0.003284,135.96600341796875,2022-07-07,0.095,2022-07-07,0.003717,0.003717,ETH,0.5053,0.0421,neutral,stressed,up,flat,up,retrospective_derived,2026-08-31T03:54:07Z
2022-07-08,-0.00112,107.01000213623048,2022-07-08,0.001554,1740.5999755859375,2022-07-08,0.001112,12152.0,2022-07-08,-0.00096,3901.25,2022-07-08,0.030918,3.1010000705718994,2022-07-08,-0.055215,24.63999938964844,2022-07-08,0.020053,104.79000091552734,2022-07-08,0.004323,21731.1171875,2022-07-08,-0.012191,1222.5062255859375,2022-07-08,-0.00039,135.91299438476562,2022-07-08,0.093,2022-07-08,0.014747,0.014747,WTI,0.4532,0.0081,neutral,stressed,up,flat,up,retrospective_derived,2026-08-31T03:54:07Z
2022-07-09,,,,,,,,,,,,,,,,,,,,,,-0.006392,21592.20703125,2022-07-09,-0.004522,1216.978271484375,2022-07-09,,,,,2022-07-09,-0.00096,-0.00096,WTI,0.4541,0.061,unknown,unknown,unknown,unknown,down,retrospective_derived,2026-08-31T03:54:07Z
2022-07-10,,,,,,,,,,,,,,,,,,,,,,-0.03389,20860.44921875,2022-07-10,-0.039916,1168.401611328125,2022-07-10,,,,,2022-07-10,0.0,-0.00096,WTI,0.4541,0.0473,unknown,unknown,unknown,unknown,down,retrospective_derived,2026-08-31T03:54:07Z
2022-07-11,0.009438,108.0199966430664,2022-07-11,-0.00609,1730.0,2022-07-11,-0.022033,11884.25,2022-07-11,-0.011407,3856.75,2022-07-11,-0.035472,2.990999937057495,2022-07-11,0.062094,26.170000076293945,2022-07-11,-0.00668,104.08999633789062,2022-07-11,-0.042659,19970.556640625,2022-07-11,-0.060908,1097.236572265625,2022-07-11,0.002855,136.30099487304688,2022-07-11,,2022-07-11,0.0,-0.00096,ETH,0.5115,0.0805,risk_off,stressed,unknown,up,down,retrospective_derived,2026-08-31T03:54:07Z
2022-07-12,0.000463,108.06999969482422,2022-07-12,-0.003873,1723.300048828125,2022-07-12,-0.008856,11779.0,2022-07-12,-0.008556,3823.75,2022-07-12,-0.011033,2.9579999446868896,2022-07-12,0.042797,27.290000915527344,2022-07-12,-0.079258,95.83999633789062,2022-07-12,-0.03238,19323.9140625,2022-07-12,-0.053812,1038.191650390625,2022-07-12,0.007975,137.38800048828125,2022-07-12,-0.033,2022-07-12,-0.011407,-0.011407,ETH,0.5333,0.0279,risk_off,stressed,down,flat,down,retrospective_derived,2026-08-31T03:54:07Z
2022-07-13,-0.001018,107.95999908447266,2022-07-13,0.006325,1734.199951171875,2022-07-13,-0.001422,11762.25,2022-07-13,-0.005034,3804.5,2022-07-13,-0.018256,2.9040000438690186,2022-07-13,-0.017222,26.81999969482422,2022-07-13,0.0048,96.3000030517578,2022-07-13,0.045962,20212.07421875,2022-07-13,0.072622,1113.587158203125,2022-07-13,-0.004818,136.7259979248047,2022-07-13,-0.054,2022-07-13,-0.008556,-0.008556,ETH,0.5585,0.0291,neutral,stressed,down,flat,up,retrospective_derived,2026-08-31T03:54:07Z
2022-07-14,0.005372,108.54000091552734,2022-07-14,-0.017126,1704.5,2022-07-14,0.002997,11797.5,2022-07-14,-0.002957,3793.25,2022-07-14,0.019284,2.9600000381469727,2022-07-14,-0.01566,26.399999618530277,2022-07-14,-0.0054,95.77999877929688,2022-07-14,0.017705,20569.919921875,2022-07-14,0.069989,1191.5262451171875,2022-07-14,0.006597,137.6280059814453,2022-07-14,0.056,2022-07-14,-0.005034,-0.005034,ETH,0.4309,0.023,neutral,stressed,up,up,up,retrospective_derived,2026-08-31T03:54:07Z
2022-07-15,-0.004422,108.05999755859376,2022-07-15,-0.001232,1702.4000244140625,2022-07-15,0.0178,12007.5,2022-07-15,0.018915,3865.0,2022-07-15,-0.010135,2.930000066757202,2022-07-15,-0.082197,24.229999542236328,2022-07-15,0.018897,97.58999633789062,2022-07-15,0.012951,20836.328125,2022-07-15,0.034916,1233.129150390625,2022-07-15,0.009729,138.9669952392578,2022-07-15,-0.03,2022-07-15,-0.002957,-0.002957,ETH,0.4419,0.0225,risk_on,stressed,down,down,up,retrospective_derived,2026-08-31T03:54:07Z
2022-07-16,,,,,,,,,,,,,,,,,,,,,,0.016989,21190.31640625,2022-07-16,0.096906,1352.62646484375,2022-07-16,,,,,2022-07-16,0.018915,0.018915,ETH,0.4704,0.0528,unknown,unknown,unknown,unknown,up,retrospective_derived,2026-08-31T03:54:07Z
2022-07-17,,,,,,,,,,,,,,,,,,,,,,-0.019394,20779.34375,2022-07-17,-0.010343,1338.6357421875,2022-07-17,,,,,2022-07-17,0.0,0.018915,ETH,0.48,0.0467,unknown,unknown,unknown,unknown,down,retrospective_derived,2026-08-31T03:54:07Z
2022-07-18,-0.006385,107.37000274658205,2022-07-18,0.003994,1709.199951171875,2022-07-18,-0.00837,11907.0,2022-07-18,-0.008085,3833.75,2022-07-18,0.010239,2.9600000381469727,2022-07-18,0.04416,25.299999237060547,2022-07-18,0.051337,102.5999984741211,2022-07-18,0.082117,22485.689453125,2022-07-18,0.179348,1578.7178955078125,2022-07-18,-0.004699,138.31399536132812,2022-07-18,,2022-07-18,0.0,0.018915,WTI,0.5652,0.088,risk_off,stressed,unknown,down,up,retrospective_derived,2026-08-31T03:54:07Z
2022-07-19,-0.006426,106.68000030517578,2022-07-19,0.000468,1710.0,2022-07-19,0.030822,12274.0,2022-07-19,0.027062,3937.5,2022-07-19,0.019932,3.0190000534057617,2022-07-19,-0.031621,24.5,2022-07-19,0.01579,104.22000122070312,2022-07-19,0.040192,23389.43359375,2022-07-19,-0.02264,1542.9752197265625,2022-07-19,-0.000614,138.22900390625,2022-07-19,0.059,2022-07-19,-0.008085,-0.008085,WTI,0.5873,0.1428,risk_on,stressed,up,down,up,retrospective_derived,2026-08-31T03:54:07Z
2022-07-20,0.00375,107.08000183105467,2022-07-20,-0.00614,1699.5,2022-07-20,0.015582,12465.25,2022-07-20,0.006349,3962.5,2022-07-20,0.005631,3.0360000133514404,2022-07-20,-0.025306,23.8799991607666,2022-07-20,-0.018806,102.26000213623048,2022-07-20,-0.006742,23231.732421875,2022-07-20,-0.01476,1520.20068359375,2022-07-20,-0.000275,138.1909942626953,2022-07-20,0.017,2022-07-20,0.027062,0.027062,WTI,0.53,0.079,neutral,elevated,flat,up,down,retrospective_derived,2026-08-31T03:54:07Z
2022-07-21,-0.001588,106.91000366210938,2022-07-21,0.007767,1712.699951171875,2022-07-21,0.014019,12640.0,2022-07-21,0.009779,4001.25,2022-07-21,-0.041502,2.9100000858306885,2022-07-21,-0.032244,23.11000061035156,2022-07-21,-0.057794,96.3499984741211,2022-07-21,-0.002888,23164.62890625,2022-07-21,0.037198,1576.74951171875,2022-07-21,0.001476,138.39500427246094,2022-07-21,-0.126,2022-07-21,0.006349,0.006349,WTI,0.5192,0.0871,risk_on,elevated,down,down,down,retrospective_derived,2026-08-31T03:54:07Z
2022-07-22,-0.001684,106.7300033569336,2022-07-22,0.008408,1727.0999755859375,2022-07-22,-0.017128,12423.5,2022-07-22,-0.00906,3965.0,2022-07-22,-0.043643,2.782999992370605,2022-07-22,-0.003462,23.030000686645508,2022-07-22,-0.017125,94.6999969482422,2022-07-22,-0.019411,22714.978515625,2022-07-22,-0.024953,1537.4051513671875,2022-07-22,-0.009372,137.09800720214844,2022-07-22,-0.127,2022-07-22,0.009779,0.009779,WTI,0.4797,0.0568,neutral,elevated,down,down,down,retrospective_derived,2026-08-31T03:54:07Z
2022-07-23,,,,,,,,,,,,,,,,,,,,,,-0.010984,22465.478515625,2022-07-23,0.007735,1549.2974853515625,2022-07-23,,,,,2022-07-23,-0.00906,-0.00906,WTI,0.4771,0.0479,unknown,unknown,unknown,unknown,down,retrospective_derived,2026-08-31T03:54:07Z
2022-07-24,,,,,,,,,,,,,,,,,,,,,,0.006396,22609.1640625,2022-07-24,0.032388,1599.4766845703125,2022-07-24,,,,,2022-07-24,0.0,-0.00906,WTI,0.4771,0.0902,unknown,unknown,unknown,unknown,up,retrospective_derived,2026-08-31T03:54:07Z
2022-07-25,-0.002342,106.4800033569336,2022-07-25,-0.00469,1719.0,2022-07-25,-0.005554,12354.5,2022-07-25,0.001261,3970.0,2022-07-25,0.013295,2.819999933242798,2022-07-25,0.014329,23.36000061035156,2022-07-25,0.021119,96.6999969482422,2022-07-25,-0.055175,21361.701171875,2022-07-25,-0.09634,1445.3834228515625,2022-07-25,-0.005733,136.31199645996094,2022-07-25,,2022-07-25,0.0,-0.00906,BTC,0.3786,0.0682,neutral,elevated,unknown,down,down,retrospective_derived,2026-08-31T03:54:07Z
2022-07-26,0.006668,107.19000244140624,2022-07-26,-0.000756,1717.699951171875,2022-07-26,-0.019588,12112.5,2022-07-26,-0.011776,3923.25,2022-07-26,-0.011702,2.7869999408721924,2022-07-26,0.056935,24.690000534057617,2022-07-26,-0.017787,94.9800033569336,2022-07-26,-0.005709,21239.75390625,2022-07-26,-0.002475,1441.8067626953125,2022-07-26,0.000873,136.43099975585938,2022-07-26,-0.033,2022-07-26,0.001261,0.001261,BTC,0.3867,0.0346,risk_off,stressed,down,up,down,retrospective_derived,2026-08-31T03:54:07Z
2022-07-27,-0.006904,106.4499969482422,2022-07-27,0.000815,1719.0999755859375,2022-07-27,0.041816,12619.0,2022-07-27,0.025808,4024.5,2022-07-27,-0.019017,2.733999967575073,2022-07-27,-0.058728,23.239999771118164,2022-07-27,0.024005,97.26000213623048,2022-07-27,0.079605,22930.548828125,2022-07-27,0.134849,1636.232666015625,2022-07-27,0.003951,136.97000122070312,2022-07-27,-0.053,2022-07-27,-0.011776,-0.011776,BTC,0.4158,0.0129,risk_on,elevated,down,down,up,retrospective_derived,2026-08-31T03:54:07Z
2022-07-28,-0.000939,106.3499984741211,2022-07-28,0.018149,1750.300048828125,2022-07-28,0.009391,12737.5,2022-07-28,0.012175,4073.5,2022-07-28,-0.019386,2.680999994277954,2022-07-28,-0.039157,22.32999992370605,2022-07-28,-0.008637,96.41999816894533,2022-07-28,0.039831,23843.88671875,2022-07-28,0.054537,1725.4681396484375,2022-07-28,-0.006272,136.11099243164062,2022-07-28,-0.053,2022-07-28,0.025808,0.025808,BTC,0.4633,0.0256,risk_on,elevated,down,flat,up,retrospective_derived,2026-08-31T03:54:07Z
2022-07-29,-0.004231,105.9000015258789,2022-07-29,0.007199,1762.9000244140625,2022-07-29,0.018371,12971.5,2022-07-29,0.014729,4133.5,2022-07-29,-0.014547,2.6419999599456787,2022-07-29,-0.044783,21.32999992370605,2022-07-29,0.022817,98.62000274658205,2022-07-29,-0.001646,23804.6328125,2022-07-29,0.001124,1727.406982421875,2022-07-29,-0.012593,134.39700317382812,2022-07-29,-0.039,2022-07-29,0.012175,0.012175,BTC,0.438,0.0144,risk_on,elevated,down,down,down,retrospective_derived,2026-08-31T03:54:07Z
2022-07-30,,,,,,,,,,,,,,,,,,,,,,-0.006235,23656.20703125,2022-07-30,-0.018199,1695.969482421875,2022-07-30,,,,,2022-07-30,0.014729,0.014729,BTC,0.4176,0.0006,unknown,unknown,unknown,unknown,down,retrospective_derived,2026-08-31T03:54:07Z
2022-07-31,,,,,,,,,,,,,,,,,,,,,,-0.013498,23336.896484375,2022-07-31,-0.008521,1681.517333984375,2022-07-31,,,,,2022-07-31,0.0,0.014729,WTI,0.3716,0.0295,unknown,unknown,unknown,unknown,down,retrospective_derived,2026-08-31T03:54:07Z
2022-08-01,-0.004249,105.4499969482422,2022-08-01,0.00346,1769.0,2022-08-01,-0.000694,12962.5,2022-08-01,-0.003145,4120.5,2022-08-01,-0.013626,2.6059999465942383,2022-08-01,0.070792,22.84000015258789,2022-08-01,-0.047962,93.88999938964844,2022-08-01,-0.000973,23314.19921875,2022-08-01,-0.027547,1635.19580078125,2022-08-01,-0.007366,133.40699768066406,2022-08-01,,2022-08-01,0.0,0.014729,ETH,0.309,0.0004,risk_off,elevated,unknown,down,flat,retrospective_derived,2026-08-31T03:54:07Z
2022-08-02,0.007492,106.23999786376952,2022-08-02,0.001187,1771.0999755859375,2022-08-02,-0.002932,12924.5,2022-08-02,-0.006492,4093.75,2022-08-02,0.051804,2.740999937057495,2022-08-02,0.047723,23.93000030517578,2022-08-02,0.005645,94.41999816894533,2022-08-02,-0.014415,22978.1171875,2022-08-02,-0.001376,1632.9454345703125,2022-08-02,-0.013755,131.57200622558594,2022-08-02,0.135,2022-08-02,-0.003145,-0.003145,DXY,0.3538,0.0019,risk_off,elevated,up,up,down,retrospective_derived,2026-08-31T03:54:07Z
2022-08-03,0.002541,106.51000213623048,2022-08-03,-0.007397,1758.0,2022-08-03,0.026848,13271.5,2022-08-03,0.015267,4156.25,2022-08-03,0.002554,2.747999906539917,2022-08-03,-0.082741,21.950000762939453,2022-08-03,-0.039822,90.66000366210938,2022-08-03,-0.005728,22846.5078125,2022-08-03,-0.008617,1618.87451171875,2022-08-03,0.013734,133.37899780273438,2022-08-03,0.007,2022-08-03,-0.006492,-0.006492,USDJPY,0.366,0.0039,risk_on,elevated,flat,up,down,retrospective_derived,2026-08-31T03:54:07Z
2022-08-04,-0.007699,105.69000244140624,2022-08-04,0.017349,1788.5,2022-08-04,0.004182,13327.0,2022-08-04,-0.000962,4152.25,2022-08-04,-0.026201,2.6760001182556152,2022-08-04,-0.023235,21.440000534057617,2022-08-04,-0.023384,88.54000091552734,2022-08-04,-0.009435,22630.95703125,2022-08-04,-0.00659,1608.205810546875,2022-08-04,0.004371,133.96200561523438,2022-08-04,-0.072,2022-08-04,0.015267,0.015267,NASDAQ,0.3215,0.0161,neutral,elevated,down,down,down,retrospective_derived,2026-08-31T03:54:07Z
2022-08-05,0.008799,106.62000274658205,2022-08-05,-0.008722,1772.9000244140625,2022-08-05,-0.007372,13228.75,2022-08-05,-0.001325,4146.75,2022-08-05,0.061285,2.8399999141693115,2022-08-05,-0.013526,21.149999618530277,2022-08-05,0.005308,89.01000213623047,2022-08-05,0.029091,23289.314453125,2022-08-05,0.077135,1732.254638671875,2022-08-05,-0.01001,132.62100219726562,2022-08-05,0.164,2022-08-05,-0.000962,-0.000962,DXY,0.3248,0.0122,neutral,elevated,up,up,up,retrospective_derived,2026-08-31T03:54:07Z
2022-08-06,,,,,,,,,,,,,,,,,,,,,,-0.014085,22961.279296875,2022-08-06,-0.023436,1691.6580810546875,2022-08-06,,,,,2022-08-06,-0.001325,-0.001325,DXY,0.3212,0.0103,unknown,unknown,unknown,unknown,down,retrospective_derived,2026-08-31T03:54:07Z
2022-08-07,,,,,,,,,,,,,,,,,,,,,,0.009347,23175.890625,2022-08-07,0.004547,1699.350830078125,2022-08-07,,,,,2022-08-07,0.0,-0.001325,NASDAQ,0.3731,0.0204,unknown,unknown,unknown,unknown,up,retrospective_derived,2026-08-31T03:54:07Z
2022-08-08,-0.001688,106.44000244140624,2022-08-08,0.00784,1786.800048828125,2022-08-08,-0.003439,13183.25,2022-08-08,-0.001206,4141.75,2022-08-08,-0.026408,2.765000104904175,2022-08-08,0.006619,21.290000915527344,2022-08-08,0.019661,90.76000213623048,2022-08-08,0.027339,23809.486328125,2022-08-08,0.04482,1775.51611328125,2022-08-08,0.018368,135.0570068359375,2022-08-08,,2022-08-08,0.0,-0.001325,US10Y,0.3079,0.0081,neutral,elevated,unknown,down,up,retrospective_derived,2026-08-31T03:54:07Z
2022-08-09,-0.000658,106.37000274658205,2022-08-09,0.00403,1794.0,2022-08-09,-0.011511,13031.5,2022-08-09,-0.004165,4124.5,2022-08-09,0.011573,2.796999931335449,2022-08-09,0.022546,21.770000457763672,2022-08-09,-0.002865,90.5,2022-08-09,-0.027097,23164.318359375,2022-08-09,-0.040828,1703.0250244140625,2022-08-09,-0.001607,134.83999633789062,2022-08-09,0.032,2022-08-09,-0.001206,-0.001206,US10Y,0.3363,0.0282,neutral,elevated,up,flat,down,retrospective_derived,2026-08-31T03:54:07Z
2022-08-10,-0.010999,105.1999969482422,2022-08-10,0.000892,1795.5999755859375,2022-08-10,0.027664,13392.0,2022-08-10,0.02073,4210.0,2022-08-10,-0.003933,2.7860000133514404,2022-08-10,-0.093248,19.739999771118164,2022-08-10,0.015801,91.93000030517578,2022-08-10,0.033816,23947.642578125,2022-08-10,0.087326,1851.74267578125,2022-08-10,0.002573,135.18699645996094,2022-08-10,-0.011,2022-08-10,-0.004165,-0.004165,DXY,0.3719,0.0102,risk_on,elevated,flat,down,up,retrospective_derived,2026-08-31T03:54:07Z
2022-08-11,-0.001046,105.08999633789062,2022-08-11,-0.003286,1789.699951171875,2022-08-11,-0.00603,13311.25,2022-08-11,-5.9e-05,4209.75,2022-08-11,0.036612,2.888000011444092,2022-08-11,0.023303,20.200000762939453,2022-08-11,0.026216,94.33999633789062,2022-08-11,0.000413,23957.529296875,2022-08-11,0.015921,1881.22412109375,2022-08-11,-0.017435,132.8300018310547,2022-08-11,0.102,2022-08-11,0.02073,0.02073,USDJPY,0.3875,0.0085,neutral,elevated,up,flat,flat,retrospective_derived,2026-08-31T03:54:07Z
2022-08-12,0.005138,105.62999725341795,2022-08-12,0.004973,1798.5999755859375,2022-08-12,0.020021,13577.75,2022-08-12,0.016925,4281.0,2022-08-12,-0.013504,2.8489999771118164,2022-08-12,-0.033168,19.530000686645508,2022-08-12,-0.02385,92.08999633789062,2022-08-12,0.018587,24402.818359375,2022-08-12,0.040411,1957.2464599609373,2022-08-12,0.001235,132.99400329589844,2022-08-12,-0.039,2022-08-12,-5.9e-05,-5.9e-05,USDJPY,0.3707,0.0118,risk_on,elevated,down,up,up,retrospective_derived,2026-08-31T03:54:07Z
2022-08-13,,,,,,,,,,,,,,,,,,,,,,0.000871,24424.068359375,2022-08-13,0.012308,1981.3365478515625,2022-08-13,,,,,2022-08-13,0.016925,0.016925,USDJPY,0.371,0.0121,unknown,unknown,unknown,unknown,flat,retrospective_derived,2026-08-31T03:54:07Z
2022-08-14,,,,,,,,,,,,,,,,,,,,,,-0.004288,24319.333984375,2022-08-14,-0.022477,1936.802001953125,2022-08-14,,,,,2022-08-14,0.0,0.016925,NASDAQ,0.3747,0.0004,unknown,unknown,unknown,unknown,down,retrospective_derived,2026-08-31T03:54:07Z
2022-08-15,0.00871,106.5500030517578,2022-08-15,-0.009563,1781.4000244140625,2022-08-15,0.007623,13681.25,2022-08-15,0.004029,4298.25,2022-08-15,-0.020358,2.7909998893737797,2022-08-15,0.021505,19.950000762939453,2022-08-15,-0.029102,89.41000366210938,2022-08-15,-0.007499,24136.97265625,2022-08-15,-0.016818,1904.2281494140625,2022-08-15,0.002211,133.28799438476562,2022-08-15,,2022-08-15,0.0,0.016925,USDJPY,0.3761,0.0137,neutral,elevated,unknown,up,down,retrospective_derived,2026-08-31T03:54:07Z
2022-08-16,-0.000469,106.5,2022-08-16,-0.004603,1773.199951171875,2022-08-16,-0.001681,13658.25,2022-08-16,0.00221,4307.75,2022-08-16,0.011824,2.8239998817443848,2022-08-16,-0.013033,19.690000534057617,2022-08-16,-0.032211,86.52999877929688,2022-08-16,-0.01051,23883.291015625,2022-08-16,-0.0137,1878.139404296875,2022-08-16,-0.001088,133.14300537109375,2022-08-16,0.033,2022-08-16,0.004029,0.004029,US10Y,0.341,0.0125,neutral,elevated,up,flat,down,retrospective_derived,2026-08-31T03:54:07Z
2022-08-17,0.000657,106.56999969482422,2022-08-17,-0.007275,1760.300048828125,2022-08-17,-0.012081,13493.25,2022-08-17,-0.007196,4276.75,2022-08-17,0.024433,2.8929998874664307,2022-08-17,0.010665,19.899999618530277,2022-08-17,0.01826,88.11000061035156,2022-08-17,-0.022915,23335.998046875,2022-08-17,-0.024034,1832.9996337890625,2022-08-17,0.008517,134.27699279785156,2022-08-17,0.069,2022-08-17,0.00221,0.00221,US10Y,0.3448,0.0702,neutral,elevated,up,flat,down,retrospective_derived,2026-08-31T03:54:07Z
2022-08-18,0.008539,107.4800033569336,2022-08-18,-0.00284,1755.300048828125,2022-08-18,0.002223,13523.25,2022-08-18,0.00228,4286.5,2022-08-18,-0.004494,2.880000114440918,2022-08-18,-0.017085,19.559999465942383,2022-08-18,0.027125,90.5,2022-08-18,-0.005282,23212.73828125,2022-08-18,0.007642,1847.0078125,2022-08-18,0.004967,134.94400024414062,2022-08-18,-0.013,2022-08-18,-0.007196,-0.007196,USDJPY,0.3261,0.001,neutral,elevated,flat,up,down,retrospective_derived,2026-08-31T03:54:07Z
2022-08-19,0.00642,108.16999816894533,2022-08-19,-0.004387,1747.5999755859375,2022-08-19,-0.018838,13268.5,2022-08-19,-0.012831,4231.5,2022-08-19,0.037847,2.989000082015991,2022-08-19,0.05317,20.600000381469727,2022-08-19,0.002983,90.7699966430664,2022-08-19,-0.100599,20877.552734375,2022-08-19,-0.126703,1612.9873046875,2022-08-19,0.006306,135.7949981689453,2022-08-19,0.109,2022-08-19,0.00228,0.00228,US10Y,0.3782,0.088,risk_off,elevated,up,up,down,retrospective_derived,2026-08-31T03:54:07Z
2022-08-20,,,,,,,,,,,,,,,,,,,,,,0.013819,21166.060546875,2022-08-20,-0.022309,1577.0037841796875,2022-08-20,,,,,2022-08-20,-0.012831,-0.012831,US10Y,0.3744,0.0813,unknown,unknown,unknown,unknown,up,retrospective_derived,2026-08-31T03:54:07Z
2022-08-21,,,,,,,,,,,,,,,,,,,,,,0.017389,21534.12109375,2022-08-21,0.026833,1619.3189697265625,2022-08-21,,,,,2022-08-21,0.0,-0.012831,US10Y,0.4103,0.0914,unknown,unknown,unknown,unknown,up,retrospective_derived,2026-08-31T03:54:07Z
2022-08-22,0.008135,109.0500030517578,2022-08-22,-0.007782,1734.0,2022-08-22,-0.027038,12909.75,2022-08-22,-0.021328,4141.25,2022-08-22,0.016059,3.0369999408721924,2022-08-22,0.15534,23.799999237060547,2022-08-22,-0.005949,90.2300033569336,2022-08-22,-0.006279,21398.908203125,2022-08-22,0.001968,1622.505859375,2022-08-22,0.009176,137.04100036621094,2022-08-22,,2022-08-22,0.0,-0.012831,NASDAQ,0.3445,0.0089,risk_off,elevated,unknown,up,down,retrospective_derived,2026-08-31T03:54:07Z
2022-08-23,-0.003943,108.62000274658205,2022-08-23,0.007382,1746.800048828125,2022-08-23,-0.001026,12896.5,2022-08-23,-0.002596,4130.5,2022-08-23,0.005598,3.053999900817871,2022-08-23,0.013025,24.11000061035156,2022-08-23,0.038901,93.73999786376952,2022-08-23,0.006037,21528.087890625,2022-08-23,0.024816,1662.7698974609375,2022-08-23,0.003685,137.54600524902344,2022-08-23,0.017,2022-08-23,-0.021328,-0.021328,DXY,0.3621,0.0152,neutral,stressed,flat,down,up,retrospective_derived,2026-08-31T03:54:07Z
2022-08-24,0.000552,108.68000030517578,2022-08-24,0.000572,1747.800048828125,2022-08-24,0.002578,12929.75,2022-08-24,0.002966,4142.75,2022-08-24,0.017027,3.1059999465942383,2022-08-24,-0.053505,22.81999969482422,2022-08-24,0.012268,94.88999938964844,2022-08-24,-0.006181,21395.01953125,2022-08-24,-0.003434,1657.0592041015625,2022-08-24,-0.005911,136.73300170898438,2022-08-24,0.052,2022-08-24,-0.002596,-0.002596,DXY,0.3344,0.0034,neutral,elevated,up,flat,down,retrospective_derived,2026-08-31T03:54:07Z
2022-08-25,-0.001932,108.47000122070312,2022-08-25,0.005664,1757.699951171875,2022-08-25,0.017498,13156.0,2022-08-25,0.014061,4201.0,2022-08-25,-0.025757,3.026000022888184,2022-08-25,-0.045574,21.780000686645508,2022-08-25,-0.024976,92.5199966430664,2022-08-25,0.009623,21600.904296875,2022-08-25,0.023776,1696.45703125,2022-08-25,0.002545,137.08099365234375,2022-08-25,-0.08,2022-08-25,0.002966,0.002966,VIX,0.3801,0.0131,risk_on,elevated,down,down,up,retrospective_derived,2026-08-31T03:54:07Z
2022-08-26,0.003042,108.8000030517578,2022-08-26,-0.012289,1736.0999755859375,2022-08-26,-0.040704,12620.5,2022-08-26,-0.033682,4059.5,2022-08-26,0.002974,3.0350000858306885,2022-08-26,0.173554,25.559999465942383,2022-08-26,0.005837,93.05999755859376,2022-08-26,-0.062075,20260.01953125,2022-08-26,-0.111217,1507.7828369140625,2022-08-26,-0.003779,136.56300354003906,2022-08-26,0.009,2022-08-26,0.014061,0.014061,VIX,0.4713,0.0234,risk_off,stressed,flat,up,down,retrospective_derived,2026-08-31T03:54:07Z
2022-08-27,,,,,,,,,,,,,,,,,,,,,,-0.010774,20041.73828125,2022-08-27,-0.010869,1491.39501953125,2022-08-27,,,,,2022-08-27,-0.033682,-0.033682,VIX,0.4783,0.0231,unknown,unknown,unknown,unknown,down,retrospective_derived,2026-08-31T03:54:07Z
2022-08-28,,,,,,,,,,,,,,,,,,,,,,-0.021202,19616.814453125,2022-08-28,-0.040799,1430.54736328125,2022-08-28,,,,,2022-08-28,0.0,-0.033682,VIX,0.5223,0.0322,unknown,unknown,unknown,unknown,down,retrospective_derived,2026-08-31T03:54:07Z
2022-08-29,0.000368,108.83999633789062,2022-08-29,0.000288,1736.5999755859375,2022-08-29,-0.010122,12492.75,2022-08-29,-0.006959,4031.25,2022-08-29,0.024712,3.109999895095825,2022-08-29,0.02543,26.209999084472656,2022-08-29,0.042446,97.01000213623048,2022-08-29,0.034724,20297.994140625,2022-08-29,0.085625,1553.037353515625,2022-08-29,0.007008,137.52000427246094,2022-08-29,,2022-08-29,0.0,-0.033682,VIX,0.5202,0.0288,neutral,stressed,unknown,flat,up,retrospective_derived,2026-08-31T03:54:07Z
2022-08-30,-0.000643,108.7699966430664,2022-08-30,-0.007716,1723.199951171875,2022-08-30,-0.010726,12358.75,2022-08-30,-0.010853,3987.5,2022-08-30,0.0,3.109999895095825,2022-08-30,0.0,26.209999084472656,2022-08-30,-0.055355,91.63999938964844,2022-08-30,-0.024691,19796.80859375,2022-08-30,-0.018801,1523.8388671875,2022-08-30,0.007824,138.5959930419922,2022-08-30,0.0,2022-08-30,-0.006959,-0.006959,VIX,0.4162,0.0008,neutral,stressed,flat,flat,down,retrospective_derived,2026-08-31T03:54:07Z
2022-08-31,-0.000644,108.6999969482422,2022-08-31,-0.006035,1712.800048828125,2022-08-31,-0.005947,12285.25,2022-08-31,-0.007774,3956.5,2022-08-31,0.007395,3.132999897003174,2022-08-31,-0.012972,25.8700008392334,2022-08-31,-0.022807,89.55000305175781,2022-08-31,0.012778,20049.763671875,2022-08-31,0.019586,1553.6849365234375,2022-08-31,0.000996,138.73399353027344,2022-08-31,0.023,2022-08-31,-0.010853,-0.010853,SPX,0.4344,0.0044,neutral,stressed,up,flat,up,retrospective_derived,2026-08-31T03:54:07Z
2022-09-01,0.009108,109.69000244140624,2022-09-01,-0.009458,1696.5999755859375,2022-09-01,0.00057,12292.25,2022-09-01,0.003096,3968.75,2022-09-01,0.042132,3.265000104904175,2022-09-01,-0.011983,25.559999465942383,2022-09-01,-0.032831,86.61000061035156,2022-09-01,0.003859,20127.140625,2022-09-01,0.020913,1586.1767578125,2022-09-01,0.004051,139.29600524902344,2022-09-01,0.132,2022-09-01,-0.007774,-0.007774,GOLD,0.4065,0.0113,neutral,stressed,up,up,up,retrospective_derived,2026-08-31T03:54:07Z
2022-09-02,-0.001459,109.52999877929688,2022-09-02,0.00778,1709.800048828125,2022-09-02,-0.015294,12104.25,2022-09-02,-0.01115,3924.5,2022-09-02,-0.022052,3.193000078201294,2022-09-02,-0.003521,25.46999931335449,2022-09-02,0.003002,86.87000274658203,2022-09-02,-0.007819,19969.771484375,2022-09-02,-0.005646,1577.220458984375,2022-09-02,0.005635,140.08099365234375,2022-09-02,-0.072,2022-09-02,0.003096,0.003096,VIX,0.3881,0.0042,neutral,stressed,down,flat,down,retrospective_derived,2026-08-31T03:54:07Z
2022-09-03,,,,,,,,,,,,,,,,,,,,,,-0.006895,19832.087890625,2022-09-03,-0.012901,1556.8726806640625,2022-09-03,,,,,2022-09-03,-0.01115,-0.01115,VIX,0.3868,0.0047,unknown,unknown,unknown,unknown,down,retrospective_derived,2026-08-31T03:54:07Z
2022-09-04,,,,,,,,,,,,,,,,,,,,,,0.007797,19986.712890625,2022-09-04,0.01334,1577.6416015625,2022-09-04,,,,,2022-09-04,0.0,-0.01115,VIX,0.4135,0.0125,unknown,unknown,unknown,unknown,up,retrospective_derived,2026-08-31T03:54:07Z
2022-09-05,,,,,,,,,,,,,,,,,,,,,,-0.008723,19812.37109375,2022-09-05,0.025064,1617.1832275390625,2022-09-05,0.002898,140.48699951171875,2022-09-05,,2022-09-05,0.0,-0.01115,VIX,0.4293,0.0101,unknown,unknown,unknown,unknown,down,retrospective_derived,2026-08-31T03:54:07Z
2022-09-06,0.006208,110.20999908447266,2022-09-06,-0.005498,1700.4000244140625,2022-09-06,-0.007043,12019.0,2022-09-06,-0.003567,3910.5,2022-09-06,0.046038,3.3399999141693115,2022-09-06,0.056537,26.90999984741211,2022-09-06,0.000115,86.87999725341797,2022-09-06,-0.049197,18837.66796875,2022-09-06,-0.034279,1561.74853515625,2022-09-06,-0.000406,140.42999267578125,2022-09-06,,2022-09-06,0.0,-0.01115,VIX,0.4881,0.0561,risk_off,stressed,unknown,up,down,retrospective_derived,2026-08-31T03:54:07Z
2022-09-07,-0.003357,109.83999633789062,2022-09-07,0.008763,1715.300048828125,2022-09-07,0.020322,12263.25,2022-09-07,0.017773,3980.0,2022-09-07,-0.022455,3.265000104904175,2022-09-07,-0.084355,24.63999938964844,2022-09-07,-0.05686,81.94000244140625,2022-09-07,0.024029,19290.32421875,2022-09-07,0.043642,1629.9063720703125,2022-09-07,0.019376,143.1510009765625,2022-09-07,-0.075,2022-09-07,-0.003567,-0.003567,VIX,0.6572,0.1164,risk_on,stressed,down,down,up,retrospective_derived,2026-08-31T03:54:07Z
2022-09-08,-0.001184,109.70999908447266,2022-09-08,-0.004256,1708.0,2022-09-08,0.00477,12321.75,2022-09-08,0.006407,4005.5,2022-09-08,0.00827,3.2920000553131104,2022-09-08,-0.041802,23.61000061035156,2022-09-08,0.019526,83.54000091552734,2022-09-08,0.002048,19329.833984375,2022-09-08,0.003338,1635.34765625,2022-09-08,0.006825,144.1280059814453,2022-09-08,0.027,2022-09-08,0.017773,0.017773,VIX,0.6429,0.1072,risk_on,elevated,up,flat,up,retrospective_derived,2026-08-31T03:54:07Z
2022-09-09,-0.006472,109.0,2022-09-09,0.004801,1716.199951171875,2022-09-09,0.021973,12592.5,2022-09-09,0.015416,4067.25,2022-09-09,0.008809,3.321000099182129,2022-09-09,-0.034731,22.790000915527344,2022-09-09,0.038904,86.79000091552734,2022-09-09,0.106122,21381.15234375,2022-09-09,0.051205,1719.08544921875,2022-09-09,-0.001887,143.8560028076172,2022-09-09,0.029,2022-09-09,0.006407,0.006407,VIX,0.5971,0.0508,risk_on,elevated,up,down,up,retrospective_derived,2026-08-31T03:54:07Z
2022-09-10,,,,,,,,,,,,,,,,,,,,,,0.014002,21680.5390625,2022-09-10,0.033226,1776.2037353515625,2022-09-10,,,,,2022-09-10,0.015416,0.015416,VIX,0.6048,0.0552,unknown,unknown,unknown,unknown,up,retrospective_derived,2026-08-31T03:54:07Z
2022-09-11,,,,,,,,,,,,,,,,,,,,,,0.004092,21769.255859375,2022-09-11,-0.008109,1761.800048828125,2022-09-11,,,,,2022-09-11,0.0,0.015416,GOLD,0.5365,0.0025,unknown,unknown,unknown,unknown,up,retrospective_derived,2026-08-31T03:54:07Z
2022-09-12,-0.006147,108.33000183105467,2022-09-12,0.006934,1728.0999755859375,2022-09-12,0.011773,12740.75,2022-09-12,0.010695,4110.75,2022-09-12,0.012346,3.361999988555908,2022-09-12,0.047389,23.8700008392334,2022-09-12,0.011407,87.77999877929688,2022-09-12,0.027617,22370.44921875,2022-09-12,-0.027265,1713.7652587890625,2022-09-12,-0.008759,142.5959930419922,2022-09-12,,2022-09-12,0.0,0.015416,VIX,0.5336,0.0313,mixed,elevated,unknown,down,up,retrospective_derived,2026-08-31T03:54:07Z
2022-09-13,0.013754,109.81999969482422,2022-09-13,-0.013367,1705.0,2022-09-13,-0.055275,12036.5,2022-09-13,-0.043666,3931.25,2022-09-13,0.017847,3.421999931335449,2022-09-13,0.142438,27.270000457763672,2022-09-13,-0.005354,87.30999755859375,2022-09-13,-0.0927,20296.70703125,2022-09-13,-0.077594,1580.7879638671875,2022-09-13,-7.7e-05,142.5850067138672,2022-09-13,0.06,2022-09-13,0.010695,0.010695,VIX,0.7166,0.0179,risk_off,stressed,up,up,down,retrospective_derived,2026-08-31T03:54:07Z
2022-09-14,-0.001457,109.66000366210938,2022-09-14,-0.004985,1696.5,2022-09-14,0.008765,12142.0,2022-09-14,0.004134,3947.5,2022-09-14,-0.002922,3.4119999408721924,2022-09-14,-0.040704,26.15999984741211,2022-09-14,0.013401,88.4800033569336,2022-09-14,-0.00274,20241.08984375,2022-09-14,0.034139,1634.7550048828125,2022-09-14,0.012757,144.4040069580078,2022-09-14,-0.01,2022-09-14,-0.043666,-0.043666,VIX,0.6924,0.038,risk_on,stressed,flat,flat,down,retrospective_derived,2026-08-31T03:54:07Z
2022-09-15,0.000729,109.73999786376952,2022-09-15,-0.018332,1665.4000244140625,2022-09-15,-0.017069,11934.75,2022-09-15,-0.011526,3902.0,2022-09-15,0.013775,3.4590001106262207,2022-09-15,0.004205,26.270000457763672,2022-09-15,-0.038201,85.0999984741211,2022-09-15,-0.026672,19701.2109375,2022-09-15,-0.099747,1471.6934814453125,2022-09-15,-0.010256,142.92300415039062,2022-09-15,0.047,2022-09-15,0.004134,0.004134,GOLD,0.6032,0.0346,neutral,stressed,up,flat,down,retrospective_derived,2026-08-31T03:54:07Z
2022-09-16,0.000182,109.76000213623048,2022-09-16,0.003783,1671.699951171875,2022-09-16,-0.010069,11814.580078125,2022-09-16,-0.007883,3871.239990234375,2022-09-16,-0.00318,3.447999954223633,2022-09-16,0.001142,26.299999237060547,2022-09-16,0.000118,85.11000061035156,2022-09-16,0.003623,19772.583984375,2022-09-16,-0.026667,1432.44775390625,2022-09-16,0.003093,143.36500549316406,2022-09-16,-0.011,2022-09-16,-0.011526,-0.011526,GOLD,0.575,0.0286,neutral,stressed,flat,flat,up,retrospective_derived,2026-08-31T03:54:07Z
2022-09-17,,,,,,,,,,,,,,,,,,,,,,0.017954,20127.576171875,2022-09-17,0.026035,1469.74169921875,2022-09-17,,,,,2022-09-17,-0.007883,-0.007883,GOLD,0.5683,0.0283,unknown,unknown,unknown,unknown,up,retrospective_derived,2026-08-31T03:54:07Z
2022-09-18,,,,,,,,,,,,,,,,,,,,,,-0.035179,19419.505859375,2022-09-18,-0.091453,1335.3291015625,2022-09-18,,,,,2022-09-18,0.0,-0.007883,GOLD,0.622,0.0394,unknown,unknown,unknown,unknown,down,retrospective_derived,2026-08-31T03:54:07Z
2022-09-19,-0.000182,109.73999786376952,2022-09-19,-0.00329,1666.199951171875,2022-09-19,0.017726,12024.0,2022-09-19,0.011885,3917.25,2022-09-19,0.012181,3.490000009536743,2022-09-19,-0.020532,25.76000022888184,2022-09-19,0.007285,85.7300033569336,2022-09-19,0.006417,19544.12890625,2022-09-19,0.031612,1377.5413818359375,2022-09-19,-0.004185,142.76499938964844,2022-09-19,,2022-09-19,0.0,-0.007883,GOLD,0.5898,0.0128,neutral,stressed,unknown,flat,up,retrospective_derived,2026-08-31T03:54:07Z
2022-09-20,0.004374,110.22000122070312,2022-09-20,-0.003901,1659.699951171875,2022-09-20,-0.008462,11922.25,2022-09-20,-0.01136,3872.75,2022-09-20,0.023209,3.571000099182129,2022-09-20,0.054348,27.15999984741211,2022-09-20,-0.014931,84.44999694824219,2022-09-20,-0.033429,18890.7890625,2022-09-20,-0.038586,1324.38818359375,2022-09-20,0.003208,143.22300720214844,2022-09-20,0.081,2022-09-20,0.011885,0.011885,SPX,0.6095,0.0262,risk_off,stressed,up,up,down,retrospective_derived,2026-08-31T03:54:07Z
2022-09-21,0.003811,110.63999938964844,2022-09-21,0.002952,1664.5999755859375,2022-09-21,-0.017803,11710.0,2022-09-21,-0.017171,3806.25,2022-09-21,-0.017082,3.509999990463257,2022-09-21,0.03056,27.989999771118164,2022-09-21,-0.01788,82.94000244140625,2022-09-21,-0.018178,18547.400390625,2022-09-21,-0.054199,1252.6077880859375,2022-09-21,0.002646,143.6020050048828,2022-09-21,-0.061,2022-09-21,-0.01136,-0.01136,SPX,0.6716,0.025,risk_off,stressed,down,up,down,retrospective_derived,2026-08-31T03:54:07Z
2022-09-22,0.006417,111.3499984741211,2022-09-22,0.003725,1670.800048828125,2022-09-22,-0.01234,11565.5,2022-09-22,-0.008998,3772.0,2022-09-22,0.05641,3.7079999446868896,2022-09-22,-0.022865,27.350000381469727,2022-09-22,0.006631,83.48999786376953,2022-09-22,0.046699,19413.55078125,2022-09-22,0.059933,1327.68017578125,2022-09-22,0.004972,144.3159942626953,2022-09-22,0.198,2022-09-22,-0.017171,-0.017171,SPX,0.6642,0.0221,neutral,stressed,up,up,up,retrospective_derived,2026-08-31T03:54:07Z
2022-09-23,0.016525,113.19000244140624,2022-09-23,-0.015262,1645.300048828125,2022-09-23,-0.01632,11376.75,2022-09-23,-0.016702,3709.0,2022-09-23,-0.002967,3.697000026702881,2022-09-23,0.093967,29.920000076293945,2022-09-23,-0.056893,78.73999786376953,2022-09-23,-0.005971,19297.638671875,2022-09-23,0.000436,1328.259521484375,2022-09-23,-0.014108,142.27999877929688,2022-09-23,-0.011,2022-09-23,-0.008998,-0.008998,SPX,0.6847,0.0417,risk_off,stressed,flat,up,down,retrospective_derived,2026-08-31T03:54:07Z
2022-09-24,,,,,,,,,,,,,,,,,,,,,,-0.018688,18937.01171875,2022-09-24,-0.007729,1317.9932861328125,2022-09-24,,,,,2022-09-24,-0.016702,-0.016702,SPX,0.6944,0.0422,unknown,unknown,unknown,unknown,down,retrospective_derived,2026-08-31T03:54:07Z
2022-09-25,,,,,,,,,,,,,,,,,,,,,,-0.007124,18802.09765625,2022-09-25,-0.01804,1294.216796875,2022-09-25,,,,,2022-09-25,0.0,-0.016702,SPX,0.6944,0.0422,unknown,unknown,unknown,unknown,down,retrospective_derived,2026-08-31T03:54:07Z
2022-09-26,0.00804,114.0999984741211,2022-09-26,-0.013371,1623.300048828125,2022-09-26,-0.005318,11316.25,2022-09-26,-0.010515,3670.0,2022-09-26,0.048959,3.878000020980835,2022-09-26,0.078208,32.2599983215332,2022-09-26,-0.025781,76.70999908447266,2022-09-26,0.022368,19222.671875,2022-09-26,0.031759,1335.3201904296875,2022-09-26,0.008652,143.51100158691406,2022-09-26,,2022-09-26,0.0,-0.016702,SPX,0.7253,0.0835,risk_off,stressed,unknown,up,up,retrospective_derived,2026-08-31T03:54:07Z
2022-09-27,8.8e-05,114.11000061035156,2022-09-27,0.002094,1626.699951171875,2022-09-27,0.001546,11333.75,2022-09-27,-0.002452,3661.0,2022-09-27,0.022176,3.96399998664856,2022-09-27,0.010539,32.599998474121094,2022-09-27,0.023335,78.5,2022-09-27,-0.005833,19110.546875,2022-09-27,-0.003889,1330.127685546875,2022-09-27,0.006606,144.45899963378906,2022-09-27,0.086,2022-09-27,-0.010515,-0.010515,SPX,0.648,0.0737,neutral,stressed,up,flat,down,retrospective_derived,2026-08-31T03:54:07Z
2022-09-28,-0.013233,112.5999984741211,2022-09-28,0.020717,1660.4000244140625,2022-09-28,0.019588,11555.75,2022-09-28,0.019394,3732.0,2022-09-28,-0.065338,3.704999923706055,2022-09-28,-0.074233,30.18000030517578,2022-09-28,0.046497,82.1500015258789,2022-09-28,0.016544,19426.720703125,2022-09-28,0.005476,1337.410888671875,2022-09-28,0.001606,144.6909942626953,2022-09-28,-0.259,2022-09-28,-0.002452,-0.002452,SPX,0.745,0.0221,risk_on,stressed,down,down,up,retrospective_derived,2026-08-31T03:54:07Z
2022-09-29,-0.003108,112.25,2022-09-29,-0.001144,1658.5,2022-09-29,-0.028341,11228.25,2022-09-29,-0.020833,3654.25,2022-09-29,0.011336,3.746999979019165,2022-09-29,0.055003,31.84000015258789,2022-09-29,-0.011199,81.2300033569336,2022-09-29,0.007532,19573.05078125,2022-09-29,-0.001315,1335.65234375,2022-09-29,-0.002025,144.3979949951172,2022-09-29,0.042,2022-09-29,0.019394,0.019394,SPX,0.7136,0.0552,risk_off,stressed,up,down,up,retrospective_derived,2026-08-31T03:54:07Z
2022-09-30,-0.001158,112.12000274658205,2022-09-30,0.002352,1662.4000244140625,2022-09-30,-0.017167,11035.5,2022-09-30,-0.014435,3601.5,2022-09-30,0.015212,3.803999900817871,2022-09-30,-0.00691,31.6200008392334,2022-09-30,-0.021421,79.48999786376953,2022-09-30,-0.007217,19431.7890625,2022-09-30,-0.005745,1327.9786376953125,2022-09-30,0.000229,144.43099975585938,2022-09-30,0.057,2022-09-30,-0.020833,-0.020833,SPX,0.7077,0.0807,neutral,stressed,up,flat,down,retrospective_derived,2026-08-31T03:54:07Z
2022-10-01,,,,,,,,,,,,,,,,,,,,,,-0.00616,19312.095703125,2022-10-01,-0.0123,1311.6444091796875,2022-10-01,,,,,2022-10-01,-0.014435,-0.014435,SPX,0.7113,0.0787,unknown,unknown,unknown,unknown,down,retrospective_derived,2026-08-31T03:54:07Z
2022-10-02,,,,,,,,,,,,,,,,,,,,,,-0.013877,19044.107421875,2022-10-02,-0.027104,1276.093505859375,2022-10-02,,,,,2022-10-02,0.0,-0.014435,SPX,0.7535,0.1036,unknown,unknown,unknown,unknown,down,retrospective_derived,2026-08-31T03:54:07Z
2022-10-03,-0.0033,111.75,2022-10-03,0.018347,1692.9000244140625,2022-10-03,0.022677,11285.75,2022-10-03,0.024643,3690.25,2022-10-03,-0.040221,3.651000022888184,2022-10-03,-0.048071,30.100000381469727,2022-10-03,0.052082,83.62999725341797,2022-10-03,0.030428,19623.580078125,2022-10-03,0.037102,1323.439208984375,2022-10-03,0.002666,144.8159942626953,2022-10-03,,2022-10-03,0.0,-0.014435,GOLD,0.7068,0.0285,risk_on,stressed,unknown,down,up,retrospective_derived,2026-08-31T03:54:07Z
2022-10-04,-0.015034,110.06999969482422,2022-10-04,0.016658,1721.0999755859375,2022-10-04,0.031456,11640.75,2022-10-04,0.030621,3803.25,2022-10-04,-0.009312,3.617000102996826,2022-10-04,-0.034219,29.06999969482422,2022-10-04,0.034557,86.5199966430664,2022-10-04,0.036347,20336.84375,2022-10-04,0.029232,1362.1265869140625,2022-10-04,-0.002051,144.5189971923828,2022-10-04,-0.034,2022-10-04,0.024643,0.024643,GOLD,0.8545,0.0755,risk_on,stressed,down,down,up,retrospective_derived,2026-08-31T03:54:07Z
2022-10-05,0.009085,111.06999969482422,2022-10-05,-0.005636,1711.4000244140625,2022-10-05,-0.00146,11623.75,2022-10-05,-0.002432,3794.0,2022-10-05,0.039259,3.759000062942505,2022-10-05,-0.017888,28.549999237060547,2022-10-05,0.014332,87.76000213623047,2022-10-05,-0.00866,20160.716796875,2022-10-05,-0.00682,1352.837158203125,2022-10-05,-0.005065,143.78700256347656,2022-10-05,0.142,2022-10-05,0.030621,0.030621,SPX,0.7373,0.012,neutral,stressed,up,up,down,retrospective_derived,2026-08-31T03:54:07Z
2022-10-06,0.010714,112.26000213623048,2022-10-06,0.000175,1711.699951171875,2022-10-06,-0.007055,11541.75,2022-10-06,-0.009818,3756.75,2022-10-06,0.017824,3.825999975204468,2022-10-06,0.069002,30.520000457763672,2022-10-06,0.007862,88.44999694824219,2022-10-06,-0.010182,19955.443359375,2022-10-06,-0.000834,1351.70947265625,2022-10-06,0.004604,144.44900512695312,2022-10-06,0.067,2022-10-06,-0.002432,-0.002432,SPX,0.7478,0.0062,risk_off,stressed,up,up,down,retrospective_derived,2026-08-31T03:54:07Z
2022-10-07,0.00481,112.8000030517578,2022-10-07,-0.006543,1700.5,2022-10-07,-0.038144,11101.5,2022-10-07,-0.02755,3653.25,2022-10-07,0.014898,3.882999897003174,2022-10-07,0.027523,31.36000061035156,2022-10-07,0.047371,92.63999938964844,2022-10-07,-0.020475,19546.849609375,2022-10-07,-0.014199,1332.5169677734375,2022-10-07,0.004084,145.03900146484375,2022-10-07,0.057,2022-10-07,-0.009818,-0.009818,SPX,0.7634,0.0524,neutral,stressed,up,up,down,retrospective_derived,2026-08-31T03:54:07Z
2022-10-08,,,,,,,,,,,,,,,,,,,,,,-0.006665,19416.568359375,2022-10-08,-0.01277,1315.50048828125,2022-10-08,,,,,2022-10-08,-0.02755,-0.02755,SPX,0.7772,0.0589,unknown,unknown,unknown,unknown,down,retrospective_derived,2026-08-31T03:54:07Z
2022-10-09,,,,,,,,,,,,,,,,,,,,,,0.001538,19446.42578125,2022-10-09,0.0054,1322.604248046875,2022-10-09,,,,,2022-10-09,0.0,-0.02755,SPX,0.7928,0.017,unknown,unknown,unknown,unknown,up,retrospective_derived,2026-08-31T03:54:07Z
2022-10-10,0.003014,113.13999938964844,2022-10-10,-0.019524,1667.300048828125,2022-10-10,-0.010539,10984.5,2022-10-10,-0.007664,3625.25,2022-10-10,0.001288,3.888000011444092,2022-10-10,0.034758,32.45000076293945,2022-10-10,-0.0163,91.12999725341795,2022-10-10,-0.015681,19141.484375,2022-10-10,-0.02364,1291.337646484375,2022-10-10,0.003054,145.48199462890625,2022-10-10,,2022-10-10,0.0,-0.02755,GOLD,0.7725,0.002,risk_off,stressed,unknown,up,down,retrospective_derived,2026-08-31T03:54:07Z
2022-10-11,0.000707,113.22000122070312,2022-10-11,0.006837,1678.699951171875,2022-10-11,-0.0127,10845.0,2022-10-11,-0.007172,3599.25,2022-10-11,0.013117,3.938999891281128,2022-10-11,0.036364,33.630001068115234,2022-10-11,-0.019533,89.3499984741211,2022-10-11,-0.004705,19051.41796875,2022-10-11,-0.009108,1279.57568359375,2022-10-11,0.00132,145.6739959716797,2022-10-11,0.051,2022-10-11,-0.007664,-0.007664,GOLD,0.8259,0.0644,risk_off,stressed,up,flat,down,retrospective_derived,2026-08-31T03:54:07Z
2022-10-12,0.000883,113.31999969482422,2022-10-12,-0.005004,1670.300048828125,2022-10-12,-0.000415,10840.5,2022-10-12,-0.002987,3588.5,2022-10-12,-0.009393,3.901999950408936,2022-10-12,-0.001784,33.56999969482422,2022-10-12,-0.023279,87.2699966430664,2022-10-12,0.005565,19157.4453125,2022-10-12,0.011981,1294.9063720703125,2022-10-12,0.001345,145.8699951171875,2022-10-12,-0.037,2022-10-12,-0.007172,-0.007172,GOLD,0.8676,0.0659,neutral,stressed,down,flat,up,retrospective_derived,2026-08-31T03:54:07Z
2022-10-13,-0.008472,112.36000061035156,2022-10-13,-0.00018,1670.0,2022-10-13,0.022439,11083.75,2022-10-13,0.025986,3681.75,2022-10-13,0.012814,3.95199990272522,2022-10-13,-0.048555,31.940000534057617,2022-10-13,0.021084,89.11000061035156,2022-10-13,0.011769,19382.904296875,2022-10-13,-0.005238,1288.1239013671875,2022-10-13,0.005944,146.73699951171875,2022-10-13,0.05,2022-10-13,-0.002987,-0.002987,SPX,0.7923,0.047,risk_on,stressed,up,down,up,retrospective_derived,2026-08-31T03:54:07Z
2022-10-14,0.008455,113.30999755859376,2022-10-14,-0.016946,1641.699951171875,2022-10-14,-0.030653,10744.0,2022-10-14,-0.022883,3597.5,2022-10-14,0.014676,4.010000228881836,2022-10-14,0.002505,32.02000045776367,2022-10-14,-0.039277,85.61000061035156,2022-10-14,-0.010176,19185.65625,2022-10-14,0.007218,1297.422119140625,2022-10-14,0.003789,147.29299926757812,2022-10-14,0.058,2022-10-14,0.025986,0.025986,SPX,0.8412,0.0319,neutral,stressed,up,up,down,retrospective_derived,2026-08-31T03:54:07Z
2022-10-15,,,,,,,,,,,,,,,,,,,,,,-0.006152,19067.634765625,2022-10-15,-0.017381,1274.8717041015625,2022-10-15,,,,,2022-10-15,-0.022883,-0.022883,SPX,0.8321,0.0245,unknown,unknown,unknown,unknown,down,retrospective_derived,2026-08-31T03:54:07Z
2022-10-16,,,,,,,,,,,,,,,,,,,,,,0.010513,19268.09375,2022-10-16,0.024649,1306.296630859375,2022-10-16,,,,,2022-10-16,0.0,-0.022883,SPX,0.8781,0.0767,unknown,unknown,unknown,unknown,up,retrospective_derived,2026-08-31T03:54:07Z
2022-10-17,-0.011208,112.04000091552734,2022-10-17,0.00932,1657.0,2022-10-17,0.034089,11110.25,2022-10-17,0.025504,3689.25,2022-10-17,0.001247,4.014999866485596,2022-10-17,-0.0203,31.3700008392334,2022-10-17,-0.001752,85.45999908447266,2022-10-17,0.01467,19550.7578125,2022-10-17,0.019457,1331.713623046875,2022-10-17,0.009091,148.6320037841797,2022-10-17,,2022-10-17,0.0,-0.022883,SPX,0.9796,0.1362,neutral,stressed,unknown,down,up,retrospective_derived,2026-08-31T03:54:07Z
2022-10-18,0.000803,112.12999725341795,2022-10-18,-0.004828,1649.0,2022-10-18,0.007966,11198.75,2022-10-18,0.011791,3732.75,2022-10-18,-0.004234,3.997999906539917,2022-10-18,-0.027734,30.5,2022-10-18,-0.030892,82.81999969482422,2022-10-18,-0.011066,19334.416015625,2022-10-18,-0.015969,1310.447021484375,2022-10-18,0.002281,148.9709930419922,2022-10-18,-0.017,2022-10-18,0.025504,0.025504,SPX,0.8905,0.1234,neutral,stressed,flat,flat,down,retrospective_derived,2026-08-31T03:54:07Z
2022-10-19,0.007581,112.9800033569336,2022-10-19,-0.013038,1627.5,2022-10-19,-0.004063,11153.25,2022-10-19,-0.006831,3707.25,2022-10-19,0.032266,4.126999855041504,2022-10-19,0.008525,30.76000022888184,2022-10-19,0.032963,85.55000305175781,2022-10-19,-0.010079,19139.53515625,2022-10-19,-0.018851,1285.7442626953125,2022-10-19,0.001598,149.20899963378906,2022-10-19,0.129,2022-10-19,0.011791,0.011791,SPX,0.8594,0.1165,neutral,stressed,up,up,down,retrospective_derived,2026-08-31T03:54:07Z
2022-10-20,-0.000885,112.87999725341795,2022-10-20,0.002028,1630.800048828125,2022-10-20,-0.005604,11090.75,2022-10-20,-0.008632,3675.25,2022-10-20,0.023988,4.22599983215332,2022-10-20,-0.025358,29.979999542236328,2022-10-20,0.005026,85.9800033569336,2022-10-20,-0.004483,19053.740234375,2022-10-20,-0.001978,1283.200927734375,2022-10-20,0.004102,149.8209991455078,2022-10-20,0.099,2022-10-20,-0.006831,-0.006831,SPX,0.8179,0.0631,neutral,stressed,up,flat,down,retrospective_derived,2026-08-31T03:54:07Z
2022-10-21,-0.007707,112.01000213623048,2022-10-21,0.012387,1651.0,2022-10-21,0.024142,11358.5,2022-10-21,0.024148,3764.0,2022-10-21,-0.003076,4.2129998207092285,2022-10-21,-0.009673,29.690000534057617,2022-10-21,-0.010816,85.05000305175781,2022-10-21,0.006231,19172.46875,2022-10-21,0.01305,1299.9464111328125,2022-10-21,0.002369,150.17599487304688,2022-10-21,-0.013,2022-10-21,-0.008632,-0.008632,SPX,0.8321,0.0737,neutral,stressed,flat,down,up,retrospective_derived,2026-08-31T03:54:07Z
2022-10-22,,,,,,,,,,,,,,,,,,,,,,0.001863,19208.189453125,2022-10-22,0.011041,1314.2991943359375,2022-10-22,,,,,2022-10-22,0.024148,0.024148,SPX,0.8489,0.0952,unknown,unknown,unknown,unknown,up,retrospective_derived,2026-08-31T03:54:07Z
2022-10-23,,,,,,,,,,,,,,,,,,,,,,0.01868,19567.0078125,2022-10-23,0.037395,1363.447021484375,2022-10-23,,,,,2022-10-23,0.0,0.024148,DXY,0.8091,0.0434,unknown,unknown,unknown,unknown,up,retrospective_derived,2026-08-31T03:54:07Z
2022-10-24,-0.000179,111.98999786376952,2022-10-24,-0.001393,1648.699951171875,2022-10-24,0.010587,11478.75,2022-10-24,0.012022,3809.25,2022-10-24,0.004985,4.234000205993652,2022-10-24,0.005389,29.850000381469727,2022-10-24,-0.005526,84.58000183105469,2022-10-24,-0.011317,19345.572265625,2022-10-24,-0.013531,1344.99853515625,2022-10-24,-0.015695,147.81900024414062,2022-10-24,,2022-10-24,0.0,0.024148,SPX,0.6253,0.0163,neutral,stressed,unknown,flat,down,retrospective_derived,2026-08-31T03:54:07Z
2022-10-25,-0.009287,110.9499969482422,2022-10-25,0.002487,1652.800048828125,2022-10-25,0.020451,11713.5,2022-10-25,0.016014,3870.25,2022-10-25,-0.029759,4.107999801635742,2022-10-25,-0.046566,28.459999084472656,2022-10-25,0.008749,85.31999969482422,2022-10-25,0.038783,20095.857421875,2022-10-25,0.086741,1461.6654052734375,2022-10-25,0.007225,148.88699340820312,2022-10-25,-0.126,2022-10-25,0.012022,0.012022,SPX,0.6704,0.0332,risk_on,stressed,down,down,up,retrospective_derived,2026-08-31T03:54:07Z
2022-10-26,-0.011266,109.6999969482422,2022-10-26,0.006776,1664.0,2022-10-26,-0.022837,11446.0,2022-10-26,-0.007558,3841.0,2022-10-26,-0.022639,4.014999866485596,2022-10-26,-0.041462,27.280000686645508,2022-10-26,0.030356,87.91000366210938,2022-10-26,0.033568,20770.44140625,2022-10-26,0.071768,1566.566650390625,2022-10-26,-0.006092,147.97999572753906,2022-10-26,-0.093,2022-10-26,0.016014,0.016014,DXY,0.6462,0.0639,mixed,stressed,down,down,up,retrospective_derived,2026-08-31T03:54:07Z
2022-10-27,0.008113,110.58999633789062,2022-10-27,-0.001983,1660.699951171875,2022-10-27,-0.018413,11235.25,2022-10-27,-0.005598,3819.5,2022-10-27,-0.019427,3.937000036239624,2022-10-27,0.004032,27.38999938964844,2022-10-27,0.013309,89.08000183105469,2022-10-27,-0.023331,20285.8359375,2022-10-27,-0.033316,1514.3748779296875,2022-10-27,-0.012475,146.13400268554688,2022-10-27,-0.078,2022-10-27,-0.007558,-0.007558,DXY,0.673,0.1729,neutral,stressed,down,up,down,retrospective_derived,2026-08-31T03:54:07Z
2022-10-28,0.000723,110.66999816894533,2022-10-28,-0.012705,1639.5999755859375,2022-10-28,0.031308,11587.0,2022-10-28,0.024021,3911.25,2022-10-28,0.018542,4.010000228881836,2022-10-28,-0.059876,25.75,2022-10-28,-0.013247,87.9000015258789,2022-10-28,0.015258,20595.3515625,2022-10-28,0.027142,1555.4779052734375,2022-10-28,0.000958,146.2740020751953,2022-10-28,0.073,2022-10-28,-0.005598,-0.005598,DXY,0.6005,0.1132,risk_on,stressed,up,flat,up,retrospective_derived,2026-08-31T03:54:07Z
2022-10-29,,,,,,,,,,,,,,,,,,,,,,0.010834,20818.4765625,2022-10-29,0.041287,1619.698486328125,2022-10-29,,,,,2022-10-29,0.024021,0.024021,DXY,0.5996,0.1132,unknown,unknown,unknown,unknown,up,retrospective_derived,2026-08-31T03:54:07Z
2022-10-30,,,,,,,,,,,,,,,,,,,,,,-0.008784,20635.603515625,2022-10-30,-0.017852,1590.7833251953125,2022-10-30,,,,,2022-10-30,0.0,0.024021,DXY,0.6152,0.1368,unknown,unknown,unknown,unknown,down,retrospective_derived,2026-08-31T03:54:07Z
2022-10-31,0.007771,111.52999877929688,2022-10-31,-0.002257,1635.9000244140625,2022-10-31,-0.012061,11447.25,2022-10-31,-0.007223,3883.0,2022-10-31,0.016708,4.077000141143799,2022-10-31,0.005049,25.8799991607666,2022-10-31,-0.015586,86.52999877929688,2022-10-31,-0.006776,20495.7734375,2022-10-31,-0.011358,1572.7144775390625,2022-10-31,0.010514,147.81199645996094,2022-10-31,,2022-10-31,0.0,0.024021,DXY,0.6752,0.1913,neutral,stressed,unknown,up,down,retrospective_derived,2026-08-31T03:54:07Z
2022-11-01,-0.000448,111.4800033569336,2022-11-01,0.005563,1645.0,2022-11-01,-0.010068,11332.0,2022-11-01,-0.004378,3866.0,2022-11-01,-0.006132,4.052000045776367,2022-11-01,-0.002705,25.809999465942383,2022-11-01,0.021264,88.37000274658203,2022-11-01,-0.000512,20485.2734375,2022-11-01,0.004445,1579.70458984375,2022-11-01,0.006258,148.73699951171875,2022-11-01,-0.025,2022-11-01,-0.007223,-0.007223,DXY,0.6712,0.1963,neutral,stressed,down,flat,flat,retrospective_derived,2026-08-31T03:54:07Z
2022-11-02,-0.001166,111.3499984741211,2022-11-02,0.000426,1645.699951171875,2022-11-02,-0.034195,10944.5,2022-11-02,-0.025155,3768.75,2022-11-02,0.001728,4.059000015258789,2022-11-02,0.001937,25.86000061035156,2022-11-02,0.018445,90.0,2022-11-02,-0.015903,20159.50390625,2022-11-02,-0.037977,1519.7117919921875,2022-11-02,-0.005527,147.9149932861328,2022-11-02,0.007,2022-11-02,-0.004378,-0.004378,DXY,0.5917,0.0861,neutral,stressed,flat,flat,down,retrospective_derived,2026-08-31T03:54:07Z
2022-11-03,0.01419,112.93000030517578,2022-11-03,-0.011181,1627.300048828125,2022-11-03,-0.019782,10728.0,2022-11-03,-0.010879,3727.75,2022-11-03,0.016014,4.124000072479248,2022-11-03,-0.021655,25.299999237060547,2022-11-03,-0.020333,88.16999816894531,2022-11-03,0.002504,20209.98828125,2022-11-03,0.007784,1531.541748046875,2022-11-03,-0.000155,147.89199829101562,2022-11-03,0.065,2022-11-03,-0.025155,-0.025155,DXY,0.5748,0.0984,neutral,stressed,up,up,up,retrospective_derived,2026-08-31T03:54:07Z
2022-11-04,-0.018153,110.87999725341795,2022-11-04,0.027776,1672.5,2022-11-04,0.015124,10890.25,2022-11-04,0.013882,3779.5,2022-11-04,0.007759,4.156000137329102,2022-11-04,-0.029644,24.549999237060547,2022-11-04,0.050357,92.61000061035156,2022-11-04,0.046375,21147.23046875,2022-11-04,0.074142,1645.0933837890625,2022-11-04,0.003388,148.39300537109375,2022-11-04,0.032,2022-11-04,-0.010879,-0.010879,DXY,0.6942,0.2112,neutral,stressed,up,down,up,retrospective_derived,2026-08-31T03:54:07Z
2022-11-05,,,,,,,,,,,,,,,,,,,,,,0.006406,21282.69140625,2022-11-05,-0.01041,1627.968017578125,2022-11-05,,,,,2022-11-05,0.013882,0.013882,DXY,0.6878,0.2175,unknown,unknown,unknown,unknown,up,retrospective_derived,2026-08-31T03:54:07Z
2022-11-06,,,,,,,,,,,,,,,,,,,,,,-0.016737,20926.486328125,2022-11-06,-0.034235,1572.2347412109375,2022-11-06,,,,,2022-11-06,0.0,0.013882,DXY,0.6349,0.1505,unknown,unknown,unknown,unknown,down,retrospective_derived,2026-08-31T03:54:07Z
2022-11-07,-0.006854,110.12000274658205,2022-11-07,0.002392,1676.5,2022-11-07,0.011386,11014.25,2022-11-07,0.009459,3815.25,2022-11-07,0.013956,4.214000225067139,2022-11-07,-0.008147,24.350000381469727,2022-11-07,-0.008854,91.79000091552734,2022-11-07,-0.015467,20602.81640625,2022-11-07,-0.002317,1568.59130859375,2022-11-07,-0.010459,146.84100341796875,2022-11-07,,2022-11-07,0.0,0.013882,DXY,0.6477,0.163,neutral,stressed,unknown,down,down,retrospective_derived,2026-08-31T03:54:07Z
2022-11-08,-0.004541,109.62000274658205,2022-11-08,0.021235,1712.0999755859375,2022-11-08,0.007263,11094.25,2022-11-08,0.005242,3835.25,2022-11-08,-0.020883,4.125999927520752,2022-11-08,0.048871,25.540000915527344,2022-11-08,-0.031376,88.91000366210938,2022-11-08,-0.100061,18541.271484375,2022-11-08,-0.150298,1332.8355712890625,2022-11-08,-0.001478,146.62399291992188,2022-11-08,-0.088,2022-11-08,0.009459,0.009459,DXY,0.5013,0.067,mixed,stressed,down,down,down,retrospective_derived,2026-08-31T03:54:07Z
2022-11-09,0.008484,110.5500030517578,2022-11-09,-0.001168,1710.0999755859375,2022-11-09,-0.023751,10830.75,2022-11-09,-0.020794,3755.5,2022-11-09,0.006059,4.151000022888184,2022-11-09,0.021535,26.09000015258789,2022-11-09,-0.034642,85.83000183105469,2022-11-09,-0.14349,15880.7802734375,2022-11-09,-0.174564,1100.1697998046875,2022-11-09,-0.009064,145.2949981689453,2022-11-09,0.025,2022-11-09,0.005242,0.005242,DXY,0.6235,0.0181,neutral,stressed,up,up,down,retrospective_derived,2026-08-31T03:54:07Z
2022-11-10,-0.021167,108.20999908447266,2022-11-10,0.023507,1750.300048828125,2022-11-10,0.074002,11632.25,2022-11-10,0.05472,3961.0,2022-11-10,-0.077572,3.828999996185303,2022-11-10,-0.098122,23.530000686645508,2022-11-10,0.007457,86.47000122070312,2022-11-10,0.107425,17586.771484375,2022-11-10,0.181149,1299.464599609375,2022-11-10,0.006291,146.20899963378906,2022-11-10,-0.322,2022-11-10,-0.020794,-0.020794,ETH,0.9333,0.0411,risk_on,elevated,down,down,up,retrospective_derived,2026-08-31T03:54:07Z
2022-11-11,-0.017743,106.29000091552734,2022-11-11,0.00897,1766.0,2022-11-11,0.018548,11848.0,2022-11-11,0.009909,4000.25,2022-11-11,-0.004179,3.812999963760376,2022-11-11,-0.042924,22.520000457763672,2022-11-11,0.028796,88.95999908447266,2022-11-11,-0.031414,17034.29296875,2022-11-11,-0.009422,1287.2210693359375,2022-11-11,-0.030607,141.73399353027344,2022-11-11,-0.016,2022-11-11,0.05472,0.05472,ETH,0.905,0.028,risk_on,elevated,flat,down,down,retrospective_derived,2026-08-31T03:54:07Z
2022-11-12,,,,,,,,,,,,,,,,,,,,,,-0.013802,16799.185546875,2022-11-12,-0.024823,1255.268310546875,2022-11-12,,,,,2022-11-12,0.009909,0.009909,ETH,0.896,0.026,unknown,unknown,unknown,unknown,down,retrospective_derived,2026-08-31T03:54:07Z
2022-11-13,,,,,,,,,,,,,,,,,,,,,,-0.026538,16353.365234375,2022-11-13,-0.026647,1221.8192138671875,2022-11-13,,,,,2022-11-13,0.0,0.009909,DXY,0.9336,0.007,unknown,unknown,unknown,unknown,down,retrospective_derived,2026-08-31T03:54:07Z
2022-11-14,0.003481,106.66000366210938,2022-11-14,0.004303,1773.5999755859375,2022-11-14,-0.009559,11734.75,2022-11-14,-0.008562,3966.0,2022-11-14,0.013638,3.865000009536743,2022-11-14,0.05373,23.729999542236328,2022-11-14,-0.034735,85.87000274658203,2022-11-14,0.016194,16618.19921875,2022-11-14,0.016193,1241.604248046875,2022-11-14,-0.015388,139.55299377441406,2022-11-14,,2022-11-14,0.0,0.009909,DXY,0.8824,0.0859,risk_off,elevated,unknown,up,up,retrospective_derived,2026-08-31T03:54:07Z
2022-11-15,-0.002438,106.4000015258789,2022-11-15,0.000113,1773.800048828125,2022-11-15,0.014444,11904.25,2022-11-15,0.008447,3999.5,2022-11-15,-0.017076,3.799000024795532,2022-11-15,0.034134,24.540000915527344,2022-11-15,0.012228,86.91999816894531,2022-11-15,0.016031,16884.61328125,2022-11-15,0.00816,1251.7362060546875,2022-11-15,0.004027,140.11500549316406,2022-11-15,-0.066,2022-11-15,-0.008562,-0.008562,DXY,0.8232,0.0427,mixed,stressed,down,down,up,retrospective_derived,2026-08-31T03:54:07Z
2022-11-16,-0.001128,106.27999877929688,2022-11-16,-0.000451,1773.0,2022-11-16,-0.01384,11739.5,2022-11-16,-0.007751,3968.5,2022-11-16,-0.028165,3.691999912261963,2022-11-16,-0.017522,24.11000061035156,2022-11-16,-0.015301,85.58999633789062,2022-11-16,-0.012744,16669.439453125,2022-11-16,-0.028867,1215.6025390625,2022-11-16,-0.008208,138.96499633789062,2022-11-16,-0.107,2022-11-16,0.008447,0.008447,DXY,0.8063,0.0323,neutral,stressed,down,flat,down,retrospective_derived,2026-08-31T03:54:07Z
2022-11-17,0.003858,106.69000244140624,2022-11-17,-0.006881,1760.800048828125,2022-11-17,-0.00247,11710.5,2022-11-17,-0.003339,3955.25,2022-11-17,0.022481,3.775000095367432,2022-11-17,-0.007466,23.93000030517578,2022-11-17,-0.04615,81.63999938964844,2022-11-17,0.001085,16687.517578125,2022-11-17,-0.01217,1200.80859375,2022-11-17,0.002569,139.32200622558594,2022-11-17,0.083,2022-11-17,-0.007751,-0.007751,DXY,0.8731,0.0998,neutral,elevated,up,up,flat,retrospective_derived,2026-08-31T03:54:07Z
2022-11-18,0.002249,106.93000030517578,2022-11-18,-0.005055,1751.9000244140625,2022-11-18,-0.000213,11708.0,2022-11-18,0.004741,3974.0,2022-11-18,0.011391,3.818000078201294,2022-11-18,-0.033849,23.1200008392334,2022-11-18,-0.019108,80.08000183105469,2022-11-18,0.000615,16697.77734375,2022-11-18,0.00957,1212.30029296875,2022-11-18,0.007824,140.41200256347656,2022-11-18,0.043,2022-11-18,-0.003339,-0.003339,DXY,0.8238,0.082,risk_on,elevated,up,up,flat,retrospective_derived,2026-08-31T03:54:07Z
2022-11-19,,,,,,,,,,,,,,,,,,,,,,0.000825,16711.546875,2022-11-19,0.005054,1218.4267578125,2022-11-19,,,,,2022-11-19,0.004741,0.004741,DXY,0.8171,0.0826,unknown,unknown,unknown,unknown,flat,retrospective_derived,2026-08-31T03:54:07Z
2022-11-20,,,,,,,,,,,,,,,,,,,,,,-0.025115,16291.83203125,2022-11-20,-0.062343,1142.4666748046875,2022-11-20,,,,,2022-11-20,0.0,0.004741,DXY,0.8047,0.0277,unknown,unknown,unknown,unknown,down,retrospective_derived,2026-08-31T03:54:07Z
2022-11-21,0.00851,107.83999633789062,2022-11-21,-0.008277,1737.4000244140625,2022-11-21,-0.010249,11588.0,2022-11-21,-0.004026,3958.0,2022-11-21,0.001833,3.825000047683716,2022-11-21,-0.032872,22.36000061035156,2022-11-21,-0.004371,79.7300033569336,2022-11-21,-0.030969,15787.2841796875,2022-11-21,-0.02986,1108.35302734375,2022-11-21,-0.001132,140.2530059814453,2022-11-21,,2022-11-21,0.0,0.004741,DXY,0.8507,0.0501,mixed,elevated,unknown,up,down,retrospective_derived,2026-08-31T03:54:07Z
2022-11-22,-0.005749,107.22000122070312,2022-11-22,0.000518,1738.300048828125,2022-11-22,0.014368,11754.5,2022-11-22,0.013201,4010.25,2022-11-22,-0.017516,3.757999897003174,2022-11-22,-0.047853,21.290000915527344,2022-11-22,0.015302,80.94999694824219,2022-11-22,0.025494,16189.76953125,2022-11-22,0.024198,1135.1734619140625,2022-11-22,0.013155,142.09800720214844,2022-11-22,-0.067,2022-11-22,-0.004026,-0.004026,DXY,0.8968,0.0503,risk_on,elevated,down,down,up,retrospective_derived,2026-08-31T03:54:07Z
2022-11-23,-0.010632,106.08000183105467,2022-11-23,0.003797,1744.9000244140625,2022-11-23,0.009209,11862.75,2022-11-23,0.005673,4033.0,2022-11-23,-0.013837,3.7060000896453857,2022-11-23,-0.044152,20.350000381469727,2022-11-23,-0.037183,77.94000244140625,2022-11-23,0.026,16610.70703125,2022-11-23,0.042307,1183.1995849609375,2022-11-23,-0.006636,141.15499877929688,2022-11-23,-0.052,2022-11-23,0.013201,0.013201,BTC,0.899,0.0209,risk_on,elevated,down,down,up,retrospective_derived,2026-08-31T03:54:07Z
2022-11-24,,,,,,,,,,,,,,,,,,,,,,-0.000376,16604.46484375,2022-11-24,0.017566,1203.983154296875,2022-11-24,-0.013297,139.2779998779297,2022-11-24,,2022-11-24,0.005673,0.005673,BTC,0.8256,0.013,unknown,unknown,unknown,unknown,flat,retrospective_derived,2026-08-31T03:54:07Z
2022-11-25,-0.001131,105.95999908447266,2022-11-25,0.004814,1753.300048828125,2022-11-25,-0.006744,11782.75,2022-11-25,-0.000124,4032.5,2022-11-25,-0.004048,3.690999984741211,2022-11-25,0.007371,20.5,2022-11-25,-0.021298,76.27999877929688,2022-11-25,-0.004976,16521.841796875,2022-11-25,-0.0042,1198.9259033203125,2022-11-25,-0.004846,138.60299682617188,2022-11-25,,2022-11-25,0.0,0.005673,BTC,0.8302,0.0168,neutral,elevated,unknown,flat,down,retrospective_derived,2026-08-31T03:54:07Z
2022-11-26,,,,,,,,,,,,,,,,,,,,,,-0.003484,16464.28125,2022-11-26,0.005815,1205.89794921875,2022-11-26,,,,,2022-11-26,-0.000124,-0.000124,BTC,0.8118,0.026,unknown,unknown,unknown,unknown,down,retrospective_derived,2026-08-31T03:54:07Z
2022-11-27,,,,,,,,,,,,,,,,,,,,,,-0.001194,16444.626953125,2022-11-27,-0.008932,1195.126953125,2022-11-27,,,,,2022-11-27,0.0,-0.000124,ETH,0.7992,0.0006,unknown,unknown,unknown,unknown,flat,retrospective_derived,2026-08-31T03:54:07Z
2022-11-28,0.006795,106.68000030517578,2022-11-28,-0.007529,1740.0999755859375,2022-11-28,-0.014131,11616.25,2022-11-28,-0.015437,3970.25,2022-11-28,0.003251,3.703000068664551,2022-11-28,0.083415,22.209999084472656,2022-11-28,0.012585,77.23999786376953,2022-11-28,-0.013822,16217.322265625,2022-11-28,-0.020952,1170.086181640625,2022-11-28,0.003586,139.10000610351562,2022-11-28,,2022-11-28,0.0,-0.000124,DXY,0.8373,0.0665,risk_off,elevated,unknown,up,down,retrospective_derived,2026-08-31T03:54:07Z
2022-11-29,0.001312,106.81999969482422,2022-11-29,0.00477,1748.4000244140625,2022-11-29,-0.007877,11524.75,2022-11-29,-0.002078,3962.0,2022-11-29,0.012152,3.747999906539917,2022-11-29,-0.014408,21.88999938964844,2022-11-29,0.012429,78.19999694824219,2022-11-29,0.014038,16444.982421875,2022-11-29,0.04001,1216.9012451171875,2022-11-29,-0.002739,138.718994140625,2022-11-29,0.045,2022-11-29,-0.015437,-0.015437,DXY,0.7545,0.0637,neutral,elevated,up,flat,up,retrospective_derived,2026-08-31T03:54:07Z
2022-11-30,-0.008145,105.9499969482422,2022-11-30,-0.001373,1746.0,2022-11-30,0.044903,12042.25,2022-11-30,0.030098,4081.25,2022-11-30,-0.012006,3.703000068664551,2022-11-30,-0.059845,20.57999992370605,2022-11-30,0.030051,80.55000305175781,2022-11-30,0.044,17168.56640625,2022-11-30,0.064744,1295.6885986328125,2022-11-30,0.000187,138.7449951171875,2022-11-30,-0.045,2022-11-30,-0.002078,-0.002078,DXY,0.5158,0.1038,risk_on,elevated,down,down,up,retrospective_derived,2026-08-31T03:54:07Z
2022-12-01,-0.011515,104.7300033569336,2022-12-01,0.031558,1801.0999755859375,2022-12-01,0.001702,12062.75,2022-12-01,0.000123,4081.75,2022-12-01,-0.046989,3.5290000438690186,2022-12-01,-0.035957,19.84000015258789,2022-12-01,0.008318,81.22000122070312,2022-12-01,-0.011733,16967.1328125,2022-12-01,-0.014984,1276.27392578125,2022-12-01,-0.00999,137.35899353027344,2022-12-01,-0.174,2022-12-01,0.030098,0.030098,DXY,0.4636,0.0715,neutral,elevated,down,down,down,retrospective_derived,2026-08-31T03:54:07Z
2022-12-02,-0.001719,104.5500030517578,2022-12-02,-0.002887,1795.9000244140625,2022-12-02,-0.004352,12010.25,2022-12-02,-0.001531,4075.5,2022-12-02,-0.006517,3.50600004196167,2022-12-02,-0.039315,19.059999465942383,2022-12-02,-0.015267,79.9800033569336,2022-12-02,0.007163,17088.66015625,2022-12-02,0.014127,1294.3033447265625,2022-12-02,-0.016082,135.14999389648438,2022-12-02,-0.023,2022-12-02,0.000123,0.000123,DXY,0.4442,0.0721,neutral,elevated,down,down,up,retrospective_derived,2026-08-31T03:54:07Z
2022-12-03,,,,,,,,,,,,,,,,,,,,,,-0.010558,16908.236328125,2022-12-03,-0.039379,1243.3348388671875,2022-12-03,,,,,2022-12-03,-0.001531,-0.001531,DXY,0.4473,0.0775,unknown,unknown,unknown,unknown,down,retrospective_derived,2026-08-31T03:54:07Z
2022-12-04,,,,,,,,,,,,,,,,,,,,,,0.013144,17130.486328125,2022-12-04,0.029696,1280.256591796875,2022-12-04,,,,,2022-12-04,0.0,-0.001531,DXY,0.468,0.1002,unknown,unknown,unknown,unknown,up,retrospective_derived,2026-08-31T03:54:07Z
2022-12-05,0.007078,105.29000091552734,2022-12-05,-0.015869,1767.4000244140625,2022-12-05,-0.017027,11805.75,2022-12-05,-0.017728,4003.25,2022-12-05,0.026526,3.5989999771118164,2022-12-05,0.088667,20.75,2022-12-05,-0.038135,76.93000030517578,2022-12-05,-0.009087,16974.826171875,2022-12-05,-0.016075,1259.6767578125,2022-12-05,-0.004994,134.47500610351562,2022-12-05,,2022-12-05,0.0,-0.001531,DXY,0.546,0.0526,risk_off,elevated,unknown,up,down,retrospective_derived,2026-08-31T03:54:07Z
2022-12-06,0.002754,105.58000183105467,2022-12-06,0.001075,1769.300048828125,2022-12-06,-0.020308,11566.0,2022-12-06,-0.014551,3945.0,2022-12-06,-0.023896,3.513000011444092,2022-12-06,0.068434,22.170000076293945,2022-12-06,-0.034837,74.25,2022-12-06,0.006756,17089.50390625,2022-12-06,0.009508,1271.65380859375,2022-12-06,0.016189,136.65199279785156,2022-12-06,-0.086,2022-12-06,-0.017728,-0.017728,DXY,0.5683,0.0176,risk_off,elevated,down,up,up,retrospective_derived,2026-08-31T03:54:07Z
2022-12-07,-0.004546,105.0999984741211,2022-12-07,0.009156,1785.5,2022-12-07,-0.004885,11509.5,2022-12-07,-0.002091,3936.75,2022-12-07,-0.029889,3.407999992370605,2022-12-07,0.023004,22.68000030517578,2022-12-07,-0.030168,72.01000213623047,2022-12-07,-0.014124,16848.126953125,2022-12-07,-0.030839,1232.4375,2022-12-07,0.001712,136.88600158691406,2022-12-07,-0.105,2022-12-07,-0.014551,-0.014551,VIX,0.5687,0.0409,neutral,elevated,down,down,down,retrospective_derived,2026-08-31T03:54:07Z
2022-12-08,-0.00314,104.7699966430664,2022-12-08,0.001792,1788.699951171875,2022-12-08,0.011816,11645.5,2022-12-08,0.007366,3965.75,2022-12-08,0.024354,3.490999937057495,2022-12-08,-0.017196,22.290000915527344,2022-12-08,-0.007638,71.45999908447266,2022-12-08,0.022872,17233.474609375,2022-12-08,0.039498,1281.1163330078125,2022-12-08,-0.003689,136.38099670410156,2022-12-08,0.083,2022-12-08,-0.002091,-0.002091,VIX,0.5932,0.0576,neutral,elevated,up,down,up,retrospective_derived,2026-08-31T03:54:07Z
2022-12-09,0.000382,104.80999755859376,2022-12-09,0.005255,1798.0999755859375,2022-12-09,-0.006505,11569.75,2022-12-09,-0.007439,3936.25,2022-12-09,0.02177,3.566999912261963,2022-12-09,0.024226,22.82999992370605,2022-12-09,-0.006157,71.0199966430664,2022-12-09,-0.005821,17133.15234375,2022-12-09,-0.013138,1264.2847900390625,2022-12-09,0.001708,136.61399841308594,2022-12-09,0.076,2022-12-09,0.007366,0.007366,VIX,0.5798,0.0798,neutral,elevated,up,flat,down,retrospective_derived,2026-08-31T03:54:07Z
2022-12-10,,,,,,,,,,,,,,,,,,,,,,-0.000258,17128.724609375,2022-12-10,0.001661,1266.3841552734375,2022-12-10,,,,,2022-12-10,-0.007439,-0.007439,VIX,0.579,0.0794,unknown,unknown,unknown,unknown,flat,retrospective_derived,2026-08-31T03:54:07Z
2022-12-11,,,,,,,,,,,,,,,,,,,,,,-0.001432,17104.193359375,2022-12-11,-0.001986,1263.8685302734375,2022-12-11,,,,,2022-12-11,0.0,-0.007439,VIX,0.6759,0.1902,unknown,unknown,unknown,unknown,flat,retrospective_derived,2026-08-31T03:54:07Z
2022-12-12,0.003053,105.12999725341795,2022-12-12,-0.009788,1780.5,2022-12-12,0.012273,11711.75,2022-12-12,0.0141,3991.75,2022-12-12,0.012335,3.611000061035156,2022-12-12,0.09505,25.0,2022-12-12,0.030273,73.16999816894531,2022-12-12,0.005978,17206.4375,2022-12-12,0.008506,1274.6190185546875,2022-12-12,0.000717,136.71200561523438,2022-12-12,,2022-12-12,0.0,-0.007439,VIX,0.6283,0.1879,mixed,stressed,unknown,up,up,retrospective_derived,2026-08-31T03:54:07Z
2022-12-13,-0.010939,103.9800033569336,2022-12-13,0.018759,1813.9000244140625,2022-12-13,0.010929,11839.75,2022-12-13,0.007641,4022.25,2022-12-13,-0.030463,3.500999927520752,2022-12-13,-0.098,22.549999237060547,2022-12-13,0.03034,75.38999938964844,2022-12-13,0.033411,17781.318359375,2022-12-13,0.036034,1320.5491943359375,2022-12-13,0.005793,137.50399780273438,2022-12-13,-0.11,2022-12-13,0.0141,0.0141,VIX,0.7117,0.2367,risk_on,elevated,down,down,up,retrospective_derived,2026-08-31T03:54:07Z
2022-12-14,-0.00202,103.7699966430664,2022-12-14,-0.003528,1807.5,2022-12-14,-0.007517,11750.75,2022-12-14,-0.006029,3998.0,2022-12-14,0.000571,3.503000020980835,2022-12-14,-0.062528,21.13999938964844,2022-12-14,0.02507,77.27999877929688,2022-12-14,0.001931,17815.650390625,2022-12-14,-0.008497,1309.3287353515625,2022-12-14,-0.013963,135.58399963378906,2022-12-14,0.002,2022-12-14,0.007641,0.007641,VIX,0.6712,0.226,mixed,elevated,flat,down,up,retrospective_derived,2026-08-31T03:54:07Z
2022-12-15,0.007613,104.55999755859376,2022-12-15,-0.016764,1777.199951171875,2022-12-15,-0.034338,11347.25,2022-12-15,-0.025263,3897.0,2022-12-15,-0.01513,3.450000047683716,2022-12-15,0.079943,22.82999992370605,2022-12-15,-0.01514,76.11000061035156,2022-12-15,-0.025303,17364.865234375,2022-12-15,-0.032822,1266.3538818359375,2022-12-15,-0.001741,135.34800720214844,2022-12-15,-0.053,2022-12-15,-0.006029,-0.006029,VIX,0.7675,0.2547,risk_off,elevated,down,up,down,retrospective_derived,2026-08-31T03:54:07Z
2022-12-16,0.001339,104.6999969482422,2022-12-16,0.007202,1790.0,2022-12-16,-0.001781,11327.0400390625,2022-12-16,-0.006551,3871.469970703125,2022-12-16,0.009275,3.4820001125335693,2022-12-16,-0.009198,22.6200008392334,2022-12-16,-0.023913,74.29000091552734,2022-12-16,-0.041312,16647.484375,2022-12-16,-0.077462,1168.2593994140625,2022-12-16,0.017754,137.75100708007812,2022-12-16,0.032,2022-12-16,-0.025263,-0.025263,VIX,0.6574,0.1679,neutral,elevated,up,flat,down,retrospective_derived,2026-08-31T03:54:07Z
2022-12-17,,,,,,,,,,,,,,,,,,,,,,0.008867,16795.091796875,2022-12-17,0.017025,1188.1495361328125,2022-12-17,,,,,2022-12-17,-0.006551,-0.006551,VIX,0.6599,0.1695,unknown,unknown,unknown,unknown,up,retrospective_derived,2026-08-31T03:54:07Z
2022-12-18,,,,,,,,,,,,,,,,,,,,,,-0.00221,16757.9765625,2022-12-18,-0.00289,1184.7152099609375,2022-12-18,,,,,2022-12-18,0.0,-0.006551,VIX,0.6186,0.1471,unknown,unknown,unknown,unknown,down,retrospective_derived,2026-08-31T03:54:07Z
2022-12-19,0.000191,104.72000122070312,2022-12-19,-0.001285,1787.699951171875,2022-12-19,-0.011812,11193.25,2022-12-19,-0.006708,3845.5,2022-12-19,0.028432,3.5810000896453857,2022-12-19,-0.008842,22.420000076293945,2022-12-19,0.012115,75.19000244140625,2022-12-19,-0.018994,16439.6796875,2022-12-19,-0.014438,1167.60986328125,2022-12-19,-0.007702,136.69000244140625,2022-12-19,,2022-12-19,0.0,-0.006551,VIX,0.6089,0.1297,neutral,elevated,unknown,flat,down,retrospective_derived,2026-08-31T03:54:07Z
2022-12-20,-0.007162,103.97000122070312,2022-12-20,0.015775,1815.9000244140625,2022-12-20,-0.001563,11175.75,2022-12-20,0.000975,3849.25,2022-12-20,0.028763,3.684000015258789,2022-12-20,-0.041927,21.479999542236328,2022-12-20,0.01197,76.08999633789062,2022-12-20,0.028384,16906.3046875,2022-12-20,0.042903,1217.70361328125,2022-12-20,0.002231,136.9949951171875,2022-12-20,0.103,2022-12-20,-0.006708,-0.006708,VIX,0.5738,0.0285,neutral,elevated,up,down,up,retrospective_derived,2026-08-31T03:54:07Z
2022-12-21,0.001827,104.16000366210938,2022-12-21,0.0,1815.9000244140625,2022-12-21,0.014205,11334.5,2022-12-21,0.014678,3905.75,2022-12-21,0.0,3.684000015258789,2022-12-21,-0.065642,20.06999969482422,2022-12-21,0.028913,78.29000091552734,2022-12-21,-0.005251,16817.53515625,2022-12-21,-0.00337,1213.5999755859375,2022-12-21,-0.03725,131.89199829101562,2022-12-21,0.0,2022-12-21,0.000975,0.000975,VIX,0.6097,0.1761,risk_on,elevated,flat,up,down,retrospective_derived,2026-08-31T03:54:07Z
2022-12-22,0.002592,104.43000030517578,2022-12-22,-0.015915,1787.0,2022-12-22,-0.024725,11054.25,2022-12-22,-0.014466,3849.25,2022-12-22,-0.004072,3.6689999103546143,2022-12-22,0.094669,21.96999931335449,2022-12-22,-0.010218,77.48999786376953,2022-12-22,0.000762,16830.341796875,2022-12-22,0.003776,1218.18212890625,2022-12-22,0.003624,132.3699951171875,2022-12-22,-0.015,2022-12-22,0.014678,0.014678,VIX,0.6529,0.176,risk_off,elevated,flat,up,flat,retrospective_derived,2026-08-31T03:54:07Z
2022-12-23,-0.001149,104.30999755859376,2022-12-23,0.00498,1795.9000244140625,2022-12-23,0.0019,11075.25,2022-12-23,0.005326,3869.75,2022-12-23,0.022349,3.750999927520752,2022-12-23,-0.050068,20.8700008392334,2022-12-23,0.026713,79.55999755859375,2022-12-23,-0.001984,16796.953125,2022-12-23,0.001623,1220.159423828125,2022-12-23,-9.8e-05,132.35699462890625,2022-12-23,0.082,2022-12-23,-0.014466,-0.014466,VIX,0.6522,0.1869,risk_on,elevated,up,flat,down,retrospective_derived,2026-08-31T03:54:07Z
2022-12-24,,,,,,,,,,,,,,,,,,,,,,0.003025,16847.755859375,2022-12-24,0.000811,1221.1485595703125,2022-12-24,,,,,2022-12-24,0.005326,0.005326,VIX,0.68,0.2115,unknown,unknown,unknown,unknown,up,retrospective_derived,2026-08-31T03:54:07Z
2022-12-25,,,,,,,,,,,,,,,,,,,,,,-0.000342,16841.986328125,2022-12-25,-0.001791,1218.9620361328125,2022-12-25,,,,,2022-12-25,0.0,0.005326,VIX,0.6343,0.2283,unknown,unknown,unknown,unknown,flat,retrospective_derived,2026-08-31T03:54:07Z
2022-12-26,,,,,,,,,,,,,,,,,,,,,,0.00462,16919.8046875,2022-12-26,0.006573,1226.974365234375,2022-12-26,0.003271,132.7899932861328,2022-12-26,,2022-12-26,0.0,0.005326,VIX,0.5858,0.1584,unknown,unknown,unknown,unknown,up,retrospective_derived,2026-08-31T03:54:07Z
2022-12-27,-0.001246,104.18000030517578,2022-12-27,0.010524,1814.800048828125,2022-12-27,-0.014424,10915.5,2022-12-27,-0.003812,3855.0,2022-12-27,0.029059,3.859999895095825,2022-12-27,0.037374,21.649999618530277,2022-12-27,-0.000377,79.52999877929688,2022-12-27,-0.011976,16717.173828125,2022-12-27,-0.011559,1212.7916259765625,2022-12-27,-0.000196,132.76400756835938,2022-12-27,,2022-12-27,0.0,0.005326,VIX,0.609,0.1594,risk_off,elevated,unknown,flat,down,retrospective_derived,2026-08-31T03:54:07Z
2022-12-28,0.002688,104.45999908447266,2022-12-28,-0.003802,1807.9000244140625,2022-12-28,-0.013078,10772.75,2022-12-28,-0.012322,3807.5,2022-12-28,0.006995,3.88700008392334,2022-12-28,0.022633,22.13999938964844,2022-12-28,-0.007167,78.95999908447266,2022-12-28,-0.009846,16552.572265625,2022-12-28,-0.018804,1189.986083984375,2022-12-28,0.005438,133.48599243164062,2022-12-28,0.027,2022-12-28,-0.003812,-0.003812,VIX,0.6248,0.1476,neutral,elevated,up,up,down,retrospective_derived,2026-08-31T03:54:07Z
2022-12-29,-0.005935,103.83999633789062,2022-12-29,0.006416,1819.5,2022-12-29,0.024135,11032.75,2022-12-29,0.016875,3871.75,2022-12-29,-0.013378,3.8350000381469727,2022-12-29,-0.031617,21.440000534057617,2022-12-29,-0.007092,78.4000015258789,2022-12-29,0.005423,16642.341796875,2022-12-29,0.009756,1201.5953369140625,2022-12-29,0.004105,134.03399658203125,2022-12-29,-0.052,2022-12-29,-0.012322,-0.012322,VIX,0.6223,0.1365,risk_on,elevated,down,down,up,retrospective_derived,2026-08-31T03:54:07Z
2022-12-30,-0.003082,103.5199966430664,2022-12-30,0.00011,1819.699951171875,2022-12-30,-0.000952,11022.25,2022-12-30,-0.002777,3861.0,2022-12-30,0.011473,3.878999948501587,2022-12-30,0.010728,21.670000076293945,2022-12-30,0.023724,80.26000213623047,2022-12-30,-0.002389,16602.5859375,2022-12-30,-0.001966,1199.2327880859375,2022-12-30,-0.008341,132.91600036621094,2022-12-30,0.044,2022-12-30,0.016875,0.016875,VIX,0.5789,0.1238,neutral,elevated,up,down,down,retrospective_derived,2026-08-31T03:54:07Z
2022-12-31,,,,,,,,,,,,,,,,,,,,,,-0.003318,16547.49609375,2022-12-31,-0.002053,1196.771240234375,2022-12-31,,,,,2022-12-31,-0.002777,-0.002777,VIX,0.5725,0.1174,unknown,unknown,unknown,unknown,down,retrospective_derived,2026-08-31T03:54:07Z
2023-01-01,,,,,,,,,,,,,,,,,,,,,,0.004689,16625.080078125,2023-01-01,0.003504,1200.96484375,2023-01-01,,,,,2023-01-01,0.0,-0.002777,VIX,0.6601,0.1439,unknown,unknown,unknown,unknown,up,retrospective_derived,2026-08-31T03:54:07Z
2023-01-02,,,,,,,,,,,,,,,,,,,,,,0.003813,16688.470703125,2023-01-02,0.011401,1214.6566162109375,2023-01-02,-0.015581,130.84500122070312,2023-01-02,,2023-01-02,0.0,-0.002777,VIX,0.5634,0.1349,unknown,unknown,unknown,unknown,up,retrospective_derived,2026-08-31T03:54:07Z
2023-01-03,0.00966,104.5199966430664,2023-01-03,0.010991,1839.699951171875,2023-01-03,-0.006963,10945.5,2023-01-03,-0.003885,3846.0,2023-01-03,-0.022171,3.7929999828338623,2023-01-03,0.05676,22.899999618530277,2023-01-03,-0.04149,76.93000030517578,2023-01-03,-0.000516,16679.857421875,2023-01-03,0.000101,1214.77880859375,2023-01-03,-0.00039,130.79400634765625,2023-01-03,,2023-01-03,0.0,-0.002777,VIX,0.562,0.1576,risk_off,elevated,unknown,up,flat,retrospective_derived,2026-08-31T03:54:07Z
2023-01-04,-0.002583,104.25,2023-01-04,0.007121,1852.800048828125,2023-01-04,0.004911,10999.25,2023-01-04,0.00741,3874.5,2023-01-04,-0.022146,3.7090001106262207,2023-01-04,-0.038865,22.01000022888184,2023-01-04,-0.053165,72.83999633789062,2023-01-04,0.010994,16863.23828125,2023-01-04,0.034367,1256.526611328125,2023-01-04,0.003471,131.2480010986328,2023-01-04,-0.084,2023-01-04,-0.003885,-0.003885,VIX,0.4143,0.1074,risk_on,elevated,down,down,up,retrospective_derived,2026-08-31T03:54:07Z
2023-01-05,0.007578,105.04000091552734,2023-01-05,-0.009715,1834.800048828125,2023-01-05,-0.016274,10820.25,2023-01-05,-0.011743,3829.0,2023-01-05,0.002966,3.7200000286102295,2023-01-05,0.020445,22.459999084472656,2023-01-05,0.011395,73.66999816894531,2023-01-05,-0.001572,16836.736328125,2023-01-05,-0.004845,1250.4385986328125,2023-01-05,0.007604,132.24600219726562,2023-01-05,0.011,2023-01-05,0.00741,0.00741,VIX,0.4819,0.1454,neutral,elevated,flat,up,down,retrospective_derived,2026-08-31T03:54:07Z
2023-01-06,-0.011043,103.87999725341795,2023-01-06,0.016023,1864.199951171875,2023-01-06,0.027102,11113.5,2023-01-06,0.022591,3915.5,2023-01-06,-0.040591,3.569000005722046,2023-01-06,-0.059216,21.1299991607666,2023-01-06,0.001357,73.7699966430664,2023-01-06,0.006844,16951.96875,2023-01-06,0.015147,1269.3790283203125,2023-01-06,0.008023,133.3070068359375,2023-01-06,-0.151,2023-01-06,-0.011743,-0.011743,VIX,0.5023,0.1012,risk_on,elevated,down,down,up,retrospective_derived,2026-08-31T03:54:07Z
2023-01-07,,,,,,,,,,,,,,,,,,,,,,0.000183,16955.078125,2023-01-07,-0.004025,1264.2703857421875,2023-01-07,,,,,2023-01-07,0.022591,0.022591,VIX,0.5017,0.0986,unknown,unknown,unknown,unknown,flat,retrospective_derived,2026-08-31T03:54:07Z
2023-01-08,,,,,,,,,,,,,,,,,,,,,,0.008025,17091.14453125,2023-01-08,0.018263,1287.3594970703125,2023-01-08,,,,,2023-01-08,0.0,0.022591,VIX,0.5558,0.1437,unknown,unknown,unknown,unknown,up,retrospective_derived,2026-08-31T03:54:07Z
2023-01-09,-0.008471,103.0,2023-01-09,0.00456,1872.699951171875,2023-01-09,0.006479,11185.5,2023-01-09,-0.000447,3913.75,2023-01-09,-0.01457,3.5169999599456787,2023-01-09,0.039754,21.96999931335449,2023-01-09,0.011658,74.62999725341797,2023-01-09,0.006168,17196.5546875,2023-01-09,0.02655,1321.5389404296875,2023-01-09,-0.01084,131.86199951171875,2023-01-09,,2023-01-09,0.0,0.022591,VIX,0.4725,0.0074,neutral,elevated,unknown,down,up,retrospective_derived,2026-08-31T03:54:07Z
2023-01-10,0.00233,103.23999786376952,2023-01-10,-0.000587,1871.5999755859373,2023-01-10,0.008627,11282.0,2023-01-10,0.006899,3940.75,2023-01-10,0.029571,3.621000051498413,2023-01-10,-0.063268,20.57999992370605,2023-01-10,0.006566,75.12000274658203,2023-01-10,0.014523,17446.29296875,2023-01-10,0.011386,1336.5860595703125,2023-01-10,-0.001009,131.72900390625,2023-01-10,0.104,2023-01-10,-0.000447,-0.000447,VIX,0.4663,0.0363,risk_on,elevated,up,up,up,retrospective_derived,2026-08-31T03:54:07Z
2023-01-11,-0.000484,103.19000244140624,2023-01-11,0.001603,1874.5999755859373,2023-01-11,0.01724,11476.5,2023-01-11,0.012498,3990.0,2023-01-11,-0.018503,3.553999900817871,2023-01-11,0.024781,21.09000015258789,2023-01-11,0.030485,77.41000366210938,2023-01-11,0.028006,17934.896484375,2023-01-11,0.038416,1387.9327392578125,2023-01-11,0.002824,132.1009979248047,2023-01-11,-0.067,2023-01-11,0.006899,0.006899,NASDAQ,0.4223,0.011,neutral,elevated,down,flat,up,retrospective_derived,2026-08-31T03:54:07Z
2023-01-12,-0.009109,102.25,2023-01-12,0.011149,1895.5,2023-01-12,0.005032,11534.25,2023-01-12,0.003383,4003.5,2023-01-12,-0.029544,3.4489998817443848,2023-01-12,-0.10716,18.82999992370605,2023-01-12,0.01266,78.38999938964844,2023-01-12,0.052116,18869.587890625,2023-01-12,0.021619,1417.9384765625,2023-01-12,-0.001506,131.90199279785156,2023-01-12,-0.105,2023-01-12,0.012498,0.012498,US10Y,0.4597,0.0265,risk_on,elevated,down,down,up,retrospective_derived,2026-08-31T03:54:07Z
2023-01-13,-0.000489,102.1999969482422,2023-01-13,0.012081,1918.4000244140625,2023-01-13,0.006394,11608.0,2023-01-13,0.003684,4018.25,2023-01-13,0.017976,3.510999917984009,2023-01-13,-0.025491,18.350000381469727,2023-01-13,0.018752,79.86000061035156,2023-01-13,0.055114,19909.57421875,2023-01-13,0.02375,1451.6148681640625,2023-01-13,-0.020697,129.1719970703125,2023-01-13,0.062,2023-01-13,0.003383,0.003383,US10Y,0.3987,0.0117,neutral,elevated,up,flat,up,retrospective_derived,2026-08-31T03:54:07Z
2023-01-14,,,,,,,,,,,,,,,,,,,,,,0.053578,20976.298828125,2023-01-14,0.068263,1550.7069091796875,2023-01-14,,,,,2023-01-14,0.003684,0.003684,US10Y,0.3947,0.0122,unknown,unknown,unknown,unknown,up,retrospective_derived,2026-08-31T03:54:07Z
2023-01-15,,,,,,,,,,,,,,,,,,,,,,-0.004553,20880.798828125,2023-01-15,0.001143,1552.4794921875,2023-01-15,,,,,2023-01-15,0.0,0.003684,US10Y,0.3947,0.0122,unknown,unknown,unknown,unknown,down,retrospective_derived,2026-08-31T03:54:07Z
2023-01-16,,,,,,,,,,,,,,,,,,,,,,0.013833,21169.6328125,2023-01-16,0.015687,1576.83349609375,2023-01-16,-0.008872,128.0260009765625,2023-01-16,,2023-01-16,0.0,0.003684,GOLD,0.4124,0.0039,unknown,unknown,unknown,unknown,up,retrospective_derived,2026-08-31T03:54:07Z
2023-01-17,0.001859,102.38999938964844,2023-01-17,-0.005838,1907.199951171875,2023-01-17,0.001421,11624.5,2023-01-17,-0.002178,4009.5,2023-01-17,0.006836,3.5350000858306885,2023-01-17,0.055041,19.36000061035156,2023-01-17,0.004007,80.18000030517578,2023-01-17,-0.000383,21161.51953125,2023-01-17,-0.0057,1567.8460693359375,2023-01-17,0.002304,128.3209991455078,2023-01-17,,2023-01-17,0.0,0.003684,GOLD,0.4109,0.0191,neutral,elevated,unknown,up,flat,retrospective_derived,2026-08-31T03:54:07Z
2023-01-18,-0.000293,102.36000061035156,2023-01-18,-0.001468,1904.4000244140625,2023-01-18,-0.012796,11475.75,2023-01-18,-0.0159,3945.75,2023-01-18,-0.045262,3.375,2023-01-18,0.05062,20.34000015258789,2023-01-18,-0.00873,79.4800033569336,2023-01-18,-0.02234,20688.78125,2023-01-18,-0.033383,1515.5069580078125,2023-01-18,-0.000312,128.281005859375,2023-01-18,-0.16,2023-01-18,-0.002178,-0.002178,VIX,0.4302,0.0274,risk_off,elevated,down,flat,down,retrospective_derived,2026-08-31T03:54:07Z
2023-01-19,-0.002931,102.05999755859376,2023-01-19,0.009294,1922.0999755859373,2023-01-19,-0.010391,11356.5,2023-01-19,-0.007666,3915.5,2023-01-19,0.006519,3.3970000743865967,2023-01-19,0.00885,20.520000457763672,2023-01-19,0.010694,80.33000183105469,2023-01-19,0.019238,21086.79296875,2023-01-19,0.024447,1552.5565185546875,2023-01-19,0.002011,128.53900146484375,2023-01-19,0.022,2023-01-19,-0.0159,-0.0159,BTC,0.4362,0.0144,neutral,elevated,up,down,up,retrospective_derived,2026-08-31T03:54:07Z
2023-01-20,-0.00049,102.01000213623048,2023-01-20,0.002237,1926.4000244140625,2023-01-20,0.028222,11677.0,2023-01-20,0.018644,3988.5,2023-01-20,0.025611,3.483999967575073,2023-01-20,-0.032651,19.850000381469727,2023-01-20,0.0122,81.30999755859375,2023-01-20,0.075391,22676.552734375,2023-01-20,0.069046,1659.754150390625,2023-01-20,-0.001315,128.3699951171875,2023-01-20,0.087,2023-01-20,-0.007666,-0.007666,BTC,0.5503,0.1369,risk_on,elevated,up,flat,up,retrospective_derived,2026-08-31T03:54:07Z
2023-01-21,,,,,,,,,,,,,,,,,,,,,,0.004457,22777.625,2023-01-21,-0.019663,1627.1181640625,2023-01-21,,,,,2023-01-21,0.018644,0.018644,BTC,0.5483,0.1275,unknown,unknown,unknown,unknown,up,retrospective_derived,2026-08-31T03:54:07Z
2023-01-22,,,,,,,,,,,,,,,,,,,,,,-0.002512,22720.416015625,2023-01-22,0.000777,1628.382080078125,2023-01-22,,,,,2023-01-22,0.0,0.018644,BTC,0.5657,0.1449,unknown,unknown,unknown,unknown,down,retrospective_derived,2026-08-31T03:54:07Z
2023-01-23,0.001274,102.13999938964844,2023-01-23,0.000363,1927.0999755859373,2023-01-23,0.022009,11934.0,2023-01-23,0.012035,4036.5,2023-01-23,0.011768,3.525000095367432,2023-01-23,-0.002015,19.809999465942383,2023-01-23,0.003813,81.62000274658203,2023-01-23,0.00942,22934.431640625,2023-01-23,-8e-05,1628.2510986328125,2023-01-23,0.007665,129.35400390625,2023-01-23,,2023-01-23,0.0,0.018644,BTC,0.5442,0.1585,neutral,elevated,unknown,flat,up,retrospective_derived,2026-08-31T03:54:07Z
2023-01-24,-0.002154,101.91999816894533,2023-01-24,0.003529,1933.9000244140625,2023-01-24,-0.002053,11909.5,2023-01-24,-0.000929,4032.75,2023-01-24,-0.015887,3.469000101089477,2023-01-24,-0.030792,19.200000762939453,2023-01-24,-0.018255,80.12999725341797,2023-01-24,-0.012992,22636.46875,2023-01-24,-0.044002,1556.604248046875,2023-01-24,0.009609,130.5970001220703,2023-01-24,-0.056,2023-01-24,0.012035,0.012035,BTC,0.5952,0.1427,neutral,elevated,down,down,down,retrospective_derived,2026-08-31T03:54:07Z
2023-01-25,-0.002747,101.63999938964844,2023-01-25,0.003775,1941.199951171875,2023-01-25,-0.003044,11873.25,2023-01-25,-0.000186,4032.0,2023-01-25,-0.002018,3.461999893188477,2023-01-25,-0.00625,19.07999992370605,2023-01-25,0.00025,80.1500015258789,2023-01-25,0.021266,23117.859375,2023-01-25,0.035402,1611.7110595703125,2023-01-25,-0.002741,130.23899841308594,2023-01-25,-0.007,2023-01-25,-0.000929,-0.000929,BTC,0.5871,0.1451,neutral,elevated,flat,down,up,retrospective_derived,2026-08-31T03:54:07Z
2023-01-26,0.001968,101.83999633789062,2023-01-26,-0.006233,1929.0999755859373,2023-01-26,0.019666,12106.75,2023-01-26,0.010789,4075.5,2023-01-26,0.008954,3.493000030517578,2023-01-26,-0.018344,18.729999542236328,2023-01-26,0.01073,81.01000213623047,2023-01-26,-0.00368,23032.77734375,2023-01-26,-0.005339,1603.10595703125,2023-01-26,-0.007694,129.23699951171875,2023-01-26,0.031,2023-01-26,-0.000186,-0.000186,BTC,0.6316,0.1877,neutral,elevated,up,up,down,retrospective_derived,2026-08-31T03:54:07Z
2023-01-27,0.000884,101.93000030517578,2023-01-27,-0.000259,1928.5999755859373,2023-01-27,0.00954,12222.25,2023-01-27,0.002147,4084.25,2023-01-27,0.007157,3.5179998874664307,2023-01-27,-0.011746,18.51000022888184,2023-01-27,-0.016418,79.68000030517578,2023-01-27,0.001995,23078.728515625,2023-01-27,-0.003087,1598.156494140625,2023-01-27,0.004356,129.8000030517578,2023-01-27,0.025,2023-01-27,0.010789,0.010789,BTC,0.6353,0.1946,neutral,elevated,up,flat,up,retrospective_derived,2026-08-31T03:54:07Z
2023-01-28,,,,,,,,,,,,,,,,,,,,,,-0.002064,23031.08984375,2023-01-28,-0.016094,1572.43505859375,2023-01-28,,,,,2023-01-28,0.002147,0.002147,BTC,0.6292,0.191,unknown,unknown,unknown,unknown,down,retrospective_derived,2026-08-31T03:54:07Z
2023-01-29,,,,,,,,,,,,,,,,,,,,,,0.032281,23774.56640625,2023-01-29,0.046883,1646.1556396484375,2023-01-29,,,,,2023-01-29,0.0,0.002147,BTC,0.6963,0.2375,unknown,unknown,unknown,unknown,up,retrospective_derived,2026-08-31T03:54:07Z
2023-01-30,0.003434,102.27999877929688,2023-01-30,-0.002955,1922.9000244140625,2023-01-30,-0.020802,11968.0,2023-01-30,-0.012671,4032.5,2023-01-30,0.00938,3.5510001182556152,2023-01-30,0.077256,19.940000534057617,2023-01-30,-0.022339,77.9000015258789,2023-01-30,-0.039304,22840.138671875,2023-01-30,-0.047887,1567.3265380859375,2023-01-30,0.000416,129.85400390625,2023-01-30,,2023-01-30,0.0,0.002147,BTC,0.8119,0.2486,risk_off,elevated,unknown,up,down,retrospective_derived,2026-08-31T03:54:07Z
2023-01-31,-0.00176,102.0999984741211,2023-01-31,0.003432,1929.5,2023-01-31,0.015374,12152.0,2023-01-31,0.014259,4090.0,2023-01-31,-0.006195,3.5290000438690186,2023-01-31,-0.027081,19.399999618530277,2023-01-31,0.012452,78.87000274658203,2023-01-31,0.013097,23139.283203125,2023-01-31,0.012256,1586.535400390625,2023-01-31,0.004813,130.47900390625,2023-01-31,-0.022,2023-01-31,-0.012671,-0.012671,BTC,0.8026,0.2437,neutral,elevated,down,down,up,retrospective_derived,2026-08-31T03:54:07Z
2023-02-01,-0.008619,101.22000122070312,2023-02-01,-0.000881,1927.800048828125,2023-02-01,0.021581,12414.25,2023-02-01,0.01033,4132.25,2023-02-01,-0.037404,3.3970000743865967,2023-02-01,-0.078866,17.8700008392334,2023-02-01,-0.031191,76.41000366210938,2023-02-01,0.025259,23723.76953125,2023-02-01,0.034829,1641.792724609375,2023-02-01,-0.002828,130.11000061035156,2023-02-01,-0.132,2023-02-01,0.014259,0.014259,BTC,0.7106,0.1659,risk_on,elevated,down,down,up,retrospective_derived,2026-08-31T03:54:07Z
2023-02-02,0.005236,101.75,2023-02-02,-0.005965,1916.300048828125,2023-02-02,0.034839,12846.75,2023-02-02,0.014338,4191.5,2023-02-02,-0.000294,3.3959999084472656,2023-02-02,0.048125,18.729999542236328,2023-02-02,-0.006936,75.87999725341797,2023-02-02,-0.010618,23471.87109375,2023-02-02,0.000882,1643.2415771484375,2023-02-02,-0.011437,128.6219940185547,2023-02-02,-0.001,2023-02-02,0.01033,0.01033,BTC,0.5458,0.0608,mixed,elevated,flat,up,down,retrospective_derived,2026-08-31T03:54:07Z
2023-02-03,0.011499,102.91999816894533,2023-02-03,-0.027866,1862.9000244140625,2023-02-03,-0.017339,12624.0,2023-02-03,-0.010438,4147.75,2023-02-03,0.040047,3.532000064849853,2023-02-03,-0.021356,18.32999992370605,2023-02-03,-0.032815,73.38999938964844,2023-02-03,-0.000961,23449.322265625,2023-02-03,0.013086,1664.74560546875,2023-02-03,0.000964,128.74600219726562,2023-02-03,0.136,2023-02-03,0.014338,0.014338,BTC,0.4278,0.0316,neutral,elevated,up,up,flat,retrospective_derived,2026-08-31T03:54:07Z
2023-02-04,,,,,,,,,,,,,,,,,,,,,,-0.00501,23331.84765625,2023-02-04,0.00139,1667.0592041015625,2023-02-04,,,,,2023-02-04,-0.010438,-0.010438,BTC,0.4318,0.0279,unknown,unknown,unknown,unknown,down,retrospective_derived,2026-08-31T03:54:07Z
2023-02-05,,,,,,,,,,,,,,,,,,,,,,-0.016123,22955.666015625,2023-02-05,-0.021243,1631.6458740234375,2023-02-05,,,,,2023-02-05,0.0,-0.010438,BTC,0.4296,0.0257,unknown,unknown,unknown,unknown,down,retrospective_derived,2026-08-31T03:54:07Z
2023-02-06,0.006801,103.62000274658205,2023-02-06,0.001771,1866.199951171875,2023-02-06,-0.008595,12515.5,2023-02-06,-0.005847,4123.5,2023-02-06,0.028879,3.634000062942505,2023-02-06,0.060011,19.43000030517578,2023-02-06,0.009811,74.11000061035156,2023-02-06,-0.008519,22760.109375,2023-02-06,-0.009438,1616.2470703125,2023-02-06,0.025344,132.00900268554688,2023-02-06,,2023-02-06,0.0,-0.010438,BTC,0.4429,0.0081,risk_off,elevated,unknown,up,down,retrospective_derived,2026-08-31T03:54:07Z
2023-02-07,-0.001834,103.43000030517578,2023-02-07,0.002947,1871.699951171875,2023-02-07,0.020874,12776.75,2023-02-07,0.012671,4175.75,2023-02-07,0.011007,3.674000024795532,2023-02-07,-0.039629,18.65999984741211,2023-02-07,0.040885,77.13999938964844,2023-02-07,0.022152,23264.291015625,2023-02-07,0.034497,1672.0035400390625,2023-02-07,0.004651,132.6230010986328,2023-02-07,0.04,2023-02-07,-0.005847,-0.005847,NASDAQ,0.4848,0.0588,risk_on,elevated,up,down,up,retrospective_derived,2026-08-31T03:54:07Z
2023-02-08,-0.000193,103.41000366210938,2023-02-08,0.003045,1877.4000244140625,2023-02-08,-0.018119,12545.25,2023-02-08,-0.010836,4130.5,2023-02-08,-0.005716,3.6530001163482666,2023-02-08,0.051983,19.6299991607666,2023-02-08,0.017241,78.47000122070312,2023-02-08,-0.013965,22939.3984375,2023-02-08,-0.012731,1650.716796875,2023-02-08,-0.011921,131.04200744628906,2023-02-08,-0.021,2023-02-08,0.012671,0.012671,NASDAQ,0.4951,0.0728,risk_off,elevated,down,flat,down,retrospective_derived,2026-08-31T03:54:07Z
2023-02-09,-0.001837,103.22000122070312,2023-02-09,-0.005966,1866.199951171875,2023-02-09,-0.009545,12425.5,2023-02-09,-0.009381,4091.75,2023-02-09,0.008212,3.683000087738037,2023-02-09,0.055018,20.709999084472656,2023-02-09,-0.005225,78.05999755859375,2023-02-09,-0.04884,21819.0390625,2023-02-09,-0.063172,1546.438232421875,2023-02-09,0.002633,131.38699340820312,2023-02-09,0.03,2023-02-09,-0.010836,-0.010836,NASDAQ,0.447,0.0575,risk_off,elevated,up,down,down,retrospective_derived,2026-08-31T03:54:07Z
2023-02-10,0.003972,103.62999725341795,2023-02-10,-0.001822,1862.800048828125,2023-02-10,-0.006378,12346.25,2023-02-10,0.001955,4099.75,2023-02-10,0.016563,3.74399995803833,2023-02-10,-0.008691,20.530000686645508,2023-02-10,0.021266,79.72000122070312,2023-02-10,-0.007693,21651.18359375,2023-02-10,-0.020414,1514.869140625,2023-02-10,0.001005,131.5189971923828,2023-02-10,0.061,2023-02-10,-0.009381,-0.009381,NASDAQ,0.4285,0.0448,neutral,elevated,up,up,down,retrospective_derived,2026-08-31T03:54:07Z
2023-02-11,,,,,,,,,,,,,,,,,,,,,,0.010147,21870.875,2023-02-11,0.016541,1539.9267578125,2023-02-11,,,,,2023-02-11,0.001955,0.001955,NASDAQ,0.4343,0.0406,unknown,unknown,unknown,unknown,up,retrospective_derived,2026-08-31T03:54:07Z
2023-02-12,,,,,,,,,,,,,,,,,,,,,,-0.00378,21788.203125,2023-02-12,-0.016165,1515.03369140625,2023-02-12,,,,,2023-02-12,0.0,0.001955,NASDAQ,0.432,0.0454,unknown,unknown,unknown,unknown,down,retrospective_derived,2026-08-31T03:54:07Z
2023-02-13,-0.002702,103.3499984741211,2023-02-13,-0.005851,1851.9000244140625,2023-02-13,0.015734,12540.5,2023-02-13,0.011586,4147.25,2023-02-13,-0.007212,3.7170000076293945,2023-02-13,-0.009255,20.34000015258789,2023-02-13,0.005268,80.13999938964844,2023-02-13,0.000913,21808.1015625,2023-02-13,-0.005193,1507.1658935546875,2023-02-13,0.000243,131.55099487304688,2023-02-13,,2023-02-13,0.0,0.001955,NASDAQ,0.4747,0.0508,neutral,elevated,unknown,down,flat,retrospective_derived,2026-08-31T03:54:07Z
2023-02-14,-0.001161,103.2300033569336,2023-02-14,0.001134,1854.0,2023-02-14,0.007217,12631.0,2023-02-14,-0.000422,4145.5,2023-02-14,0.011837,3.760999917984009,2023-02-14,-0.070305,18.90999984741211,2023-02-14,-0.013476,79.05999755859375,2023-02-14,0.018924,22220.8046875,2023-02-14,0.032982,1556.8751220703125,2023-02-14,0.005975,132.33700561523438,2023-02-14,0.044,2023-02-14,0.011586,0.011586,NASDAQ,0.5184,0.0824,neutral,elevated,up,flat,up,retrospective_derived,2026-08-31T03:54:07Z
2023-02-15,0.006684,103.91999816894533,2023-02-15,-0.01068,1834.199951171875,2023-02-15,0.007838,12730.0,2023-02-15,0.003076,4158.25,2023-02-15,0.012763,3.809000015258789,2023-02-15,-0.03596,18.229999542236328,2023-02-15,-0.005945,78.58999633789062,2023-02-15,0.093923,24307.841796875,2023-02-15,0.075068,1673.7459716796875,2023-02-15,0.004942,132.99099731445312,2023-02-15,0.048,2023-02-15,-0.000422,-0.000422,NASDAQ,0.4558,0.0565,risk_on,elevated,up,up,up,retrospective_derived,2026-08-31T03:54:07Z
2023-02-16,-0.000577,103.86000061035156,2023-02-16,0.004253,1842.0,2023-02-16,-0.019442,12482.5,2023-02-16,-0.014068,4099.75,2023-02-16,0.008926,3.8429999351501465,2023-02-16,0.106418,20.170000076293945,2023-02-16,-0.001272,78.48999786376953,2023-02-16,-0.028154,23623.474609375,2023-02-16,-0.020122,1640.067626953125,2023-02-16,0.006858,133.9029998779297,2023-02-16,0.034,2023-02-16,0.003076,0.003076,NASDAQ,0.4747,0.0053,risk_off,elevated,up,flat,down,retrospective_derived,2026-08-31T03:54:07Z
2023-02-17,0.0,103.86000061035156,2023-02-17,-0.000869,1840.4000244140625,2023-02-17,-0.00741,12390.0,2023-02-17,-0.002988,4087.5,2023-02-17,-0.003903,3.828000068664551,2023-02-17,-0.007437,20.020000457763672,2023-02-17,-0.027392,76.33999633789062,2023-02-17,0.039881,24565.6015625,2023-02-17,0.033362,1694.7833251953125,2023-02-17,0.001277,134.07400512695312,2023-02-17,-0.015,2023-02-17,-0.014068,-0.014068,VIX,0.4431,0.0043,neutral,elevated,flat,flat,up,retrospective_derived,2026-08-31T03:54:07Z
2023-02-18,,,,,,,,,,,,,,,,,,,,,,0.003081,24641.27734375,2023-02-18,-0.001749,1691.8194580078125,2023-02-18,,,,,2023-02-18,-0.002988,-0.002988,NASDAQ,0.4425,0.0035,unknown,unknown,unknown,unknown,up,retrospective_derived,2026-08-31T03:54:07Z
2023-02-19,,,,,,,,,,,,,,,,,,,,,,-0.012728,24327.642578125,2023-02-19,-0.006137,1681.4361572265625,2023-02-19,,,,,2023-02-19,0.0,-0.002988,VIX,0.408,0.0084,unknown,unknown,unknown,unknown,down,retrospective_derived,2026-08-31T03:54:07Z
2023-02-20,,,,,,,,,,,,,,,,,,,,,,0.020615,24829.1484375,2023-02-20,0.012631,1702.6751708984375,2023-02-20,0.001738,134.3070068359375,2023-02-20,,2023-02-20,0.0,-0.002988,VIX,0.4232,0.0372,unknown,unknown,unknown,unknown,up,retrospective_derived,2026-08-31T03:54:07Z
2023-02-21,0.003081,104.18000030517578,2023-02-21,-0.004021,1833.0,2023-02-21,-0.023668,12096.75,2023-02-21,-0.02,4005.75,2023-02-21,0.033177,3.954999923706055,2023-02-21,0.142358,22.8700008392334,2023-02-21,-0.002358,76.16000366210938,2023-02-21,-0.01582,24436.353515625,2023-02-21,-0.026217,1658.036376953125,2023-02-21,0.000216,134.33599853515625,2023-02-21,,2023-02-21,0.0,-0.002988,VIX,0.3877,0.0125,risk_off,elevated,unknown,up,down,retrospective_derived,2026-08-31T03:54:07Z
2023-02-22,0.003935,104.58999633789062,2023-02-22,-0.000546,1832.0,2023-02-22,6.2e-05,12097.5,2023-02-22,-0.001685,3999.0,2023-02-22,-0.008091,3.92300009727478,2023-02-22,-0.025361,22.290000915527344,2023-02-22,-0.029018,73.94999694824219,2023-02-22,-0.010129,24188.84375,2023-02-22,-0.008929,1643.231689453125,2023-02-22,0.004764,134.9759979248047,2023-02-22,-0.032,2023-02-22,-0.02,-0.02,VIX,0.4472,0.0556,neutral,elevated,down,up,down,retrospective_derived,2026-08-31T03:54:07Z
2023-02-23,9.6e-05,104.5999984741211,2023-02-23,-0.007642,1818.0,2023-02-23,0.009093,12207.5,2023-02-23,0.004939,4018.75,2023-02-23,-0.011216,3.878999948501587,2023-02-23,-0.051593,21.13999938964844,2023-02-23,0.019473,75.38999938964844,2023-02-23,-0.009978,23947.4921875,2023-02-23,0.004772,1651.0738525390625,2023-02-23,-0.000326,134.9320068359375,2023-02-23,-0.044,2023-02-23,-0.001685,-0.001685,VIX,0.5128,0.1133,risk_on,elevated,down,flat,down,retrospective_derived,2026-08-31T03:54:07Z
2023-02-24,0.005832,105.20999908447266,2023-02-24,-0.00506,1808.800048828125,2023-02-24,-0.017243,11997.0,2023-02-24,-0.0107,3975.75,2023-02-24,0.018046,3.9489998817443848,2023-02-24,0.025071,21.670000076293945,2023-02-24,0.012336,76.31999969482422,2023-02-24,-0.031292,23198.126953125,2023-02-24,-0.025862,1608.3731689453125,2023-02-24,-0.002253,134.6280059814453,2023-02-24,0.07,2023-02-24,0.004939,0.004939,VIX,0.4828,0.0568,neutral,elevated,up,up,down,retrospective_derived,2026-08-31T03:54:07Z
2023-02-25,,,,,,,,,,,,,,,,,,,,,,-0.000981,23175.375,2023-02-25,-0.008368,1594.9149169921875,2023-02-25,,,,,2023-02-25,-0.0107,-0.0107,VIX,0.4854,0.0723,unknown,unknown,unknown,unknown,flat,retrospective_derived,2026-08-31T03:54:07Z
2023-02-26,,,,,,,,,,,,,,,,,,,,,,0.016649,23561.212890625,2023-02-26,0.02878,1640.817138671875,2023-02-26,,,,,2023-02-26,0.0,-0.0107,VIX,0.4833,0.0394,unknown,unknown,unknown,unknown,up,retrospective_derived,2026-08-31T03:54:07Z
2023-02-27,-0.005133,104.66999816894533,2023-02-27,0.004533,1817.0,2023-02-27,0.007189,12083.25,2023-02-27,0.003081,3988.0,2023-02-27,-0.006837,3.921999931335449,2023-02-27,-0.033226,20.950000762939453,2023-02-27,-0.008386,75.68000030517578,2023-02-27,-0.001627,23522.87109375,2023-02-27,-0.003956,1634.326416015625,2023-02-27,0.013125,136.39500427246094,2023-02-27,,2023-02-27,0.0,-0.0107,VIX,0.5066,0.073,risk_on,elevated,unknown,down,down,retrospective_derived,2026-08-31T03:54:07Z
2023-02-28,0.001911,104.87000274658205,2023-02-28,0.006549,1828.9000244140625,2023-02-28,-0.00091,12072.25,2023-02-28,-0.003134,3975.5,2023-02-28,-0.00153,3.9159998893737793,2023-02-28,-0.011933,20.700000762939453,2023-02-28,0.018103,77.05000305175781,2023-02-28,-0.015964,23147.353515625,2023-02-28,-0.017396,1605.8951416015625,2023-02-28,-0.000572,136.31700134277344,2023-02-28,-0.006,2023-02-28,0.003081,0.003081,VIX,0.4392,0.0136,neutral,elevated,flat,up,down,retrospective_derived,2026-08-31T03:54:07Z
2023-03-01,-0.003719,104.4800033569336,2023-03-01,0.004812,1837.699951171875,2023-03-01,-0.009153,11961.75,2023-03-01,-0.004779,3956.5,2023-03-01,0.019918,3.99399995803833,2023-03-01,-0.005797,20.57999992370605,2023-03-01,0.008306,77.69000244140625,2023-03-01,0.021566,23646.55078125,2023-03-01,0.03583,1663.4337158203125,2023-03-01,0.000227,136.34800720214844,2023-03-01,0.078,2023-03-01,-0.003134,-0.003134,VIX,0.3964,0.0398,neutral,elevated,up,down,up,retrospective_derived,2026-08-31T03:54:07Z
2023-03-02,0.005264,105.02999877929688,2023-03-02,-0.002285,1833.5,2023-03-02,0.008381,12062.0,2023-03-02,0.00714,3984.75,2023-03-02,0.01978,4.072999954223633,2023-03-02,-0.048105,19.59000015258789,2023-03-02,0.00605,78.16000366210938,2023-03-02,-0.007235,23475.466796875,2023-03-02,-0.009687,1647.3193359375,2023-03-02,-0.00113,136.19400024414062,2023-03-02,0.079,2023-03-02,-0.004779,-0.004779,VIX,0.3929,0.048,risk_on,elevated,up,up,down,retrospective_derived,2026-08-31T03:54:07Z
2023-03-03,-0.004856,104.5199966430664,2023-03-03,0.007745,1847.699951171875,2023-03-03,0.020664,12311.25,2023-03-03,0.016312,4049.75,2023-03-03,-0.026762,3.96399998664856,2023-03-03,-0.056151,18.489999771118164,2023-03-03,0.019447,79.68000030517578,2023-03-03,-0.047402,22362.6796875,2023-03-03,-0.047442,1569.1676025390625,2023-03-03,0.003752,136.7050018310547,2023-03-03,-0.109,2023-03-03,0.00714,0.00714,VIX,0.3664,0.0092,risk_on,elevated,down,down,down,retrospective_derived,2026-08-31T03:54:07Z
2023-03-04,,,,,,,,,,,,,,,,,,,,,,-0.000417,22353.349609375,2023-03-04,-0.00143,1566.9239501953125,2023-03-04,,,,,2023-03-04,0.016312,0.016312,VIX,0.365,0.0025,unknown,unknown,unknown,unknown,flat,retrospective_derived,2026-08-31T03:54:07Z
2023-03-05,,,,,,,,,,,,,,,,,,,,,,0.003676,22435.513671875,2023-03-05,-0.001567,1564.46875,2023-03-05,,,,,2023-03-05,0.0,0.016312,VIX,0.4023,0.0313,unknown,unknown,unknown,unknown,up,retrospective_derived,2026-08-31T03:54:07Z
2023-03-06,-0.001626,104.3499984741211,2023-03-06,0.000108,1847.9000244140625,2023-03-06,0.000995,12323.5,2023-03-06,0.000679,4052.5,2023-03-06,0.004793,3.983000040054321,2023-03-06,0.00649,18.61000061035156,2023-03-06,0.009789,80.45999908447266,2023-03-06,-0.000257,22429.7578125,2023-03-06,0.001873,1567.398681640625,2023-03-06,-0.006181,135.86000061035156,2023-03-06,,2023-03-06,0.0,0.016312,VIX,0.3588,0.0139,neutral,elevated,unknown,down,flat,retrospective_derived,2026-08-31T03:54:07Z
2023-03-07,0.012171,105.62000274658205,2023-03-07,-0.018399,1813.9000244140625,2023-03-07,-0.012537,12169.0,2023-03-07,-0.015484,3989.75,2023-03-07,-0.002009,3.974999904632568,2023-03-07,0.05266,19.59000015258789,2023-03-07,-0.035794,77.58000183105469,2023-03-07,-0.009362,22219.76953125,2023-03-07,-0.003487,1561.93310546875,2023-03-07,0.001023,135.99899291992188,2023-03-07,-0.008,2023-03-07,0.000679,0.000679,VIX,0.4065,0.0102,risk_off,elevated,flat,up,down,retrospective_derived,2026-08-31T03:54:07Z
2023-03-08,0.000379,105.66000366210938,2023-03-08,-0.000662,1812.699951171875,2023-03-08,0.004869,12228.25,2023-03-08,0.001316,3995.0,2023-03-08,0.000252,3.9760000705718994,2023-03-08,-0.024502,19.11000061035156,2023-03-08,-0.011859,76.66000366210938,2023-03-08,-0.022579,21718.080078125,2023-03-08,-0.017827,1534.0882568359375,2023-03-08,0.010235,137.39100646972656,2023-03-08,0.001,2023-03-08,-0.015484,-0.015484,SPX,0.3957,0.0107,neutral,elevated,flat,flat,down,retrospective_derived,2026-08-31T03:54:07Z
2023-03-09,-0.003313,105.30999755859376,2023-03-09,0.009158,1829.300048828125,2023-03-09,-0.018073,12007.25,2023-03-09,-0.018773,3920.0,2023-03-09,-0.012827,3.924999952316284,2023-03-09,0.18315,22.61000061035156,2023-03-09,-0.012262,75.72000122070312,2023-03-09,-0.062393,20363.021484375,2023-03-09,-0.062205,1438.6607666015625,2023-03-09,-0.001201,137.2259979248047,2023-03-09,-0.051,2023-03-09,0.001316,0.001316,VIX,0.4683,0.0635,risk_off,elevated,down,down,down,retrospective_derived,2026-08-31T03:54:07Z
2023-03-10,-0.006932,104.58000183105467,2023-03-10,0.017876,1862.0,2023-03-10,-0.013908,11840.25,2023-03-10,-0.014605,3862.75,2023-03-10,-0.058599,3.694999933242798,2023-03-10,0.09686,24.799999237060547,2023-03-10,0.012678,76.68000030517578,2023-03-10,-0.008632,20187.244140625,2023-03-10,-0.006605,1429.1580810546875,2023-03-10,-0.006056,136.39500427246094,2023-03-10,-0.23,2023-03-10,-0.018773,-0.018773,VIX,0.4638,0.1024,risk_off,stressed,down,down,down,retrospective_derived,2026-08-31T03:54:07Z
2023-03-11,,,,,,,,,,,,,,,,,,,,,,0.022052,20632.41015625,2023-03-11,0.037406,1482.61669921875,2023-03-11,,,,,2023-03-11,-0.014605,-0.014605,VIX,0.4636,0.1015,unknown,unknown,unknown,unknown,up,retrospective_derived,2026-08-31T03:54:07Z
2023-03-12,,,,,,,,,,,,,,,,,,,,,,0.07423,22163.94921875,2023-03-12,0.072626,1590.29296875,2023-03-12,,,,,2023-03-12,0.0,-0.014605,VIX,0.4636,0.1015,unknown,unknown,unknown,unknown,up,retrospective_derived,2026-08-31T03:54:07Z
2023-03-13,-0.009371,103.5999984741211,2023-03-13,0.026692,1911.699951171875,2023-03-13,0.007728,11931.75,2023-03-13,-0.001553,3856.75,2023-03-13,-0.048714,3.515000104904175,2023-03-13,0.069355,26.520000457763672,2023-03-13,-0.024517,74.80000305175781,2023-03-13,0.091752,24197.533203125,2023-03-13,0.056603,1680.3089599609375,2023-03-13,-0.010374,134.97999572753906,2023-03-13,,2023-03-13,0.0,-0.014605,BTC,0.4707,0.0399,neutral,stressed,unknown,down,up,retrospective_derived,2026-08-31T03:54:07Z
2023-03-14,0.0,103.5999984741211,2023-03-14,-0.002877,1906.199951171875,2023-03-14,0.023069,12207.0,2023-03-14,0.016529,3920.5,2023-03-14,0.034993,3.638000011444092,2023-03-14,-0.105204,23.729999542236328,2023-03-14,-0.04639,71.33000183105469,2023-03-14,0.022669,24746.07421875,2023-03-14,0.013806,1703.507080078125,2023-03-14,-0.013824,133.11399841308594,2023-03-14,0.123,2023-03-14,-0.001553,-0.001553,BTC,0.5189,0.0809,risk_on,elevated,up,flat,up,retrospective_derived,2026-08-31T03:54:07Z
2023-03-15,0.010135,104.6500015258789,2023-03-15,0.010702,1926.5999755859373,2023-03-15,0.003338,12247.75,2023-03-15,-0.007078,3892.75,2023-03-15,-0.040132,3.492000102996826,2023-03-15,0.101559,26.13999938964844,2023-03-15,-0.052152,67.61000061035156,2023-03-15,-0.014956,24375.9609375,2023-03-15,-0.027782,1656.1805419921875,2023-03-15,0.009638,134.39700317382812,2023-03-15,-0.146,2023-03-15,0.016529,0.016529,BTC,0.5084,0.0681,risk_off,stressed,down,up,down,retrospective_derived,2026-08-31T03:54:07Z
2023-03-16,-0.002198,104.41999816894533,2023-03-16,-0.003945,1919.0,2023-03-16,0.027372,12583.0,2023-03-16,0.017404,3960.5,2023-03-16,0.026632,3.5850000381469727,2023-03-16,-0.120505,22.989999771118164,2023-03-16,0.010945,68.3499984741211,2023-03-16,0.027766,25052.7890625,2023-03-16,0.012701,1677.2154541015625,2023-03-16,-0.010923,132.9290008544922,2023-03-16,0.093,2023-03-16,-0.007078,-0.007078,VIX,0.5822,0.0964,risk_on,elevated,up,down,up,retrospective_derived,2026-08-31T03:54:07Z
2023-03-17,-0.006799,103.70999908447266,2023-03-17,0.026472,1969.800048828125,2023-03-17,0.000926,12594.650390625,2023-03-17,-0.000871,3957.050048828125,2023-03-17,-0.052999,3.3949999809265137,2023-03-17,0.109613,25.51000022888184,2023-03-17,-0.023555,66.73999786376953,2023-03-17,0.094646,27423.9296875,2023-03-17,0.068727,1792.485107421875,2023-03-17,0.003302,133.3679962158203,2023-03-17,-0.19,2023-03-17,0.017404,0.017404,BTC,0.5556,0.0133,neutral,stressed,down,down,up,retrospective_derived,2026-08-31T03:54:07Z
2023-03-18,,,,,,,,,,,,,,,,,,,,,,-0.016703,26965.87890625,2023-03-18,-0.017197,1761.65966796875,2023-03-18,,,,,2023-03-18,-0.000871,-0.000871,BTC,0.5524,0.0121,unknown,unknown,unknown,unknown,down,retrospective_derived,2026-08-31T03:54:07Z
2023-03-19,,,,,,,,,,,,,,,,,,,,,,0.039783,28038.67578125,2023-03-19,0.013576,1785.5765380859375,2023-03-19,,,,,2023-03-19,0.0,-0.000871,BTC,0.5879,0.001,unknown,unknown,unknown,unknown,up,retrospective_derived,2026-08-31T03:54:07Z
2023-03-20,-0.004146,103.27999877929688,2023-03-20,0.004772,1979.199951171875,2023-03-20,0.007452,12688.5,2023-03-20,0.006558,3983.0,2023-03-20,0.025331,3.4809999465942383,2023-03-20,-0.053312,24.149999618530277,2023-03-20,0.013485,67.63999938964844,2023-03-20,-0.009681,27767.236328125,2023-03-20,-0.028145,1735.3212890625,2023-03-20,-0.008128,132.28399658203125,2023-03-20,,2023-03-20,0.0,-0.000871,VIX,0.6131,0.0375,risk_on,stressed,unknown,down,down,retrospective_derived,2026-08-31T03:54:07Z
2023-03-21,-0.000194,103.26000213623048,2023-03-21,-0.020816,1938.0,2023-03-21,0.014088,12867.25,2023-03-21,0.013244,4035.75,2023-03-21,0.035909,3.6059999465942383,2023-03-21,-0.1147,21.3799991607666,2023-03-21,0.024985,69.33000183105469,2023-03-21,0.014714,28175.81640625,2023-03-21,0.041168,1806.7607421875,2023-03-21,-0.006743,131.39199829101562,2023-03-21,0.125,2023-03-21,0.006558,0.006558,VIX,0.7453,0.0881,risk_on,elevated,up,flat,up,retrospective_derived,2026-08-31T03:54:07Z
2023-03-22,-0.008813,102.3499984741211,2023-03-22,0.004541,1946.800048828125,2023-03-22,-0.012454,12707.0,2023-03-22,-0.016168,3970.5,2023-03-22,-0.029395,3.5,2023-03-22,0.04116,22.26000022888184,2023-03-22,0.022645,70.9000015258789,2023-03-22,-0.03082,27307.4375,2023-03-22,-0.038214,1737.717041015625,2023-03-22,0.007276,132.34800720214844,2023-03-22,-0.106,2023-03-22,0.013244,0.013244,VIX,0.729,0.0895,risk_off,elevated,down,down,down,retrospective_derived,2026-08-31T03:54:07Z
2023-03-23,0.001759,102.52999877929688,2023-03-23,0.024142,1993.800048828125,2023-03-23,0.011568,12854.0,2023-03-23,0.001889,3978.0,2023-03-23,-0.026857,3.4059998989105225,2023-03-23,0.015723,22.61000061035156,2023-03-23,-0.013258,69.95999908447266,2023-03-23,0.037592,28333.97265625,2023-03-23,0.045282,1816.4051513671875,2023-03-23,-0.008833,131.1790008544922,2023-03-23,-0.094,2023-03-23,-0.016168,-0.016168,VIX,0.7461,0.0605,neutral,elevated,down,up,up,retrospective_derived,2026-08-31T03:54:07Z
2023-03-24,0.005754,103.12000274658205,2023-03-24,-0.005868,1982.0999755859373,2023-03-24,0.00282,12890.25,2023-03-24,0.005845,4001.25,2023-03-24,-0.007634,3.380000114440918,2023-03-24,-0.038479,21.739999771118164,2023-03-24,-0.010006,69.26000213623047,2023-03-24,-0.029671,27493.28515625,2023-03-24,-0.035433,1752.0447998046875,2023-03-24,-0.002394,130.86500549316406,2023-03-24,-0.026,2023-03-24,0.001889,0.001889,VIX,0.7106,0.0181,risk_on,elevated,down,up,down,retrospective_derived,2026-08-31T03:54:07Z
2023-03-25,,,,,,,,,,,,,,,,,,,,,,5.2e-05,27494.70703125,2023-03-25,-0.004726,1743.7647705078125,2023-03-25,,,,,2023-03-25,0.005845,0.005845,VIX,0.7032,0.013,unknown,unknown,unknown,unknown,flat,retrospective_derived,2026-08-31T03:54:07Z
2023-03-26,,,,,,,,,,,,,,,,,,,,,,0.018172,27994.330078125,2023-03-26,0.018301,1775.6767578125,2023-03-26,,,,,2023-03-26,0.0,0.005845,VIX,0.7509,0.0455,unknown,unknown,unknown,unknown,up,retrospective_derived,2026-08-31T03:54:07Z
2023-03-27,-0.002521,102.86000061035156,2023-03-27,-0.014984,1952.4000244140625,2023-03-27,-0.007894,12788.5,2023-03-27,0.0015,4007.25,2023-03-27,0.043787,3.5280001163482666,2023-03-27,-0.052438,20.600000381469727,2023-03-27,0.051256,72.80999755859375,2023-03-27,-0.030522,27139.888671875,2023-03-27,-0.033912,1715.4608154296875,2023-03-27,-0.000145,130.8459930419922,2023-03-27,,2023-03-27,0.0,0.005845,US10Y,0.7866,0.0258,neutral,elevated,unknown,down,down,retrospective_derived,2026-08-31T03:54:07Z
2023-03-28,-0.00418,102.43000030517578,2023-03-28,0.010244,1972.4000244140625,2023-03-28,-0.004379,12732.5,2023-03-28,-0.001435,4001.5,2023-03-28,0.010204,3.563999891281128,2023-03-28,-0.030583,19.96999931335449,2023-03-28,0.005356,73.19999694824219,2023-03-28,0.004725,27268.130859375,2023-03-28,0.033417,1772.78564453125,2023-03-28,0.002958,131.23300170898438,2023-03-28,0.036,2023-03-28,0.0015,0.0015,VIX,0.7838,0.0009,neutral,elevated,up,down,up,retrospective_derived,2026-08-31T03:54:07Z
2023-03-29,0.00205,102.63999938964844,2023-03-29,-0.003194,1966.0999755859373,2023-03-29,0.01826,12965.0,2023-03-29,0.013995,4057.5,2023-03-29,0.000561,3.565999984741211,2023-03-29,-0.042564,19.1200008392334,2023-03-29,-0.003142,72.97000122070312,2023-03-29,0.039618,28348.44140625,2023-03-29,0.011404,1793.0018310546875,2023-03-29,-0.001425,131.04600524902344,2023-03-29,0.002,2023-03-29,-0.001435,-0.001435,US10Y,0.8159,0.0222,risk_on,elevated,flat,up,up,retrospective_derived,2026-08-31T03:54:07Z
2023-03-30,-0.004871,102.13999938964844,2023-03-30,0.007222,1980.300048828125,2023-03-30,0.009024,13082.0,2023-03-30,0.005545,4080.0,2023-03-30,-0.004206,3.5510001182556152,2023-03-30,-0.00523,19.020000457763672,2023-03-30,0.019186,74.37000274658203,2023-03-30,-0.011107,28033.5625,2023-03-30,-0.000148,1792.7371826171875,2023-03-30,0.011675,132.5760040283203,2023-03-30,-0.015,2023-03-30,0.013995,0.013995,BTC,0.7626,0.0292,neutral,elevated,flat,down,down,retrospective_derived,2026-08-31T03:54:07Z
2023-03-31,0.003623,102.51000213623048,2023-03-31,-0.005706,1969.0,2023-03-31,0.016798,13301.75,2023-03-31,0.014154,4137.75,2023-03-31,-0.016052,3.49399995803833,2023-03-31,-0.016824,18.700000762939453,2023-03-31,0.01748,75.66999816894531,2023-03-31,0.015871,28478.484375,2023-03-31,0.016335,1822.0220947265625,2023-03-31,0.004714,133.2010040283203,2023-03-31,-0.057,2023-03-31,0.005545,0.005545,BTC,0.7441,0.0092,neutral,elevated,down,up,up,retrospective_derived,2026-08-31T03:54:07Z
2023-04-01,,,,,,,,,,,,,,,,,,,,,,-0.002368,28411.03515625,2023-04-01,-0.004479,1813.860595703125,2023-04-01,,,,,2023-04-01,0.014154,0.014154,GOLD,0.7295,0.0502,unknown,unknown,unknown,unknown,down,retrospective_derived,2026-08-31T03:54:07Z
2023-04-02,,,,,,,,,,,,,,,,,,,,,,-0.007452,28199.30859375,2023-04-02,-0.010008,1795.7081298828125,2023-04-02,,,,,2023-04-02,0.0,0.014154,US10Y,0.6221,0.0141,unknown,unknown,unknown,unknown,down,retrospective_derived,2026-08-31T03:54:07Z
2023-04-03,-0.004097,102.08999633789062,2023-04-03,0.007567,1983.9000244140625,2023-04-03,-0.002387,13270.0,2023-04-03,0.003867,4153.75,2023-04-03,-0.018317,3.430000066757202,2023-04-03,-0.008021,18.549999237060547,2023-04-03,0.062773,80.41999816894531,2023-04-03,-0.014507,27790.220703125,2023-04-03,0.008124,1810.297119140625,2023-04-03,0.001096,133.3470001220703,2023-04-03,,2023-04-03,0.0,0.014154,GOLD,0.6237,0.0393,neutral,elevated,unknown,down,down,retrospective_derived,2026-08-31T03:54:07Z
2023-04-04,-0.004898,101.58999633789062,2023-04-04,0.019305,2022.199951171875,2023-04-04,-0.003843,13219.0,2023-04-04,-0.005958,4129.0,2023-04-04,-0.027114,3.336999893188477,2023-04-04,0.024259,19.0,2023-04-04,0.003606,80.70999908447266,2023-04-04,0.013597,28168.08984375,2023-04-04,0.033535,1871.005126953125,2023-04-04,-0.007859,132.2989959716797,2023-04-04,-0.093,2023-04-04,0.003867,0.003867,GOLD,0.7155,0.1419,neutral,elevated,down,down,up,retrospective_derived,2026-08-31T03:54:07Z
2023-04-05,0.002559,101.8499984741211,2023-04-05,-0.000643,2020.9000244140625,2023-04-05,-0.010534,13079.75,2023-04-05,-0.002846,4117.25,2023-04-05,-0.014984,3.2869999408721924,2023-04-05,0.004211,19.07999992370605,2023-04-05,-0.001239,80.61000061035156,2023-04-05,0.000351,28177.984375,2023-04-05,0.020368,1909.114013671875,2023-04-05,-0.006153,131.48500061035156,2023-04-05,-0.05,2023-04-05,-0.005958,-0.005958,GOLD,0.6761,0.1481,neutral,elevated,down,up,flat,retrospective_derived,2026-08-31T03:54:07Z
2023-04-06,-0.000295,101.81999969482422,2023-04-06,-0.004453,2011.9000244140625,2023-04-06,0.006957,13170.75,2023-04-06,0.003582,4132.0,2023-04-06,0.000304,3.2880001068115234,2023-04-06,-0.035639,18.399999618530277,2023-04-06,0.001116,80.69999694824219,2023-04-06,-0.00475,28044.140625,2023-04-06,-0.018957,1872.922607421875,2023-04-06,-0.004191,130.9340057373047,2023-04-06,0.001,2023-04-06,-0.002846,-0.002846,GOLD,0.4775,0.1002,risk_on,elevated,flat,flat,down,retrospective_derived,2026-08-31T03:54:07Z
2023-04-07,,,,,,,,,,,,,,,,,,,,,,-0.004218,27925.859375,2023-04-07,-0.00389,1865.6361083984373,2023-04-07,0.005614,131.66900634765625,2023-04-07,,2023-04-07,0.003582,0.003582,GOLD,0.4731,0.1074,unknown,unknown,unknown,unknown,down,retrospective_derived,2026-08-31T03:54:07Z
2023-04-08,,,,,,,,,,,,,,,,,,,,,,0.000785,27947.794921875,2023-04-08,-0.00865,1849.4981689453125,2023-04-08,,,,,2023-04-08,0.0,0.003582,GOLD,0.4714,0.1273,unknown,unknown,unknown,unknown,flat,retrospective_derived,2026-08-31T03:54:07Z
2023-04-09,,,,,,,,,,,,,,,,,,,,,,0.013785,28333.05078125,2023-04-09,0.005347,1859.3878173828125,2023-04-09,,,,,2023-04-09,0.0,0.003582,GOLD,0.513,0.161,unknown,unknown,unknown,unknown,up,retrospective_derived,2026-08-31T03:54:07Z
2023-04-10,0.007464,102.58000183105467,2023-04-10,-0.011333,1989.0999755859373,2023-04-10,-0.000968,13158.0,2023-04-10,0.001029,4136.25,2023-04-10,0.038625,3.414999961853028,2023-04-10,0.030978,18.96999931335449,2023-04-10,-0.011896,79.73999786376953,2023-04-10,0.046586,29652.98046875,2023-04-10,0.027869,1911.20751953125,2023-04-10,0.003251,132.0970001220703,2023-04-10,,2023-04-10,0.0,0.003582,GOLD,0.4208,0.0194,neutral,elevated,unknown,up,up,retrospective_derived,2026-08-31T03:54:07Z
2023-04-11,-0.003704,102.1999969482422,2023-04-11,0.007893,2004.800048828125,2023-04-11,-0.006327,13074.75,2023-04-11,6e-05,4136.5,2023-04-11,0.005564,3.434000015258789,2023-04-11,0.006853,19.100000381469727,2023-04-11,0.022448,81.52999877929688,2023-04-11,0.01963,30235.05859375,2023-04-11,-0.009951,1892.189697265625,2023-04-11,0.010386,133.468994140625,2023-04-11,0.019,2023-04-11,0.001029,0.001029,GOLD,0.4614,0.1476,neutral,elevated,flat,down,up,retrospective_derived,2026-08-31T03:54:07Z
2023-04-12,-0.006849,101.5,2023-04-12,0.003043,2010.9000244140625,2023-04-12,-0.009369,12952.25,2023-04-12,-0.004231,4119.0,2023-04-12,-0.003786,3.4210000038146973,2023-04-12,-0.000524,19.09000015258789,2023-04-12,0.021219,83.26000213623047,2023-04-12,-0.003175,30139.052734375,2023-04-12,0.015058,1920.68212890625,2023-04-12,0.000937,133.593994140625,2023-04-12,-0.013,2023-04-12,6e-05,6e-05,GOLD,0.3589,0.0194,neutral,elevated,flat,down,down,retrospective_derived,2026-08-31T03:54:07Z
2023-04-13,-0.004828,101.01000213623048,2023-04-13,0.015118,2041.300048828125,2023-04-13,0.019881,13209.75,2023-04-13,0.013049,4172.75,2023-04-13,0.009062,3.45199990272522,2023-04-13,-0.067575,17.799999237060547,2023-04-13,-0.013212,82.16000366210938,2023-04-13,0.008627,30399.06640625,2023-04-13,0.047875,2012.6346435546875,2023-04-13,-0.00381,133.0850067138672,2023-04-13,0.031,2023-04-13,-0.004231,-0.004231,WTI,0.308,0.0032,risk_on,elevated,up,down,up,retrospective_derived,2026-08-31T03:54:07Z
2023-04-14,0.005346,101.5500030517578,2023-04-14,-0.019155,2002.199951171875,2023-04-14,-0.002157,13181.25,2023-04-14,-0.002157,4163.75,2023-04-14,0.020278,3.5220000743865967,2023-04-14,-0.041011,17.06999969482422,2023-04-14,0.004382,82.5199966430664,2023-04-14,0.00285,30485.69921875,2023-04-14,0.044221,2101.635498046875,2023-04-14,-0.004493,132.48699951171875,2023-04-14,0.07,2023-04-14,0.013049,0.013049,DXY,0.3153,0.0333,neutral,elevated,up,up,up,retrospective_derived,2026-08-31T03:54:07Z
2023-04-15,,,,,,,,,,,,,,,,,,,,,,-0.005485,30318.49609375,2023-04-15,-0.004363,2092.466796875,2023-04-15,,,,,2023-04-15,-0.002157,-0.002157,DXY,0.3127,0.0296,unknown,unknown,unknown,unknown,down,retrospective_derived,2026-08-31T03:54:07Z
2023-04-16,,,,,,,,,,,,,,,,,,,,,,-0.000104,30315.35546875,2023-04-16,0.013161,2120.005859375,2023-04-16,,,,,2023-04-16,0.0,-0.002157,DXY,0.3479,0.0671,unknown,unknown,unknown,unknown,flat,retrospective_derived,2026-08-31T03:54:07Z
2023-04-17,0.005416,102.0999984741211,2023-04-17,-0.003996,1994.199951171875,2023-04-17,0.000398,13186.5,2023-04-17,0.003122,4176.75,2023-04-17,0.019591,3.5910000801086426,2023-04-17,-0.00703,16.950000762939453,2023-04-17,-0.02048,80.83000183105469,2023-04-17,-0.028709,29445.044921875,2023-04-17,-0.020643,2076.242919921875,2023-04-17,0.011201,133.9709930419922,2023-04-17,,2023-04-17,0.0,-0.002157,DXY,0.2954,0.0377,neutral,elevated,unknown,up,down,retrospective_derived,2026-08-31T03:54:07Z
2023-04-18,-0.003428,101.75,2023-04-18,0.006619,2007.4000244140625,2023-04-18,0.000493,13193.0,2023-04-18,0.000778,4180.0,2023-04-18,-0.005291,3.572000026702881,2023-04-18,-0.00708,16.829999923706055,2023-04-18,0.000371,80.86000061035156,2023-04-18,0.032349,30397.552734375,2023-04-18,0.013628,2104.537353515625,2023-04-18,0.003389,134.4250030517578,2023-04-18,-0.019,2023-04-18,0.003122,0.003122,DXY,0.2741,0.0244,neutral,elevated,flat,down,up,retrospective_derived,2026-08-31T03:54:07Z
2023-04-19,0.002162,101.97000122070312,2023-04-19,-0.006078,1995.199951171875,2023-04-19,-0.000758,13183.0,2023-04-19,-0.000359,4178.5,2023-04-19,0.008399,3.601999998092652,2023-04-19,-0.021985,16.459999084472656,2023-04-19,-0.021024,79.16000366210938,2023-04-19,-0.051809,28822.6796875,2023-04-19,-0.079891,1936.4034423828125,2023-04-19,-0.002834,134.04400634765625,2023-04-19,0.03,2023-04-19,0.000778,0.000778,DXY,0.2913,0.0006,neutral,elevated,up,up,down,retrospective_derived,2026-08-31T03:54:07Z
2023-04-20,-0.001275,101.83999633789062,2023-04-20,0.006215,2007.5999755859373,2023-04-20,-0.008249,13074.25,2023-04-20,-0.006222,4152.5,2023-04-20,-0.015825,3.5450000762939453,2023-04-20,0.043135,17.170000076293945,2023-04-20,-0.023623,77.29000091552734,2023-04-20,-0.020008,28245.98828125,2023-04-20,0.003457,1943.09765625,2023-04-20,0.004924,134.70399475097656,2023-04-20,-0.057,2023-04-20,-0.000359,-0.000359,GOLD,0.3161,0.0245,risk_off,elevated,down,flat,down,retrospective_derived,2026-08-31T03:54:07Z
2023-04-21,-0.000196,101.81999969482422,2023-04-21,-0.013997,1979.5,2023-04-21,0.001243,13090.5,2023-04-21,0.001023,4156.75,2023-04-21,0.007052,3.569999933242798,2023-04-21,-0.023296,16.770000457763672,2023-04-21,0.007504,77.87000274658203,2023-04-21,-0.034309,27276.91015625,2023-04-21,-0.047912,1849.9998779296875,2023-04-21,-0.005256,133.99600219726562,2023-04-21,0.025,2023-04-21,-0.006222,-0.006222,GOLD,0.3489,0.0736,neutral,elevated,up,flat,down,retrospective_derived,2026-08-31T03:54:07Z
2023-04-22,,,,,,,,,,,,,,,,,,,,,,0.019819,27817.5,2023-04-22,0.013097,1874.2286376953125,2023-04-22,,,,,2023-04-22,0.001023,0.001023,GOLD,0.3474,0.0712,unknown,unknown,unknown,unknown,up,retrospective_derived,2026-08-31T03:54:07Z
2023-04-23,,,,,,,,,,,,,,,,,,,,,,-0.008129,27591.384765625,2023-04-23,-0.006492,1862.06201171875,2023-04-23,,,,,2023-04-23,0.0,0.001023,GOLD,0.3316,0.071,unknown,unknown,unknown,unknown,down,retrospective_derived,2026-08-31T03:54:07Z
2023-04-24,-0.004616,101.3499984741211,2023-04-24,0.00485,1989.0999755859373,2023-04-24,-0.002597,13056.5,2023-04-24,0.000662,4159.5,2023-04-24,-0.015406,3.515000104904175,2023-04-24,0.007156,16.889999389648438,2023-04-24,0.011429,78.76000213623047,2023-04-24,-0.002394,27525.33984375,2023-04-24,-0.010367,1842.7574462890625,2023-04-24,-0.000261,133.96099853515625,2023-04-24,,2023-04-24,0.0,0.001023,GOLD,0.3079,0.0667,neutral,elevated,unknown,down,down,retrospective_derived,2026-08-31T03:54:07Z
2023-04-25,0.005032,101.86000061035156,2023-04-25,0.002463,1994.0,2023-04-25,-0.018918,12809.5,2023-04-25,-0.015927,4093.25,2023-04-25,-0.033855,3.3959999084472656,2023-04-25,0.110716,18.76000022888184,2023-04-25,-0.021458,77.06999969482422,2023-04-25,0.02842,28307.59765625,2023-04-25,0.013022,1866.753662109375,2023-04-25,0.000918,134.08399963378906,2023-04-25,-0.119,2023-04-25,0.000662,0.000662,VIX,0.2929,0.0065,risk_off,elevated,down,up,up,retrospective_derived,2026-08-31T03:54:07Z
2023-04-26,-0.003829,101.47000122070312,2023-04-26,-0.004163,1985.699951171875,2023-04-26,0.006109,12887.75,2023-04-26,-0.004214,4076.0,2023-04-26,0.010601,3.431999921798706,2023-04-26,0.004264,18.84000015258789,2023-04-26,-0.035941,74.30000305175781,2023-04-26,0.004066,28422.701171875,2023-04-26,-0.000101,1866.564208984375,2023-04-26,-0.002782,133.71099853515625,2023-04-26,0.036,2023-04-26,-0.015927,-0.015927,GOLD,0.2914,0.0175,neutral,elevated,up,down,up,retrospective_derived,2026-08-31T03:54:07Z
2023-04-27,0.000296,101.5,2023-04-27,0.002115,1989.9000244140625,2023-04-27,0.026653,13231.25,2023-04-27,0.019075,4153.75,2023-04-27,0.027972,3.5280001163482666,2023-04-27,-0.096072,17.030000686645508,2023-04-27,0.006191,74.76000213623047,2023-04-27,0.036981,29473.787109375,2023-04-27,0.02262,1908.786376953125,2023-04-27,-0.00184,133.46499633789062,2023-04-27,0.096,2023-04-27,-0.004214,-0.004214,US10Y,0.2932,0.0005,risk_on,elevated,up,flat,up,retrospective_derived,2026-08-31T03:54:07Z
2023-04-28,0.001675,101.66999816894533,2023-04-28,0.0001,1990.0999755859373,2023-04-28,0.006726,13320.25,2023-04-28,0.008366,4188.5,2023-04-28,-0.021542,3.45199990272522,2023-04-28,-0.0734,15.779999732971191,2023-04-28,0.02702,76.77999877929688,2023-04-28,-0.00453,29340.26171875,2023-04-28,-0.008526,1892.5128173828125,2023-04-28,0.002525,133.802001953125,2023-04-28,-0.076,2023-04-28,0.019075,0.019075,VIX,0.2913,0.0298,risk_on,calm,down,up,down,retrospective_derived,2026-08-31T03:54:07Z
2023-04-29,,,,,,,,,,,,,,,,,,,,,,-0.003128,29248.48828125,2023-04-29,0.008668,1908.9169921875,2023-04-29,,,,,2023-04-29,0.008366,0.008366,VIX,0.2886,0.0283,unknown,unknown,unknown,unknown,down,retrospective_derived,2026-08-31T03:54:07Z
2023-04-30,,,,,,,,,,,,,,,,,,,,,,0.000695,29268.806640625,2023-04-30,-0.01676,1876.92431640625,2023-04-30,,,,,2023-04-30,0.0,0.008366,VIX,0.3054,0.0231,unknown,unknown,unknown,unknown,flat,retrospective_derived,2026-08-31T03:54:07Z
2023-05-01,0.004721,102.1500015258789,2023-05-01,-0.003367,1983.4000244140625,2023-05-01,-0.001013,13306.75,2023-05-01,-0.000657,4185.75,2023-05-01,0.035342,3.5739998817443848,2023-05-01,0.019011,16.079999923706055,2023-05-01,-0.014587,75.66000366210938,2023-05-01,-0.040222,28091.568359375,2023-05-01,-0.023959,1831.954833984375,2023-05-01,0.019312,136.38600158691406,2023-05-01,,2023-05-01,0.0,0.008366,VIX,0.3196,0.0303,neutral,elevated,unknown,up,down,retrospective_derived,2026-08-31T03:54:07Z
2023-05-02,-0.00186,101.95999908447266,2023-05-02,0.015579,2014.300048828125,2023-05-02,-0.009187,13184.5,2023-05-02,-0.011706,4136.75,2023-05-02,-0.037773,3.438999891281128,2023-05-02,0.105721,17.780000686645508,2023-05-02,-0.052868,71.66000366210938,2023-05-02,0.020966,28680.537109375,2023-05-02,0.021198,1870.789306640625,2023-05-02,0.008322,137.52099609375,2023-05-02,-0.135,2023-05-02,-0.000657,-0.000657,VIX,0.4292,0.0593,risk_off,elevated,down,down,up,retrospective_derived,2026-08-31T03:54:07Z
2023-05-03,-0.006081,101.33999633789062,2023-05-03,0.007099,2028.5999755859373,2023-05-03,-0.006352,13100.75,2023-05-03,-0.007071,4107.5,2023-05-03,-0.010468,3.4030001163482666,2023-05-03,0.031496,18.34000015258789,2023-05-03,-0.042702,68.5999984741211,2023-05-03,0.011359,29006.30859375,2023-05-03,0.018101,1904.65185546875,2023-05-03,-0.007672,136.46600341796875,2023-05-03,-0.036,2023-05-03,-0.011706,-0.011706,VIX,0.4417,0.0117,risk_off,elevated,down,down,up,retrospective_derived,2026-08-31T03:54:07Z
2023-05-04,0.000592,101.4000015258789,2023-05-04,0.009563,2048.0,2023-05-04,-0.004351,13043.75,2023-05-04,-0.00773,4075.75,2023-05-04,-0.015281,3.3510000705718994,2023-05-04,0.09542,20.09000015258789,2023-05-04,-0.000583,68.55999755859375,2023-05-04,-0.005468,28847.7109375,2023-05-04,-0.014148,1877.7041015625,2023-05-04,-0.014084,134.54400634765625,2023-05-04,-0.052,2023-05-04,-0.007071,-0.007071,US10Y,0.4476,0.0111,risk_off,elevated,down,flat,down,retrospective_derived,2026-08-31T03:54:07Z
2023-05-05,-0.001874,101.20999908447266,2023-05-05,-0.014941,2017.4000244140625,2023-05-05,0.021006,13317.75,2023-05-05,0.018279,4150.25,2023-05-05,0.02835,3.446000099182129,2023-05-05,-0.14435,17.190000534057617,2023-05-05,0.040548,71.33999633789062,2023-05-05,0.023803,29534.384765625,2023-05-05,0.0625,1995.0609130859373,2023-05-05,-0.002713,134.1790008544922,2023-05-05,0.095,2023-05-05,-0.00773,-0.00773,VIX,0.5191,0.054,risk_on,elevated,up,down,up,retrospective_derived,2026-08-31T03:54:07Z
2023-05-06,,,,,,,,,,,,,,,,,,,,,,-0.021323,28904.623046875,2023-05-06,-0.047537,1900.2218017578125,2023-05-06,,,,,2023-05-06,0.018279,0.018279,VIX,0.5207,0.0608,unknown,unknown,unknown,unknown,down,retrospective_derived,2026-08-31T03:54:07Z
2023-05-07,,,,,,,,,,,,,,,,,,,,,,-0.015556,28454.978515625,2023-05-07,-0.014285,1873.076416015625,2023-05-07,,,,,2023-05-07,0.0,0.018279,VIX,0.565,0.0899,unknown,unknown,unknown,unknown,down,retrospective_derived,2026-08-31T03:54:07Z
2023-05-08,0.001581,101.37000274658205,2023-05-08,0.004412,2026.300048828125,2023-05-08,0.002591,13352.25,2023-05-08,0.000602,4152.75,2023-05-08,0.021764,3.5209999084472656,2023-05-08,-0.012216,16.979999542236328,2023-05-08,0.025512,73.16000366210938,2023-05-08,-0.026734,27694.2734375,2023-05-08,-0.012831,1849.042724609375,2023-05-08,0.007602,135.19900512695312,2023-05-08,,2023-05-08,0.0,0.018279,VIX,0.562,0.0692,neutral,elevated,unknown,up,down,retrospective_derived,2026-08-31T03:54:07Z
2023-05-09,0.002663,101.63999938964844,2023-05-09,0.004886,2036.199951171875,2023-05-09,-0.006553,13264.75,2023-05-09,-0.004515,4134.0,2023-05-09,0.0,3.5209999084472656,2023-05-09,0.042992,17.709999084472656,2023-05-09,0.007518,73.70999908447266,2023-05-09,-0.001282,27658.775390625,2023-05-09,-0.000238,1848.6031494140625,2023-05-09,-0.000932,135.072998046875,2023-05-09,0.0,2023-05-09,0.000602,0.000602,VIX,0.6077,0.1177,risk_off,elevated,flat,up,flat,retrospective_derived,2026-08-31T03:54:07Z
2023-05-10,-0.001574,101.4800033569336,2023-05-10,-0.002799,2030.5,2023-05-10,0.010912,13409.5,2023-05-10,0.004354,4152.0,2023-05-10,-0.023289,3.438999891281128,2023-05-10,-0.043478,16.940000534057617,2023-05-10,-0.015602,72.55999755859375,2023-05-10,-0.001338,27621.755859375,2023-05-10,-0.003355,1842.4014892578125,2023-05-10,0.001592,135.28799438476562,2023-05-10,-0.082,2023-05-10,-0.004515,-0.004515,VIX,0.5882,0.124,risk_on,elevated,down,down,flat,retrospective_derived,2026-08-31T03:54:07Z
2023-05-11,0.005715,102.05999755859376,2023-05-11,-0.007781,2014.699951171875,2023-05-11,0.002759,13446.5,2023-05-11,-0.001987,4143.75,2023-05-11,-0.012213,3.3970000743865967,2023-05-11,-0.00059,16.93000030517578,2023-05-11,-0.023291,70.87000274658203,2023-05-11,-0.022481,27000.7890625,2023-05-11,-0.024919,1796.4906005859375,2023-05-11,-0.008877,134.08700561523438,2023-05-11,-0.042,2023-05-11,0.004354,0.004354,VIX,0.5898,0.0965,neutral,elevated,down,up,down,retrospective_derived,2026-08-31T03:54:07Z
2023-05-12,0.006075,102.68000030517578,2023-05-12,-9.9e-05,2014.5,2023-05-12,-0.003737,13396.25,2023-05-12,-0.001388,4138.0,2023-05-12,0.019429,3.463000059127808,2023-05-12,0.005907,17.030000686645508,2023-05-12,-0.011712,70.04000091552734,2023-05-12,-0.007252,26804.990234375,2023-05-12,0.006418,1808.019775390625,2023-05-12,0.003065,134.4980010986328,2023-05-12,0.066,2023-05-12,-0.001987,-0.001987,VIX,0.5647,0.1001,neutral,elevated,up,up,down,retrospective_derived,2026-08-31T03:54:07Z
2023-05-13,,,,,,,,,,,,,,,,,,,,,,-0.00078,26784.078125,2023-05-13,-0.006585,1796.1148681640625,2023-05-13,,,,,2023-05-13,-0.001388,-0.001388,VIX,0.5618,0.1,unknown,unknown,unknown,unknown,flat,retrospective_derived,2026-08-31T03:54:07Z
2023-05-14,,,,,,,,,,,,,,,,,,,,,,0.005472,26930.638671875,2023-05-14,0.002442,1800.5009765625,2023-05-14,,,,,2023-05-14,0.0,-0.001388,VIX,0.6028,0.1058,unknown,unknown,unknown,unknown,up,retrospective_derived,2026-08-31T03:54:07Z
2023-05-15,-0.002435,102.43000030517578,2023-05-15,0.001737,2018.0,2023-05-15,0.005356,13468.0,2023-05-15,0.0029,4150.0,2023-05-15,0.012994,3.507999897003174,2023-05-15,0.005285,17.1200008392334,2023-05-15,0.015277,71.11000061035156,2023-05-15,0.009731,27192.693359375,2023-05-15,0.009469,1817.5499267578125,2023-05-15,0.009844,135.82200622558594,2023-05-15,,2023-05-15,0.0,-0.001388,VIX,0.53,0.0711,neutral,elevated,unknown,down,up,retrospective_derived,2026-08-31T03:54:07Z
2023-05-16,0.001269,102.55999755859376,2023-05-16,-0.014668,1988.4000244140625,2023-05-16,0.001132,13483.25,2023-05-16,-0.006506,4123.0,2023-05-16,0.011688,3.549000024795532,2023-05-16,0.050818,17.989999771118164,2023-05-16,-0.003516,70.86000061035156,2023-05-16,-0.005738,27036.650390625,2023-05-16,0.003616,1824.1214599609373,2023-05-16,0.001642,136.0449981689453,2023-05-16,0.041,2023-05-16,0.0029,0.0029,VIX,0.5399,0.0865,risk_off,elevated,up,flat,down,retrospective_derived,2026-08-31T03:54:07Z
2023-05-17,0.00312,102.87999725341795,2023-05-17,-0.003872,1980.699951171875,2023-05-17,0.011885,13643.5,2023-05-17,0.011763,4171.5,2023-05-17,0.009017,3.5810000896453857,2023-05-17,-0.062257,16.8700008392334,2023-05-17,0.027801,72.83000183105469,2023-05-17,0.013395,27398.802734375,2023-05-17,-0.00124,1821.859619140625,2023-05-17,0.00283,136.42999267578125,2023-05-17,0.032,2023-05-17,-0.006506,-0.006506,VIX,0.5031,0.017,risk_on,elevated,up,up,up,retrospective_derived,2026-08-31T03:54:07Z
2023-05-18,0.006804,103.58000183105467,2023-05-18,-0.012218,1956.5,2023-05-18,0.01836,13894.0,2023-05-18,0.009709,4212.0,2023-05-18,0.01871,3.6480000019073486,2023-05-18,-0.048607,16.049999237060547,2023-05-18,-0.013319,71.86000061035156,2023-05-18,-0.02068,26832.208984375,2023-05-18,-0.01105,1801.728515625,2023-05-18,0.008678,137.61399841308594,2023-05-18,0.067,2023-05-18,0.011763,0.011763,VIX,0.5112,0.0538,risk_on,elevated,up,up,down,retrospective_derived,2026-08-31T03:54:07Z
2023-05-19,-0.003669,103.1999969482422,2023-05-19,0.011347,1978.699951171875,2023-05-19,-0.002591,13858.0,2023-05-19,-0.001721,4204.75,2023-05-19,0.012061,3.691999912261963,2023-05-19,0.047352,16.809999465942383,2023-05-19,-0.004314,71.55000305175781,2023-05-19,0.002159,26890.12890625,2023-05-19,0.006028,1812.5894775390625,2023-05-19,0.00731,138.6199951171875,2023-05-19,0.044,2023-05-19,0.009709,0.009709,VIX,0.5009,0.0706,neutral,elevated,up,down,up,retrospective_derived,2026-08-31T03:54:07Z
2023-05-20,,,,,,,,,,,,,,,,,,,,,,0.008905,27129.5859375,2023-05-20,0.004352,1820.47802734375,2023-05-20,,,,,2023-05-20,-0.001721,-0.001721,VIX,0.4992,0.0724,unknown,unknown,unknown,unknown,up,retrospective_derived,2026-08-31T03:54:07Z
2023-05-21,,,,,,,,,,,,,,,,,,,,,,-0.013851,26753.826171875,2023-05-21,-0.00876,1804.5313720703125,2023-05-21,,,,,2023-05-21,0.0,-0.001721,VIX,0.5373,0.0725,unknown,unknown,unknown,unknown,down,retrospective_derived,2026-08-31T03:54:07Z
2023-05-22,0.0,103.1999969482422,2023-05-22,-0.001971,1974.800048828125,2023-05-22,0.003211,13902.5,2023-05-22,5.9e-05,4205.0,2023-05-22,0.007313,3.7190001010894775,2023-05-22,0.023795,17.209999084472656,2023-05-22,0.006149,71.98999786376953,2023-05-22,0.003643,26851.27734375,2023-05-22,0.007206,1817.5347900390625,2023-05-22,-0.006695,137.69200134277344,2023-05-22,,2023-05-22,0.0,-0.001721,VIX,0.4853,0.0632,neutral,elevated,unknown,flat,up,retrospective_derived,2026-08-31T03:54:07Z
2023-05-23,0.00281,103.48999786376952,2023-05-23,-0.001215,1972.4000244140625,2023-05-23,-0.012498,13728.75,2023-05-23,-0.010999,4158.75,2023-05-23,-0.005647,3.697999954223633,2023-05-23,0.0767,18.530000686645508,2023-05-23,0.01278,72.91000366210938,2023-05-23,0.013945,27225.7265625,2023-05-23,0.020272,1854.380615234375,2023-05-23,0.007117,138.6719970703125,2023-05-23,-0.021,2023-05-23,5.9e-05,5.9e-05,VIX,0.4593,0.0721,risk_off,elevated,down,up,up,retrospective_derived,2026-08-31T03:54:07Z
2023-05-24,0.003865,103.88999938964844,2023-05-24,-0.004867,1962.800048828125,2023-05-24,-0.005718,13650.25,2023-05-24,-0.007875,4126.0,2023-05-24,0.005679,3.7190001010894775,2023-05-24,0.08095,20.030000686645508,2023-05-24,0.019613,74.33999633789062,2023-05-24,-0.032723,26334.818359375,2023-05-24,-0.029272,1800.0999755859375,2023-05-24,-0.000534,138.59800720214844,2023-05-24,0.021,2023-05-24,-0.010999,-0.010999,VIX,0.4262,0.0637,risk_off,elevated,up,up,down,retrospective_derived,2026-08-31T03:54:07Z
2023-05-25,0.00308,104.20999908447266,2023-05-25,-0.010037,1943.0999755859373,2023-05-25,0.023901,13976.5,2023-05-25,0.00818,4159.75,2023-05-25,0.025544,3.813999891281128,2023-05-25,-0.044433,19.13999938964844,2023-05-25,-0.033764,71.83000183105469,2023-05-25,0.005369,26476.20703125,2023-05-25,0.003252,1805.9537353515625,2023-05-25,0.004942,139.2830047607422,2023-05-25,0.095,2023-05-25,-0.007875,-0.007875,NASDAQ,0.2936,0.0169,risk_on,elevated,up,up,up,retrospective_derived,2026-08-31T03:54:07Z
2023-05-26,0.0,104.20999908447266,2023-05-26,0.000515,1944.0999755859373,2023-05-26,0.025471,14332.5,2023-05-26,0.012861,4213.25,2023-05-26,-0.001049,3.809999942779541,2023-05-26,-0.062173,17.950000762939453,2023-05-26,0.011694,72.66999816894531,2023-05-26,0.009181,26719.291015625,2023-05-26,0.012589,1828.689697265625,2023-05-26,0.00527,140.01699829101562,2023-05-26,-0.004,2023-05-26,0.00818,0.00818,NASDAQ,0.297,0.0378,risk_on,elevated,flat,flat,up,retrospective_derived,2026-08-31T03:54:07Z
2023-05-27,,,,,,,,,,,,,,,,,,,,,,0.005579,26868.353515625,2023-05-27,0.001328,1831.1182861328125,2023-05-27,,,,,2023-05-27,0.012861,0.012861,NASDAQ,0.2968,0.0399,unknown,unknown,unknown,unknown,up,retrospective_derived,2026-08-31T03:54:07Z
2023-05-28,,,,,,,,,,,,,,,,,,,,,,0.045306,28085.646484375,2023-05-28,0.043578,1910.9141845703125,2023-05-28,,,,,2023-05-28,0.0,0.012861,NASDAQ,0.3157,0.0315,unknown,unknown,unknown,unknown,up,retrospective_derived,2026-08-31T03:54:07Z
2023-05-29,,,,,,,,,,,,,,,,,,,,,,-0.012097,27745.884765625,2023-05-29,-0.009334,1893.078125,2023-05-29,0.006099,140.87100219726562,2023-05-29,,2023-05-29,0.0,0.012861,NASDAQ,0.3058,0.0333,unknown,unknown,unknown,unknown,down,retrospective_derived,2026-08-31T03:54:07Z
2023-05-30,-0.000384,104.16999816894533,2023-05-30,0.00715,1958.0,2023-05-30,0.004483,14396.75,2023-05-30,0.000415,4215.0,2023-05-30,-0.028871,3.700000047683716,2023-05-30,-0.027298,17.459999084472656,2023-05-30,-0.044172,69.45999908447266,2023-05-30,-0.001569,27702.349609375,2023-05-30,0.004199,1901.026611328125,2023-05-30,-0.003052,140.4409942626953,2023-05-30,,2023-05-30,0.0,0.012861,NASDAQ,0.3003,0.0329,neutral,elevated,unknown,flat,down,retrospective_derived,2026-08-31T03:54:07Z
2023-05-31,0.00144,104.31999969482422,2023-05-31,0.003013,1963.9000244140625,2023-05-31,-0.006686,14300.5,2023-05-31,-0.005813,4190.5,2023-05-31,-0.017027,3.63700008392334,2023-05-31,0.027491,17.940000534057617,2023-05-31,-0.019724,68.08999633789062,2023-05-31,-0.017424,27219.658203125,2023-05-31,-0.014148,1874.1304931640625,2023-05-31,-0.004621,139.79200744628906,2023-05-31,-0.063,2023-05-31,0.000415,0.000415,NASDAQ,0.3502,0.0434,neutral,elevated,down,flat,down,retrospective_derived,2026-08-31T03:54:07Z
2023-06-01,-0.007285,103.55999755859376,2023-06-01,0.00718,1978.0,2023-06-01,0.01201,14472.25,2023-06-01,0.008949,4228.0,2023-06-01,-0.007974,3.608000040054321,2023-06-01,-0.127648,15.649999618530272,2023-06-01,0.02952,70.0999984741211,2023-06-01,-0.014684,26819.97265625,2023-06-01,-0.006365,1862.201416015625,2023-06-01,-0.004757,139.1269989013672,2023-06-01,-0.029,2023-06-01,-0.005813,-0.005813,NASDAQ,0.3414,0.0479,risk_on,calm,down,down,down,retrospective_derived,2026-08-31T03:54:07Z
2023-06-02,0.004442,104.0199966430664,2023-06-02,-0.012942,1952.4000244140625,2023-06-02,0.007117,14575.25,2023-06-02,0.014191,4288.0,2023-06-02,0.023004,3.690999984741211,2023-06-02,-0.067093,14.600000381469728,2023-06-02,0.023395,71.73999786376953,2023-06-02,0.016019,27249.58984375,2023-06-02,0.024195,1907.256591796875,2023-06-02,-0.002724,138.7480010986328,2023-06-02,0.083,2023-06-02,0.008949,0.008949,SPX,0.3607,0.0301,risk_on,calm,up,up,up,retrospective_derived,2026-08-31T03:54:07Z
2023-06-03,,,,,,,,,,,,,,,,,,,,,,-0.006402,27075.12890625,2023-06-03,-0.007783,1892.4124755859373,2023-06-03,,,,,2023-06-03,0.014191,0.014191,SPX,0.3628,0.0289,unknown,unknown,unknown,unknown,down,retrospective_derived,2026-08-31T03:54:07Z
2023-06-04,,,,,,,,,,,,,,,,,,,,,,0.001623,27119.06640625,2023-06-04,-0.001003,1890.5135498046875,2023-06-04,,,,,2023-06-04,0.0,0.014191,SPX,0.3822,0.031,unknown,unknown,unknown,unknown,up,retrospective_derived,2026-08-31T03:54:07Z
2023-06-05,-0.000192,104.0,2023-06-05,0.002868,1958.0,2023-06-05,0.000926,14588.75,2023-06-05,-0.001632,4281.0,2023-06-05,0.000542,3.693000078201294,2023-06-05,0.008904,14.729999542236328,2023-06-05,0.005715,72.1500015258789,2023-06-05,-0.050111,25760.09765625,2023-06-05,-0.041621,1811.828369140625,2023-06-05,0.010515,140.20700073242188,2023-06-05,,2023-06-05,0.0,0.014191,SPX,0.4035,0.0237,neutral,calm,unknown,flat,down,retrospective_derived,2026-08-31T03:54:07Z
2023-06-06,0.00125,104.12999725341795,2023-06-06,0.00383,1965.5,2023-06-06,-0.000154,14586.5,2023-06-06,0.002044,4289.75,2023-06-06,0.001625,3.6989998817443848,2023-06-06,-0.052274,13.960000038146973,2023-06-06,-0.005683,71.73999786376953,2023-06-06,0.057402,27238.783203125,2023-06-06,0.040107,1884.494873046875,2023-06-06,-0.005877,139.38299560546875,2023-06-06,0.006,2023-06-06,-0.001632,-0.001632,VIX,0.3459,0.0202,neutral,calm,flat,flat,up,retrospective_derived,2026-08-31T03:54:07Z
2023-06-07,-0.000288,104.0999984741211,2023-06-07,-0.0116,1942.699951171875,2023-06-07,-0.017482,14331.5,2023-06-07,-0.003613,4274.25,2023-06-07,0.022979,3.783999919891357,2023-06-07,-0.001433,13.9399995803833,2023-06-07,0.011012,72.52999877929688,2023-06-07,-0.032776,26345.998046875,2023-06-07,-0.027646,1832.39599609375,2023-06-07,0.001033,139.52699279785156,2023-06-07,0.085,2023-06-07,0.002044,0.002044,VIX,0.3342,0.018,neutral,calm,up,flat,down,retrospective_derived,2026-08-31T03:54:07Z
2023-06-08,-0.007301,103.33999633789062,2023-06-08,0.010758,1963.5999755859373,2023-06-08,0.011967,14503.0,2023-06-08,0.005615,4298.25,2023-06-08,-0.018499,3.71399998664856,2023-06-08,-0.020803,13.649999618530272,2023-06-08,-0.017096,71.29000091552734,2023-06-08,0.006157,26508.216796875,2023-06-08,0.007589,1846.3018798828125,2023-06-08,0.002666,139.8990020751953,2023-06-08,-0.07,2023-06-08,-0.003613,-0.003613,VIX,0.3461,0.0041,neutral,calm,down,down,up,retrospective_derived,2026-08-31T03:54:07Z
2023-06-09,0.002129,103.55999755859376,2023-06-09,-0.000713,1962.199951171875,2023-06-09,0.003672,14556.25,2023-06-09,0.001512,4304.75,2023-06-09,0.008347,3.744999885559082,2023-06-09,0.013187,13.829999923706056,2023-06-09,-0.015711,70.16999816894531,2023-06-09,-0.00105,26480.375,2023-06-09,-0.003291,1840.2252197265625,2023-06-09,-0.007405,138.86300659179688,2023-06-09,0.031,2023-06-09,0.005615,0.005615,NASDAQ,0.3265,0.0016,neutral,calm,up,up,flat,retrospective_derived,2026-08-31T03:54:07Z
2023-06-10,,,,,,,,,,,,,,,,,,,,,,-0.023759,25851.240234375,2023-06-10,-0.047734,1752.384765625,2023-06-10,,,,,2023-06-10,0.001512,0.001512,NASDAQ,0.3253,0.0036,unknown,unknown,unknown,unknown,down,retrospective_derived,2026-08-31T03:54:07Z
2023-06-11,,,,,,,,,,,,,,,,,,,,,,0.00344,25940.16796875,2023-06-11,0.000588,1753.415283203125,2023-06-11,,,,,2023-06-11,0.0,0.001512,VIX,0.3533,0.009,unknown,unknown,unknown,unknown,up,retrospective_derived,2026-08-31T03:54:07Z
2023-06-12,0.000676,103.62999725341795,2023-06-12,-0.003516,1955.300048828125,2023-06-12,0.01678,14800.5,2023-06-12,0.008827,4342.75,2023-06-12,0.005341,3.765000104904175,2023-06-12,0.085322,15.010000228881836,2023-06-12,-0.043466,67.12000274658203,2023-06-12,-0.001452,25902.5,2023-06-12,-0.006209,1742.5286865234375,2023-06-12,0.003658,139.37100219726562,2023-06-12,,2023-06-12,0.0,0.001512,NASDAQ,0.3565,0.0238,mixed,calm,unknown,flat,flat,retrospective_derived,2026-08-31T03:54:07Z
2023-06-13,-0.002798,103.33999633789062,2023-06-13,-0.005472,1944.5999755859373,2023-06-13,0.007686,14914.25,2023-06-13,0.006678,4371.75,2023-06-13,0.019655,3.83899998664856,2023-06-13,-0.026649,14.609999656677246,2023-06-13,0.034267,69.41999816894531,2023-06-13,0.000627,25918.728515625,2023-06-13,-0.002003,1739.03759765625,2023-06-13,0.000639,139.4600067138672,2023-06-13,0.074,2023-06-13,0.008827,0.008827,SPX,0.3277,0.0184,neutral,calm,up,down,flat,retrospective_derived,2026-08-31T03:54:07Z
2023-06-14,-0.003193,103.01000213623048,2023-06-14,0.005502,1955.300048828125,2023-06-14,0.006604,15012.75,2023-06-14,0.000572,4374.25,2023-06-14,-0.011201,3.796000003814697,2023-06-14,-0.049966,13.880000114440918,2023-06-14,-0.016566,68.2699966430664,2023-06-14,-0.030636,25124.67578125,2023-06-14,-0.050901,1650.519287109375,2023-06-14,0.005141,140.177001953125,2023-06-14,-0.043,2023-06-14,0.006678,0.006678,ETH,0.3011,0.0098,neutral,calm,down,down,down,retrospective_derived,2026-08-31T03:54:07Z
2023-06-15,-0.00864,102.12000274658205,2023-06-15,0.001279,1957.800048828125,2023-06-15,0.011673,15188.0,2023-06-15,0.011945,4426.5,2023-06-15,-0.017914,3.7279999256134033,2023-06-15,0.044669,14.5,2023-06-15,0.034422,70.62000274658203,2023-06-15,0.017979,25576.39453125,2023-06-15,0.009088,1665.519775390625,2023-06-15,-0.001427,139.9770050048828,2023-06-15,-0.068,2023-06-15,0.000572,0.000572,WTI,0.2902,0.0076,mixed,calm,down,down,up,retrospective_derived,2026-08-31T03:54:07Z
2023-06-16,0.001763,102.3000030517578,2023-06-16,0.000306,1958.4000244140625,2023-06-16,0.008468,15316.6103515625,2023-06-16,0.006066,4453.35009765625,2023-06-16,0.010998,3.7690000534057617,2023-06-16,-0.066207,13.539999961853027,2023-06-16,0.016426,71.77999877929688,2023-06-16,0.029366,26327.462890625,2023-06-16,0.030711,1716.6688232421875,2023-06-16,0.002079,140.26800537109375,2023-06-16,0.041,2023-06-16,0.011945,0.011945,ETH,0.3295,0.0203,risk_on,calm,up,up,up,retrospective_derived,2026-08-31T03:54:07Z
2023-06-17,,,,,,,,,,,,,,,,,,,,,,0.006959,26510.67578125,2023-06-17,0.006137,1727.2041015625,2023-06-17,,,,,2023-06-17,0.006066,0.006066,ETH,0.2991,0.0068,unknown,unknown,unknown,unknown,up,retrospective_derived,2026-08-31T03:54:07Z
2023-06-18,,,,,,,,,,,,,,,,,,,,,,-0.006581,26336.212890625,2023-06-18,-0.003837,1720.5775146484375,2023-06-18,,,,,2023-06-18,0.0,0.006066,ETH,0.2948,0.0025,unknown,unknown,unknown,unknown,down,retrospective_derived,2026-08-31T03:54:07Z
2023-06-19,,,,,,,,,,,,,,,,,,,,,,0.019548,26851.029296875,2023-06-19,0.009928,1737.659423828125,2023-06-19,0.0114,141.86700439453125,2023-06-19,,2023-06-19,0.0,0.006066,ETH,0.2997,0.0006,unknown,unknown,unknown,unknown,up,retrospective_derived,2026-08-31T03:54:07Z
2023-06-20,0.002346,102.54000091552734,2023-06-20,-0.011693,1935.5,2023-06-20,-0.003925,15256.5,2023-06-20,-0.004177,4434.75,2023-06-20,-0.010613,3.7290000915527344,2023-06-20,0.025111,13.880000114440918,2023-06-20,-0.017832,70.5,2023-06-20,0.054987,28327.48828125,2023-06-20,0.031341,1792.1199951171875,2023-06-20,0.000226,141.8990020751953,2023-06-20,,2023-06-20,0.0,0.006066,DXY,0.2955,0.034,neutral,calm,unknown,up,up,retrospective_derived,2026-08-31T03:54:07Z
2023-06-21,-0.004584,102.06999969482422,2023-06-21,-0.001137,1933.300048828125,2023-06-21,-0.013928,15044.0,2023-06-21,-0.00575,4409.25,2023-06-21,-0.001609,3.723000049591065,2023-06-21,-0.048991,13.199999809265137,2023-06-21,0.028794,72.52999877929688,2023-06-21,0.060006,30027.296875,2023-06-21,0.055179,1891.0072021484373,2023-06-21,-0.003975,141.3350067138672,2023-06-21,-0.006,2023-06-21,-0.004177,-0.004177,BTC,0.2952,0.005,mixed,calm,flat,down,up,retrospective_derived,2026-08-31T03:54:07Z
2023-06-22,0.003135,102.38999938964844,2023-06-22,-0.010655,1912.699951171875,2023-06-22,0.01135,15214.75,2023-06-22,0.003289,4423.75,2023-06-22,0.020414,3.799000024795532,2023-06-22,-0.02197,12.90999984741211,2023-06-22,-0.041638,69.51000213623047,2023-06-22,-0.00383,29912.28125,2023-06-22,-0.009553,1872.9429931640625,2023-06-22,0.002498,141.68800354003906,2023-06-22,0.076,2023-06-22,-0.00575,-0.00575,NASDAQ,0.2956,0.0042,neutral,calm,up,up,down,retrospective_derived,2026-08-31T03:54:07Z
2023-06-23,0.004981,102.9000015258789,2023-06-23,0.003346,1919.0999755859373,2023-06-23,-0.010286,15058.25,2023-06-23,-0.007855,4389.0,2023-06-23,-0.015794,3.739000082015991,2023-06-23,0.041053,13.4399995803833,2023-06-23,-0.005035,69.16000366210938,2023-06-23,0.026183,30695.46875,2023-06-23,0.010635,1892.862060546875,2023-06-23,0.009471,143.02999877929688,2023-06-23,-0.06,2023-06-23,0.003289,0.003289,BTC,0.3039,0.0458,risk_off,calm,down,up,up,retrospective_derived,2026-08-31T03:54:07Z
2023-06-24,,,,,,,,,,,,,,,,,,,,,,-0.004782,30548.6953125,2023-06-24,-0.008877,1876.0596923828125,2023-06-24,,,,,2023-06-24,-0.007855,-0.007855,BTC,0.3099,0.0447,unknown,unknown,unknown,unknown,down,retrospective_derived,2026-08-31T03:54:07Z
2023-06-25,,,,,,,,,,,,,,,,,,,,,,-0.00224,30480.26171875,2023-06-25,0.013031,1900.506103515625,2023-06-25,,,,,2023-06-25,0.0,-0.007855,BTC,0.2999,0.0085,unknown,unknown,unknown,unknown,down,retrospective_derived,2026-08-31T03:54:07Z
2023-06-26,-0.002041,102.69000244140624,2023-06-26,0.002397,1923.699951171875,2023-06-26,-0.013398,14856.5,2023-06-26,-0.004272,4370.25,2023-06-26,-0.005349,3.7190001010894775,2023-06-26,0.060268,14.25,2023-06-26,0.003036,69.37000274658203,2023-06-26,-0.006861,30271.130859375,2023-06-26,-0.021612,1859.432861328125,2023-06-26,0.003573,143.54100036621094,2023-06-26,,2023-06-26,0.0,-0.007855,WTI,0.2605,0.0138,risk_off,calm,unknown,down,down,retrospective_derived,2026-08-31T03:54:07Z
2023-06-27,-0.001948,102.48999786376952,2023-06-27,-0.005042,1914.0,2023-06-27,0.017164,15111.5,2023-06-27,0.011098,4418.75,2023-06-27,0.013176,3.767999887466431,2023-06-27,-0.035789,13.739999771118164,2023-06-27,-0.024074,67.69999694824219,2023-06-27,0.013777,30688.1640625,2023-06-27,0.016279,1889.703369140625,2023-06-27,-0.000564,143.4600067138672,2023-06-27,0.049,2023-06-27,-0.004272,-0.004272,NASDAQ,0.3526,0.0414,risk_on,calm,up,down,up,retrospective_derived,2026-08-31T03:54:07Z
2023-06-28,0.004098,102.91000366210938,2023-06-28,-0.000888,1912.300048828125,2023-06-28,0.001224,15130.0,2023-06-28,-0.000283,4417.5,2023-06-28,-0.015393,3.7100000381469727,2023-06-28,-0.022562,13.43000030517578,2023-06-28,0.027474,69.55999755859375,2023-06-28,-0.019614,30086.24609375,2023-06-28,-0.032668,1827.97119140625,2023-06-28,0.002942,143.8820037841797,2023-06-28,-0.058,2023-06-28,0.011098,0.011098,NASDAQ,0.3402,0.0271,neutral,calm,down,up,down,retrospective_derived,2026-08-31T03:54:07Z
2023-06-29,0.004178,103.33999633789062,2023-06-29,-0.001621,1909.199951171875,2023-06-29,-0.001966,15100.25,2023-06-29,0.004131,4435.75,2023-06-29,0.038814,3.8540000915527344,2023-06-29,0.008191,13.539999961853027,2023-06-29,0.004313,69.86000061035156,2023-06-29,0.011936,30445.3515625,2023-06-29,0.013269,1852.227294921875,2023-06-29,0.003524,144.38900756835938,2023-06-29,0.144,2023-06-29,-0.000283,-0.000283,NASDAQ,0.3258,0.024,neutral,calm,up,up,up,retrospective_derived,2026-08-31T03:54:07Z
2023-06-30,-0.004161,102.91000366210938,2023-06-30,0.006233,1921.0999755859373,2023-06-30,0.015679,15337.0,2023-06-30,0.011836,4488.25,2023-06-30,-0.009081,3.819000005722046,2023-06-30,0.003693,13.59000015258789,2023-06-30,0.011165,70.63999938964844,2023-06-30,0.001048,30477.251953125,2023-06-30,0.04371,1933.18896484375,2023-06-30,0.002708,144.77999877929688,2023-06-30,-0.035,2023-06-30,0.004131,0.004131,NASDAQ,0.2917,0.0094,neutral,calm,down,down,flat,retrospective_derived,2026-08-31T03:54:07Z
2023-07-01,,,,,,,,,,,,,,,,,,,,,,0.003702,30590.078125,2023-07-01,-0.004461,1924.56591796875,2023-07-01,,,,,2023-07-01,0.011836,0.011836,NASDAQ,0.2962,0.0139,unknown,unknown,unknown,unknown,up,retrospective_derived,2026-08-31T03:54:07Z
2023-07-02,,,,,,,,,,,,,,,,,,,,,,0.001003,30620.76953125,2023-07-02,0.006688,1937.4383544921875,2023-07-02,,,,,2023-07-02,0.0,0.011836,NASDAQ,0.2938,0.0134,unknown,unknown,unknown,unknown,flat,retrospective_derived,2026-08-31T03:54:07Z
2023-07-03,0.000777,102.98999786376952,2023-07-03,0.000312,1921.699951171875,2023-07-03,0.001809,15364.75,2023-07-03,0.000891,4492.25,2023-07-03,0.010212,3.858000040054321,2023-07-03,-0.001472,13.56999969482422,2023-07-03,-0.012033,69.79000091552734,2023-07-03,0.017494,31156.439453125,2023-07-03,0.009265,1955.38916015625,2023-07-03,-0.002639,144.3979949951172,2023-07-03,,2023-07-03,0.0,0.011836,DXY,0.2762,0.0039,neutral,calm,unknown,flat,up,retrospective_derived,2026-08-31T03:54:07Z
2023-07-04,,,,,,,,,,,,,,,,,,,,,,-0.01216,30777.58203125,2023-07-04,-0.009592,1936.633544921875,2023-07-04,0.001288,144.58399963378906,2023-07-04,,2023-07-04,0.000891,0.000891,DXY,0.3327,0.0475,unknown,unknown,unknown,unknown,down,retrospective_derived,2026-08-31T03:54:07Z
2023-07-05,0.00369,103.37000274658205,2023-07-05,-0.001093,1919.5999755859373,2023-07-05,-0.00026,15360.75,2023-07-05,-0.001892,4483.75,2023-07-05,0.022551,3.944999933242798,2023-07-05,0.044952,14.18000030517578,2023-07-05,0.028657,71.79000091552734,2023-07-05,-0.008559,30514.166015625,2023-07-05,-0.013449,1910.5880126953125,2023-07-05,-0.001231,144.406005859375,2023-07-05,,2023-07-05,0.0,0.000891,NASDAQ,0.2838,0.0246,neutral,calm,unknown,up,down,retrospective_derived,2026-08-31T03:54:07Z
2023-07-06,-0.001935,103.16999816894533,2023-07-06,-0.005678,1908.699951171875,2023-07-06,-0.007991,15238.0,2023-07-06,-0.008196,4447.0,2023-07-06,0.024335,4.040999889373779,2023-07-06,0.088857,15.4399995803833,2023-07-06,0.000139,71.80000305175781,2023-07-06,-0.019821,29909.337890625,2023-07-06,-0.032425,1848.636474609375,2023-07-06,0.000575,144.48899841308594,2023-07-06,0.096,2023-07-06,-0.001892,-0.001892,NASDAQ,0.265,0.0051,risk_off,calm,up,down,down,retrospective_derived,2026-08-31T03:54:07Z
2023-07-07,-0.008723,102.2699966430664,2023-07-07,0.009169,1926.199951171875,2023-07-07,-0.003691,15181.75,2023-07-07,-0.002923,4434.0,2023-07-07,0.002227,4.050000190734863,2023-07-07,-0.039508,14.829999923706056,2023-07-07,0.028691,73.86000061035156,2023-07-07,0.014475,30342.265625,2023-07-07,0.011882,1870.6025390625,2023-07-07,-0.003723,143.9510040283203,2023-07-07,0.009,2023-07-07,-0.008196,-0.008196,ETH,0.2678,0.0001,neutral,calm,flat,down,up,retrospective_derived,2026-08-31T03:54:07Z
2023-07-08,,,,,,,,,,,,,,,,,,,,,,-0.001639,30292.541015625,2023-07-08,-0.002707,1865.53955078125,2023-07-08,,,,,2023-07-08,-0.002923,-0.002923,DXY,0.2709,0.0035,unknown,unknown,unknown,unknown,down,retrospective_derived,2026-08-31T03:54:07Z
2023-07-09,,,,,,,,,,,,,,,,,,,,,,-0.004005,30171.234375,2023-07-09,-0.001356,1863.009765625,2023-07-09,,,,,2023-07-09,0.0,-0.002923,ETH,0.2739,0.003,unknown,unknown,unknown,unknown,down,retrospective_derived,2026-08-31T03:54:07Z
2023-07-10,-0.002933,101.97000122070312,2023-07-10,-0.000623,1925.0,2023-07-10,0.000346,15187.0,2023-07-10,0.002312,4444.25,2023-07-10,-0.010864,4.00600004196167,2023-07-10,0.016183,15.06999969482422,2023-07-10,-0.011779,72.98999786376953,2023-07-10,0.008062,30414.470703125,2023-07-10,0.009418,1880.556396484375,2023-07-10,-0.012101,142.20899963378906,2023-07-10,,2023-07-10,0.0,-0.002923,ETH,0.3047,0.0145,neutral,calm,unknown,down,up,retrospective_derived,2026-08-31T03:54:07Z
2023-07-11,-0.002354,101.7300033569336,2023-07-11,0.003273,1931.300048828125,2023-07-11,0.004807,15260.0,2023-07-11,0.006582,4473.5,2023-07-11,-0.00649,3.9800000190734863,2023-07-11,-0.015262,14.84000015258789,2023-07-11,0.025209,74.83000183105469,2023-07-11,0.006789,30620.951171875,2023-07-11,-0.001181,1878.3360595703125,2023-07-11,-0.006413,141.2969970703125,2023-07-11,-0.026,2023-07-11,0.002312,0.002312,ETH,0.2786,0.0032,neutral,calm,down,down,up,retrospective_derived,2026-08-31T03:54:07Z
2023-07-12,-0.011894,100.5199966430664,2023-07-12,0.012893,1956.199951171875,2023-07-12,0.012107,15444.75,2023-07-12,0.0076,4507.5,2023-07-12,-0.029899,3.861000061035156,2023-07-12,-0.087601,13.539999961853027,2023-07-12,0.012295,75.75,2023-07-12,-0.007488,30391.646484375,2023-07-12,-0.003313,1872.11376953125,2023-07-12,-0.008344,140.1179962158203,2023-07-12,-0.119,2023-07-12,0.006582,0.006582,DXY,0.4301,0.0629,risk_on,calm,down,down,down,retrospective_derived,2026-08-31T03:54:07Z
2023-07-13,-0.007461,99.7699966430664,2023-07-13,0.001534,1959.199951171875,2023-07-13,0.017271,15711.5,2023-07-13,0.007987,4543.5,2023-07-13,-0.0259,3.760999917984009,2023-07-13,0.00517,13.609999656677246,2023-07-13,0.015049,76.88999938964844,2023-07-13,0.035681,31476.048828125,2023-07-13,0.071789,2006.511474609375,2023-07-13,-0.012868,138.31500244140625,2023-07-13,-0.1,2023-07-13,0.0076,0.0076,DXY,0.5163,0.1119,neutral,calm,down,down,up,retrospective_derived,2026-08-31T03:54:07Z
2023-07-14,0.001403,99.91000366210938,2023-07-14,0.000459,1960.0999755859373,2023-07-14,-0.001098,15694.25,2023-07-14,-0.001486,4536.75,2023-07-14,0.015421,3.819000005722046,2023-07-14,-0.019838,13.34000015258789,2023-07-14,-0.019118,75.41999816894531,2023-07-14,-0.036281,30334.068359375,2023-07-14,-0.033473,1939.3470458984373,2023-07-14,-0.001735,138.0749969482422,2023-07-14,0.058,2023-07-14,0.007987,0.007987,DXY,0.5176,0.09,neutral,calm,up,flat,down,retrospective_derived,2026-08-31T03:54:07Z
2023-07-15,,,,,,,,,,,,,,,,,,,,,,-0.001261,30295.806640625,2023-07-15,-0.004063,1931.466552734375,2023-07-15,,,,,2023-07-15,-0.001486,-0.001486,DXY,0.5237,0.0839,unknown,unknown,unknown,unknown,flat,retrospective_derived,2026-08-31T03:54:07Z
2023-07-16,,,,,,,,,,,,,,,,,,,,,,-0.001541,30249.1328125,2023-07-16,-0.00403,1923.681884765625,2023-07-16,,,,,2023-07-16,0.0,-0.001486,DXY,0.5657,0.0551,unknown,unknown,unknown,unknown,down,retrospective_derived,2026-08-31T03:54:07Z
2023-07-17,-0.000701,99.83999633789062,2023-07-17,-0.003928,1952.4000244140625,2023-07-17,0.009335,15840.75,2023-07-17,0.003747,4553.75,2023-07-17,-0.005761,3.796999931335449,2023-07-17,0.010495,13.479999542236328,2023-07-17,-0.016839,74.1500015258789,2023-07-17,-0.003413,30145.888671875,2023-07-17,-0.006257,1911.6461181640625,2023-07-17,0.004396,138.6820068359375,2023-07-17,,2023-07-17,0.0,-0.001486,DXY,0.5776,0.0675,neutral,calm,unknown,flat,down,retrospective_derived,2026-08-31T03:54:07Z
2023-07-18,0.001002,99.94000244140624,2023-07-18,0.012702,1977.199951171875,2023-07-18,0.008459,15974.75,2023-07-18,0.007466,4587.75,2023-07-18,-0.002107,3.7890000343322754,2023-07-18,-0.013353,13.300000190734863,2023-07-18,0.021578,75.75,2023-07-18,-0.009598,29856.5625,2023-07-18,-0.007348,1897.5992431640625,2023-07-18,0.000339,138.72900390625,2023-07-18,-0.008,2023-07-18,0.003747,0.003747,US10Y,0.539,0.0157,neutral,calm,flat,flat,down,retrospective_derived,2026-08-31T03:54:07Z
2023-07-19,0.003402,100.27999877929688,2023-07-19,0.000152,1977.5,2023-07-19,-0.00097,15959.25,2023-07-19,0.002016,4597.0,2023-07-19,-0.012404,3.742000102996826,2023-07-19,0.034586,13.760000228881836,2023-07-19,-0.005281,75.3499984741211,2023-07-19,0.001921,29913.923828125,2023-07-19,-0.004527,1889.0079345703125,2023-07-19,0.002148,139.02699279785156,2023-07-19,-0.047,2023-07-19,0.007466,0.007466,DXY,0.5186,0.0397,neutral,calm,down,up,up,retrospective_derived,2026-08-31T03:54:07Z
2023-07-20,0.005983,100.87999725341795,2023-07-20,-0.004652,1968.300048828125,2023-07-20,-0.022996,15592.25,2023-07-20,-0.006852,4565.5,2023-07-20,0.029931,3.8540000915527344,2023-07-20,0.016715,13.989999771118164,2023-07-20,0.003716,75.62999725341797,2023-07-20,-0.004075,29792.015625,2023-07-20,0.001038,1890.9691162109373,2023-07-20,0.004107,139.59800720214844,2023-07-20,0.112,2023-07-20,0.002016,0.002016,DXY,0.6001,0.0287,neutral,calm,up,up,down,retrospective_derived,2026-08-31T03:54:07Z
2023-07-21,0.001883,101.06999969482422,2023-07-21,-0.002032,1964.300048828125,2023-07-21,-0.003351,15540.0,2023-07-21,-0.000164,4564.75,2023-07-21,-0.004411,3.836999893188477,2023-07-21,-0.027877,13.600000381469728,2023-07-21,0.01904,77.06999969482422,2023-07-21,0.003918,29908.744140625,2023-07-21,0.000588,1892.080078125,2023-07-21,0.001905,139.86399841308594,2023-07-21,-0.017,2023-07-21,-0.006852,-0.006852,DXY,0.5622,0.0204,neutral,calm,flat,up,up,retrospective_derived,2026-08-31T03:54:07Z
2023-07-22,,,,,,,,,,,,,,,,,,,,,,-0.004579,29771.802734375,2023-07-22,-0.014359,1864.912353515625,2023-07-22,,,,,2023-07-22,-0.000164,-0.000164,DXY,0.5671,0.0285,unknown,unknown,unknown,unknown,down,retrospective_derived,2026-08-31T03:54:07Z
2023-07-23,,,,,,,,,,,,,,,,,,,,,,0.010504,30084.5390625,2023-07-23,0.013019,1889.191650390625,2023-07-23,,,,,2023-07-23,0.0,-0.000164,DXY,0.6099,0.0495,unknown,unknown,unknown,unknown,up,retrospective_derived,2026-08-31T03:54:07Z
2023-07-24,0.00277,101.3499984741211,2023-07-24,-0.002036,1960.300048828125,2023-07-24,0.001367,15561.25,2023-07-24,0.004108,4583.5,2023-07-24,0.005212,3.857000112533569,2023-07-24,0.022794,13.90999984741211,2023-07-24,0.021669,78.73999786376953,2023-07-24,-0.030169,29176.916015625,2023-07-24,-0.020744,1850.0020751953125,2023-07-24,0.013485,141.75,2023-07-24,,2023-07-24,0.0,-0.000164,DXY,0.5907,0.0655,neutral,calm,unknown,up,down,retrospective_derived,2026-08-31T03:54:07Z
2023-07-25,0.0,101.3499984741211,2023-07-25,0.000918,1962.0999755859373,2023-07-25,0.007181,15673.0,2023-07-25,0.002727,4596.0,2023-07-25,0.01426,3.911999940872192,2023-07-25,-0.003595,13.859999656677246,2023-07-25,0.011303,79.62999725341797,2023-07-25,0.00173,29227.390625,2023-07-25,0.004184,1857.741943359375,2023-07-25,-0.001608,141.52200317382812,2023-07-25,0.055,2023-07-25,0.004108,0.004108,DXY,0.5526,0.049,neutral,calm,up,flat,up,retrospective_derived,2026-08-31T03:54:07Z
2023-07-26,-0.004539,100.88999938964844,2023-07-26,0.003466,1968.9000244140625,2023-07-26,-0.003972,15610.75,2023-07-26,-0.000163,4595.25,2023-07-26,-0.015593,3.8510000705718994,2023-07-26,-0.048341,13.1899995803833,2023-07-26,-0.010674,78.77999877929688,2023-07-26,0.004365,29354.97265625,2023-07-26,0.007761,1872.159912109375,2023-07-26,-0.004303,140.91299438476562,2023-07-26,-0.061,2023-07-26,0.002727,0.002727,DXY,0.6301,0.1256,neutral,calm,down,down,up,retrospective_derived,2026-08-31T03:54:07Z
2023-07-27,0.008722,101.7699966430664,2023-07-27,-0.011936,1945.4000244140625,2023-07-27,-0.002546,15571.0,2023-07-27,-0.006746,4564.25,2023-07-27,0.041807,4.01200008392334,2023-07-27,0.092494,14.40999984741211,2023-07-27,0.016629,80.08999633789062,2023-07-27,-0.004915,29210.689453125,2023-07-27,-0.006304,1860.357177734375,2023-07-27,-0.003875,140.36700439453125,2023-07-27,0.161,2023-07-27,-0.000163,-0.000163,DXY,0.6576,0.0956,risk_off,calm,up,up,down,retrospective_derived,2026-08-31T03:54:07Z
2023-07-28,-0.001474,101.62000274658205,2023-07-28,0.00771,1960.4000244140625,2023-07-28,0.017757,15847.5,2023-07-28,0.009257,4606.5,2023-07-28,-0.010718,3.9690001010894775,2023-07-28,-0.074948,13.329999923706056,2023-07-28,0.006118,80.58000183105469,2023-07-28,0.003716,29319.24609375,2023-07-28,0.007734,1874.744873046875,2023-07-28,-0.010708,138.86399841308594,2023-07-28,-0.043,2023-07-28,-0.006746,-0.006746,DXY,0.6209,0.0725,risk_on,calm,down,flat,up,retrospective_derived,2026-08-31T03:54:07Z
2023-07-29,,,,,,,,,,,,,,,,,,,,,,0.001285,29356.91796875,2023-07-29,0.003373,1881.06884765625,2023-07-29,,,,,2023-07-29,0.009257,0.009257,DXY,0.6215,0.0728,unknown,unknown,unknown,unknown,flat,retrospective_derived,2026-08-31T03:54:07Z
2023-07-30,,,,,,,,,,,,,,,,,,,,,,-0.00278,29275.30859375,2023-07-30,-0.010327,1861.643798828125,2023-07-30,,,,,2023-07-30,0.0,0.009257,DXY,0.6327,0.0735,unknown,unknown,unknown,unknown,down,retrospective_derived,2026-08-31T03:54:07Z
2023-07-31,0.002362,101.86000061035156,2023-07-31,0.005152,1970.5,2023-07-31,0.000631,15857.5,2023-07-31,0.001737,4614.5,2023-07-31,-0.00252,3.9590001106262207,2023-07-31,0.022506,13.630000114440918,2023-07-31,0.01514,81.80000305175781,2023-07-31,-0.001544,29230.111328125,2023-07-31,-0.002944,1856.162353515625,2023-07-31,0.013639,140.75799560546875,2023-07-31,,2023-07-31,0.0,0.009257,DXY,0.6314,0.0874,neutral,calm,unknown,up,down,retrospective_derived,2026-08-31T03:54:07Z
2023-08-01,0.00432,102.3000030517578,2023-08-01,-0.015123,1940.699951171875,2023-08-01,-0.002538,15817.25,2023-08-01,-0.002871,4601.25,2023-08-01,0.023238,4.051000118255615,2023-08-01,0.02201,13.93000030517578,2023-08-01,-0.005257,81.37000274658203,2023-08-01,0.015245,29675.732421875,2023-08-01,0.00842,1871.7921142578125,2023-08-01,0.011118,142.322998046875,2023-08-01,0.092,2023-08-01,0.001737,0.001737,DXY,0.5476,0.0475,neutral,calm,up,up,up,retrospective_derived,2026-08-31T03:54:07Z
2023-08-02,0.002835,102.58999633789062,2023-08-02,-0.0017,1937.4000244140625,2023-08-02,-0.021764,15473.0,2023-08-02,-0.013909,4537.25,2023-08-02,0.006665,4.078000068664551,2023-08-02,0.155061,16.09000015258789,2023-08-02,-0.023104,79.48999786376953,2023-08-02,-0.01765,29151.958984375,2023-08-02,-0.017471,1839.0897216796875,2023-08-02,0.004546,142.97000122070312,2023-08-02,0.027,2023-08-02,-0.002871,-0.002871,VIX,0.4494,0.0595,risk_off,elevated,up,up,down,retrospective_derived,2026-08-31T03:54:07Z
2023-08-03,-0.000487,102.54000091552734,2023-08-03,-0.002787,1932.0,2023-08-03,-0.002214,15438.75,2023-08-03,-0.003416,4521.75,2023-08-03,0.027219,4.189000129699707,2023-08-03,-0.010566,15.920000076293944,2023-08-03,0.025915,81.55000305175781,2023-08-03,0.000917,29178.6796875,2023-08-03,-0.00215,1835.136474609375,2023-08-03,0.002616,143.343994140625,2023-08-03,0.111,2023-08-03,-0.013909,-0.013909,VIX,0.5012,0.1073,neutral,calm,up,flat,flat,retrospective_derived,2026-08-31T03:54:07Z
2023-08-04,-0.005071,102.0199966430664,2023-08-04,0.003934,1939.5999755859373,2023-08-04,-0.005489,15354.0,2023-08-04,-0.005252,4498.0,2023-08-04,-0.030795,4.059999942779541,2023-08-04,0.074121,17.100000381469727,2023-08-04,0.015573,82.81999969482422,2023-08-04,-0.003584,29074.091796875,2023-08-04,-0.004045,1827.712890625,2023-08-04,-0.005204,142.59800720214844,2023-08-04,-0.129,2023-08-04,-0.003416,-0.003416,VIX,0.4459,0.0903,risk_off,elevated,down,down,down,retrospective_derived,2026-08-31T03:54:07Z
2023-08-05,,,,,,,,,,,,,,,,,,,,,,-0.001099,29042.126953125,2023-08-05,0.00398,1834.9879150390625,2023-08-05,,,,,2023-08-05,-0.005252,-0.005252,VIX,0.4459,0.0903,unknown,unknown,unknown,unknown,flat,retrospective_derived,2026-08-31T03:54:07Z
2023-08-06,,,,,,,,,,,,,,,,,,,,,,-9e-06,29041.85546875,2023-08-06,-0.004101,1827.4620361328125,2023-08-06,,,,,2023-08-06,0.0,-0.005252,VIX,0.4801,0.1027,unknown,unknown,unknown,unknown,flat,retrospective_derived,2026-08-31T03:54:07Z
2023-08-07,0.000294,102.0500030517578,2023-08-07,-0.003145,1933.5,2023-08-07,0.008565,15485.5,2023-08-07,0.008837,4537.75,2023-08-07,0.004434,4.078000068664551,2023-08-07,-0.077778,15.770000457763672,2023-08-07,-0.010625,81.94000244140625,2023-08-07,0.004777,29180.578125,2023-08-07,-0.000286,1826.9388427734373,2023-08-07,-0.005063,141.87600708007812,2023-08-07,,2023-08-07,0.0,-0.005252,VIX,0.512,0.1418,risk_on,calm,unknown,flat,up,retrospective_derived,2026-08-31T03:54:07Z
2023-08-08,0.004704,102.52999877929688,2023-08-08,-0.004862,1924.0999755859373,2023-08-08,-0.008476,15354.25,2023-08-08,-0.004242,4518.5,2023-08-08,-0.012751,4.026000022888184,2023-08-08,0.01395,15.989999771118164,2023-08-08,0.01196,82.91999816894531,2023-08-08,0.020045,29765.4921875,2023-08-08,0.015802,1855.807373046875,2023-08-08,0.004567,142.5240020751953,2023-08-08,-0.052,2023-08-08,0.008837,0.008837,VIX,0.4828,0.1144,neutral,calm,down,up,up,retrospective_derived,2026-08-31T03:54:07Z
2023-08-09,-0.00039,102.48999786376952,2023-08-09,-0.004522,1915.4000244140625,2023-08-09,-0.011463,15178.25,2023-08-09,-0.007248,4485.75,2023-08-09,-0.003477,4.01200008392334,2023-08-09,-0.001876,15.960000038146973,2023-08-09,0.017849,84.4000015258789,2023-08-09,-0.006854,29561.494140625,2023-08-09,-0.000814,1854.297607421875,2023-08-09,0.00529,143.2779998779297,2023-08-09,-0.014,2023-08-09,-0.004242,-0.004242,VIX,0.4778,0.1109,neutral,calm,flat,flat,down,retrospective_derived,2026-08-31T03:54:07Z
2023-08-10,0.000293,102.5199966430664,2023-08-10,-0.000522,1914.4000244140625,2023-08-10,0.001515,15201.25,2023-08-10,0.0,4485.75,2023-08-10,0.016949,4.079999923706055,2023-08-10,-0.006892,15.850000381469728,2023-08-10,-0.01872,82.81999969482422,2023-08-10,-0.004462,29429.591796875,2023-08-10,-0.001911,1850.75341796875,2023-08-10,0.003134,143.7270050048828,2023-08-10,0.068,2023-08-10,-0.007248,-0.007248,VIX,0.4515,0.0868,neutral,calm,up,flat,down,retrospective_derived,2026-08-31T03:54:07Z
2023-08-11,0.003121,102.83999633789062,2023-08-11,-0.000784,1912.9000244140625,2023-08-11,-0.00694,15095.75,2023-08-11,-0.001115,4480.75,2023-08-11,0.021569,4.168000221252441,2023-08-11,-0.063722,14.84000015258789,2023-08-11,0.004468,83.19000244140625,2023-08-11,-0.001083,29397.71484375,2023-08-11,-0.001961,1847.1243896484373,2023-08-11,0.007841,144.85400390625,2023-08-11,0.088,2023-08-11,0.0,0.0,VIX,0.4111,0.0508,neutral,calm,up,up,flat,retrospective_derived,2026-08-31T03:54:07Z
2023-08-12,,,,,,,,,,,,,,,,,,,,,,0.000621,29415.96484375,2023-08-12,0.000956,1848.889892578125,2023-08-12,,,,,2023-08-12,-0.001115,-0.001115,VIX,0.4111,0.0512,unknown,unknown,unknown,unknown,flat,retrospective_derived,2026-08-31T03:54:07Z
2023-08-13,,,,,,,,,,,,,,,,,,,,,,-0.004523,29282.9140625,2023-08-13,-0.005198,1839.2801513671875,2023-08-13,,,,,2023-08-13,0.0,-0.001115,VIX,0.4529,0.077,unknown,unknown,unknown,unknown,down,retrospective_derived,2026-08-31T03:54:07Z
2023-08-14,0.003403,103.19000244140624,2023-08-14,-0.001202,1910.5999755859373,2023-08-14,0.01156,15270.25,2023-08-14,0.005635,4506.0,2023-08-14,0.003839,4.184000015258789,2023-08-14,-0.001348,14.81999969482422,2023-08-14,-0.008174,82.51000213623047,2023-08-14,0.004287,29408.443359375,2023-08-14,0.002667,1844.185791015625,2023-08-14,-0.000255,144.81700134277344,2023-08-14,,2023-08-14,0.0,-0.001115,VIX,0.4476,0.0572,neutral,calm,unknown,up,up,retrospective_derived,2026-08-31T03:54:07Z
2023-08-15,0.000194,103.20999908447266,2023-08-15,-0.004239,1902.5,2023-08-15,-0.010723,15106.5,2023-08-15,-0.01154,4454.0,2023-08-15,0.008843,4.2210001945495605,2023-08-15,0.110661,16.459999084472656,2023-08-15,-0.018422,80.98999786376953,2023-08-15,-0.008096,29170.34765625,2023-08-15,-0.009355,1826.9327392578125,2023-08-15,0.004281,145.43699645996094,2023-08-15,0.037,2023-08-15,0.005635,0.005635,VIX,0.4868,0.0379,risk_off,elevated,up,flat,down,retrospective_derived,2026-08-31T03:54:07Z
2023-08-16,0.002035,103.41999816894533,2023-08-16,-0.003364,1896.0999755859373,2023-08-16,-0.010873,14942.25,2023-08-16,-0.007634,4420.0,2023-08-16,0.008766,4.257999897003174,2023-08-16,0.019441,16.780000686645508,2023-08-16,-0.019879,79.37999725341797,2023-08-16,-0.016063,28701.779296875,2023-08-16,-0.011644,1805.6590576171875,2023-08-16,0.001176,145.60800170898438,2023-08-16,0.037,2023-08-16,-0.01154,-0.01154,NASDAQ,0.4559,0.0074,neutral,elevated,up,up,down,retrospective_derived,2026-08-31T03:54:07Z
2023-08-17,0.000193,103.44000244140624,2023-08-17,-0.006329,1884.0999755859373,2023-08-17,-0.010992,14778.0,2023-08-17,-0.008032,4384.5,2023-08-17,0.011743,4.308000087738037,2023-08-17,0.06615,17.889999389648438,2023-08-17,0.012724,80.38999938964844,2023-08-17,-0.070979,26664.55078125,2023-08-17,-0.06686,1684.9334716796875,2023-08-17,0.004979,146.33299255371094,2023-08-17,0.05,2023-08-17,-0.007634,-0.007634,SPX,0.3537,0.0003,risk_off,elevated,up,flat,down,retrospective_derived,2026-08-31T03:54:07Z
2023-08-18,-0.00058,103.37999725341795,2023-08-18,0.001062,1886.0999755859373,2023-08-18,-0.002301,14744.0,2023-08-18,-0.000399,4382.75,2023-08-18,-0.013231,4.250999927520752,2023-08-18,-0.032979,17.299999237060547,2023-08-18,0.010698,81.25,2023-08-18,-0.023064,26049.556640625,2023-08-18,-0.014237,1660.945068359375,2023-08-18,-0.00423,145.71400451660156,2023-08-18,-0.057,2023-08-18,-0.008032,-0.008032,VIX,0.3349,0.0041,neutral,elevated,down,flat,down,retrospective_derived,2026-08-31T03:54:07Z
2023-08-19,,,,,,,,,,,,,,,,,,,,,,0.001791,26096.205078125,2023-08-19,0.005134,1669.471923828125,2023-08-19,,,,,2023-08-19,-0.000399,-0.000399,VIX,0.333,0.0055,unknown,unknown,unknown,unknown,up,retrospective_derived,2026-08-31T03:54:07Z
2023-08-20,,,,,,,,,,,,,,,,,,,,,,0.003578,26189.583984375,2023-08-20,0.009213,1684.85205078125,2023-08-20,,,,,2023-08-20,0.0,-0.000399,VIX,0.3559,0.0058,unknown,unknown,unknown,unknown,up,retrospective_derived,2026-08-31T03:54:07Z
2023-08-21,-0.000484,103.33000183105467,2023-08-21,0.003817,1893.300048828125,2023-08-21,0.016397,14985.75,2023-08-21,0.006788,4412.5,2023-08-21,0.021407,4.3420000076293945,2023-08-21,-0.009827,17.1299991607666,2023-08-21,-0.006523,80.72000122070312,2023-08-21,-0.002499,26124.140625,2023-08-21,-0.010436,1667.26904296875,2023-08-21,-0.002807,145.30499267578125,2023-08-21,,2023-08-21,0.0,-0.000399,NASDAQ,0.4356,0.025,neutral,elevated,unknown,flat,down,retrospective_derived,2026-08-31T03:54:07Z
2023-08-22,0.002226,103.55999755859376,2023-08-22,0.001637,1896.4000244140625,2023-08-22,-0.001818,14958.5,2023-08-22,-0.003003,4399.25,2023-08-22,-0.003224,4.328000068664551,2023-08-22,-0.00934,16.969999313354492,2023-08-22,-0.004584,80.3499984741211,2023-08-22,-0.00354,26031.65625,2023-08-22,-0.020019,1633.892578125,2023-08-22,0.006421,146.23800659179688,2023-08-22,-0.014,2023-08-22,0.006788,0.006788,SPX,0.3741,0.0108,neutral,elevated,flat,up,down,retrospective_derived,2026-08-31T03:54:07Z
2023-08-23,-0.001931,103.36000061035156,2023-08-23,0.011654,1918.5,2023-08-23,0.015844,15195.5,2023-08-23,0.010854,4447.0,2023-08-23,-0.030037,4.197999954223633,2023-08-23,-0.058338,15.979999542236328,2023-08-23,-0.01817,78.88999938964844,2023-08-23,0.015365,26431.640625,2023-08-23,0.027775,1679.2744140625,2023-08-23,-0.003248,145.76300048828125,2023-08-23,-0.13,2023-08-23,-0.003003,-0.003003,NASDAQ,0.4861,0.0085,risk_on,calm,down,down,up,retrospective_derived,2026-08-31T03:54:07Z
2023-08-24,0.005998,103.9800033569336,2023-08-24,-0.000156,1918.199951171875,2023-08-24,-0.021947,14862.0,2023-08-24,-0.013717,4386.0,2023-08-24,0.008814,4.235000133514404,2023-08-24,0.076346,17.200000762939453,2023-08-24,0.002028,79.05000305175781,2023-08-24,-0.010187,26162.373046875,2023-08-24,-0.011511,1659.944580078125,2023-08-24,-0.007478,144.67300415039062,2023-08-24,0.037,2023-08-24,0.010854,0.010854,NASDAQ,0.5604,0.0109,risk_off,elevated,up,up,down,retrospective_derived,2026-08-31T03:54:07Z
2023-08-25,0.000962,104.08000183105467,2023-08-25,-0.003701,1911.0999755859373,2023-08-25,0.007889,14979.25,2023-08-25,0.006441,4414.25,2023-08-25,0.000944,4.238999843597412,2023-08-25,-0.088372,15.68000030517578,2023-08-25,0.009867,79.83000183105469,2023-08-25,-0.004384,26047.66796875,2023-08-25,-0.004223,1652.93505859375,2023-08-25,0.009636,146.06700134277344,2023-08-25,0.004,2023-08-25,-0.013717,-0.013717,NASDAQ,0.5343,0.0111,risk_on,calm,flat,flat,down,retrospective_derived,2026-08-31T03:54:07Z
2023-08-26,,,,,,,,,,,,,,,,,,,,,,-0.001505,26008.462890625,2023-08-26,-0.00401,1646.3067626953125,2023-08-26,,,,,2023-08-26,0.006441,0.006441,NASDAQ,0.533,0.0068,unknown,unknown,unknown,unknown,down,retrospective_derived,2026-08-31T03:54:07Z
2023-08-27,,,,,,,,,,,,,,,,,,,,,,0.003123,26089.693359375,2023-08-27,0.006807,1657.5130615234375,2023-08-27,,,,,2023-08-27,0.0,0.006441,NASDAQ,0.5236,0.0256,unknown,unknown,unknown,unknown,up,retrospective_derived,2026-08-31T03:54:07Z
2023-08-28,-0.000192,104.05999755859376,2023-08-28,0.003558,1917.9000244140625,2023-08-28,0.00756,15092.5,2023-08-28,0.006343,4442.25,2023-08-28,-0.006369,4.211999893188477,2023-08-28,-0.038265,15.079999923706056,2023-08-28,0.003382,80.0999984741211,2023-08-28,0.000631,26106.150390625,2023-08-28,-0.00305,1652.4573974609375,2023-08-28,0.003177,146.531005859375,2023-08-28,,2023-08-28,0.0,0.006441,NASDAQ,0.5488,0.0156,risk_on,calm,unknown,flat,flat,retrospective_derived,2026-08-31T03:54:07Z
2023-08-29,-0.004901,103.5500030517578,2023-08-29,0.009698,1936.5,2023-08-29,0.021418,15415.75,2023-08-29,0.01452,4506.75,2023-08-29,-0.021367,4.122000217437744,2023-08-29,-0.041777,14.449999809265137,2023-08-29,0.013234,81.16000366210938,2023-08-29,0.062102,27727.392578125,2023-08-29,0.04676,1729.7257080078125,2023-08-29,-0.000457,146.46400451660156,2023-08-29,-0.09,2023-08-29,0.006343,0.006343,SPX,0.6731,0.0179,risk_on,calm,down,down,up,retrospective_derived,2026-08-31T03:54:07Z
2023-08-30,-0.003766,103.16000366210938,2023-08-30,0.004028,1944.300048828125,2023-08-30,0.005546,15501.25,2023-08-30,0.003883,4524.25,2023-08-30,-0.00097,4.118000030517578,2023-08-30,-0.039446,13.880000114440918,2023-08-30,0.005791,81.62999725341797,2023-08-30,-0.015513,27297.265625,2023-08-30,-0.01423,1705.1121826171875,2023-08-30,-0.00325,145.98800659179688,2023-08-30,-0.004,2023-08-30,0.01452,0.01452,SPX,0.7149,0.0359,risk_on,calm,flat,down,down,retrospective_derived,2026-08-31T03:54:07Z
2023-08-31,0.004459,103.62000274658205,2023-08-31,-0.003137,1938.199951171875,2023-08-31,0.002403,15538.5,2023-08-31,-0.001824,4516.0,2023-08-31,-0.006071,4.0929999351501465,2023-08-31,-0.022334,13.56999969482422,2023-08-31,0.024501,83.62999725341797,2023-08-31,-0.050034,25931.47265625,2023-08-31,-0.034879,1645.63916015625,2023-08-31,0.00076,146.0989990234375,2023-08-31,-0.025,2023-08-31,0.003883,0.003883,SPX,0.7196,0.072,neutral,calm,down,up,down,retrospective_derived,2026-08-31T03:54:07Z
2023-09-01,0.005983,104.23999786376952,2023-09-01,0.000826,1939.800048828125,2023-09-01,-0.001432,15516.25,2023-09-01,0.001218,4521.5,2023-09-01,0.019546,4.172999858856201,2023-09-01,-0.035372,13.09000015258789,2023-09-01,0.022958,85.55000305175781,2023-09-01,-0.005042,25800.724609375,2023-09-01,-0.01042,1628.4912109375,2023-09-01,-0.004285,145.47300720214844,2023-09-01,0.08,2023-09-01,-0.001824,-0.001824,SPX,0.6717,0.0479,neutral,calm,up,up,down,retrospective_derived,2026-08-31T03:54:07Z
2023-09-02,,,,,,,,,,,,,,,,,,,,,,0.002638,25868.798828125,2023-09-02,0.005241,1637.025390625,2023-09-02,,,,,2023-09-02,0.001218,0.001218,SPX,0.6906,0.0445,unknown,unknown,unknown,unknown,up,retrospective_derived,2026-08-31T03:54:07Z
2023-09-03,,,,,,,,,,,,,,,,,,,,,,0.003895,25969.56640625,2023-09-03,-0.000554,1636.11767578125,2023-09-03,,,,,2023-09-03,0.0,0.001218,SPX,0.7201,0.0516,unknown,unknown,unknown,unknown,up,retrospective_derived,2026-08-31T03:54:07Z
2023-09-04,,,,,,,,,,,,,,,,,,,,,,-0.006051,25812.416015625,2023-09-04,-0.00395,1629.6552734375,2023-09-04,0.004014,146.0570068359375,2023-09-04,,2023-09-04,0.0,0.001218,ETH,0.6965,0.0103,unknown,unknown,unknown,unknown,down,retrospective_derived,2026-08-31T03:54:07Z
2023-09-05,0.005468,104.80999755859376,2023-09-05,-0.007011,1926.199951171875,2023-09-05,0.001176,15534.5,2023-09-05,-0.004202,4502.5,2023-09-05,0.022765,4.26800012588501,2023-09-05,0.070283,14.010000228881836,2023-09-05,0.013326,86.69000244140625,2023-09-05,-0.001257,25779.982421875,2023-09-05,0.002439,1633.62939453125,2023-09-05,0.003327,146.54299926757812,2023-09-05,,2023-09-05,0.0,0.001218,SPX,0.6735,0.0473,risk_off,calm,unknown,up,flat,retrospective_derived,2026-08-31T03:54:07Z
2023-09-06,0.000477,104.86000061035156,2023-09-06,-0.004205,1918.0999755859373,2023-09-06,-0.00869,15399.5,2023-09-06,-0.006885,4471.5,2023-09-06,0.005155,4.289999961853027,2023-09-06,0.031406,14.449999809265137,2023-09-06,0.009805,87.54000091552734,2023-09-06,-0.001037,25753.236328125,2023-09-06,-0.000843,1632.2523193359375,2023-09-06,0.006333,147.4709930419922,2023-09-06,0.022,2023-09-06,-0.004202,-0.004202,SPX,0.6259,0.0847,risk_off,calm,up,flat,flat,retrospective_derived,2026-08-31T03:54:07Z
2023-09-07,0.001907,105.05999755859376,2023-09-07,-0.000313,1917.5,2023-09-07,-0.007614,15282.25,2023-09-07,-0.00341,4456.25,2023-09-07,-0.006993,4.260000228881836,2023-09-07,-0.00346,14.399999618530272,2023-09-07,-0.007654,86.87000274658203,2023-09-07,0.018909,26240.1953125,2023-09-07,0.009402,1647.5982666015625,2023-09-07,0.001614,147.70899963378906,2023-09-07,-0.03,2023-09-07,-0.006885,-0.006885,SPX,0.626,0.0951,neutral,calm,down,up,up,retrospective_derived,2026-08-31T03:54:07Z
2023-09-08,0.000286,105.08999633789062,2023-09-08,0.000469,1918.4000244140625,2023-09-08,0.000998,15297.5,2023-09-08,0.001234,4461.75,2023-09-08,-0.00047,4.257999897003174,2023-09-08,-0.038889,13.84000015258789,2023-09-08,0.007367,87.51000213623047,2023-09-08,-0.012749,25905.654296875,2023-09-08,-0.006956,1636.1378173828125,2023-09-08,-0.002559,147.33099365234375,2023-09-08,-0.002,2023-09-08,-0.00341,-0.00341,SPX,0.5886,0.0914,neutral,calm,flat,flat,down,retrospective_derived,2026-08-31T03:54:07Z
2023-09-09,,,,,,,,,,,,,,,,,,,,,,-0.000385,25895.677734375,2023-09-09,-0.000596,1635.162353515625,2023-09-09,,,,,2023-09-09,0.001234,0.001234,SPX,0.5832,0.0893,unknown,unknown,unknown,unknown,flat,retrospective_derived,2026-08-31T03:54:07Z
2023-09-10,,,,,,,,,,,,,,,,,,,,,,-0.00245,25832.2265625,2023-09-10,-0.011212,1616.828857421875,2023-09-10,,,,,2023-09-10,0.0,0.001234,SPX,0.6035,0.0629,unknown,unknown,unknown,unknown,down,retrospective_derived,2026-08-31T03:54:07Z
2023-09-11,-0.004948,104.56999969482422,2023-09-11,0.002554,1923.300048828125,2023-09-11,0.011652,15475.75,2023-09-11,0.006388,4490.25,2023-09-11,0.007046,4.288000106811523,2023-09-11,-0.00289,13.800000190734863,2023-09-11,-0.002514,87.29000091552734,2023-09-11,-0.02592,25162.654296875,2023-09-11,-0.04032,1551.6376953125,2023-09-11,-0.00148,147.11300659179688,2023-09-11,,2023-09-11,0.0,0.001234,SPX,0.6053,0.0927,neutral,calm,unknown,down,down,retrospective_derived,2026-08-31T03:54:07Z
2023-09-12,0.001339,104.70999908447266,2023-09-12,-0.006239,1911.300048828125,2023-09-12,-0.01105,15304.75,2023-09-12,-0.005623,4465.0,2023-09-12,-0.005597,4.263999938964844,2023-09-12,0.031159,14.229999542236328,2023-09-12,0.017757,88.83999633789062,2023-09-12,0.026654,25833.34375,2023-09-12,0.026289,1592.429443359375,2023-09-12,-0.002957,146.67799377441406,2023-09-12,-0.024,2023-09-12,0.006388,0.006388,SPX,0.4927,0.0382,risk_off,calm,down,flat,up,retrospective_derived,2026-08-31T03:54:07Z
2023-09-13,0.000573,104.7699966430664,2023-09-13,-0.001151,1909.0999755859373,2023-09-13,0.003365,15356.25,2023-09-13,0.00084,4468.75,2023-09-13,-0.003518,4.249000072479248,2023-09-13,-0.052706,13.479999542236328,2023-09-13,-0.003602,88.5199966430664,2023-09-13,0.01529,26228.32421875,2023-09-13,0.009771,1607.988525390625,2023-09-13,0.003273,147.1580047607422,2023-09-13,-0.015,2023-09-13,-0.005623,-0.005623,SPX,0.3937,0.0129,neutral,calm,flat,flat,up,retrospective_derived,2026-08-31T03:54:07Z
2023-09-14,0.006109,105.41000366210938,2023-09-14,0.000471,1910.0,2023-09-14,0.007928,15478.0,2023-09-14,0.008336,4506.0,2023-09-14,0.009179,4.288000106811523,2023-09-14,-0.048961,12.81999969482422,2023-09-14,0.018527,90.16000366210938,2023-09-14,0.011871,26539.673828125,2023-09-14,0.011807,1626.974365234375,2023-09-14,0.001277,147.3459930419922,2023-09-14,0.039,2023-09-14,0.00084,0.00084,SPX,0.4073,0.0354,risk_on,calm,up,up,up,retrospective_derived,2026-08-31T03:54:07Z
2023-09-15,-0.000854,105.31999969482422,2023-09-15,0.007173,1923.699951171875,2023-09-15,-0.002765,15435.2001953125,2023-09-15,-0.003169,4491.72021484375,2023-09-15,0.007929,4.322000026702881,2023-09-15,0.075663,13.789999961853027,2023-09-15,0.006766,90.7699966430664,2023-09-15,0.002601,26608.693359375,2023-09-15,0.009014,1641.640380859375,2023-09-15,0.000923,147.48199462890625,2023-09-15,0.034,2023-09-15,0.008336,0.008336,SPX,0.3774,0.0402,risk_off,calm,up,flat,up,retrospective_derived,2026-08-31T03:54:07Z
2023-09-16,,,,,,,,,,,,,,,,,,,,,,-0.001519,26568.28125,2023-09-16,-0.00391,1635.2216796875,2023-09-16,,,,,2023-09-16,-0.003169,-0.003169,SPX,0.3743,0.036,unknown,unknown,unknown,unknown,down,retrospective_derived,2026-08-31T03:54:07Z
2023-09-17,,,,,,,,,,,,,,,,,,,,,,-0.001283,26534.1875,2023-09-17,-0.007537,1622.896728515625,2023-09-17,,,,,2023-09-17,0.0,-0.003169,SPX,0.3692,0.007,unknown,unknown,unknown,unknown,flat,retrospective_derived,2026-08-31T03:54:07Z
2023-09-18,-0.001139,105.1999969482422,2023-09-18,0.004055,1931.5,2023-09-18,-0.001341,15414.5,2023-09-18,0.002177,4501.5,2023-09-18,-0.000694,4.318999767303467,2023-09-18,0.015228,14.0,2023-09-18,0.007822,91.4800033569336,2023-09-18,0.008295,26754.28125,2023-09-18,0.008904,1637.3470458984375,2023-09-18,0.002617,147.8679962158203,2023-09-18,,2023-09-18,0.0,-0.003169,DXY,0.2662,0.0031,neutral,calm,unknown,flat,up,retrospective_derived,2026-08-31T03:54:07Z
2023-09-19,0.0,105.1999969482422,2023-09-19,0.000259,1932.0,2023-09-19,-0.002546,15375.25,2023-09-19,-0.002555,4490.0,2023-09-19,0.010651,4.364999771118164,2023-09-19,0.007857,14.109999656677246,2023-09-19,-0.003061,91.1999969482422,2023-09-19,0.017075,27211.1171875,2023-09-19,0.003785,1643.544677734375,2023-09-19,-0.001779,147.60499572753906,2023-09-19,0.046,2023-09-19,0.002177,0.002177,ETH,0.2302,0.0158,neutral,calm,up,flat,up,retrospective_derived,2026-08-31T03:54:07Z
2023-09-20,-0.00038,105.16000366210938,2023-09-20,0.007039,1945.5999755859373,2023-09-20,-0.01452,15152.0,2023-09-20,-0.009577,4447.0,2023-09-20,-0.003665,4.348999977111816,2023-09-20,0.072998,15.140000343322754,2023-09-20,-0.010088,90.27999877929688,2023-09-20,-0.002907,27132.0078125,2023-09-20,-0.012567,1622.890625,2023-09-20,0.000928,147.74200439453125,2023-09-20,-0.016,2023-09-20,-0.002555,-0.002555,SPX,0.2603,0.024,risk_off,calm,flat,flat,down,retrospective_derived,2026-08-31T03:54:07Z
2023-09-21,0.001902,105.36000061035156,2023-09-21,-0.013569,1919.199951171875,2023-09-21,-0.01909,14862.75,2023-09-21,-0.016865,4372.0,2023-09-21,0.030122,4.480000019073486,2023-09-21,0.158521,17.540000915527344,2023-09-21,-0.0072,89.62999725341797,2023-09-21,-0.020801,26567.6328125,2023-09-21,-0.023775,1584.3070068359375,2023-09-21,0.003919,148.3209991455078,2023-09-21,0.131,2023-09-21,-0.009577,-0.009577,VIX,0.4755,0.0766,risk_off,elevated,up,up,down,retrospective_derived,2026-08-31T03:54:07Z
2023-09-22,0.002088,105.58000183105467,2023-09-22,0.003231,1925.4000244140625,2023-09-22,0.000454,14869.5,2023-09-22,-0.002516,4361.0,2023-09-22,-0.009375,4.438000202178955,2023-09-22,-0.019384,17.200000762939453,2023-09-22,0.004463,90.02999877929688,2023-09-22,0.000449,26579.568359375,2023-09-22,0.005656,1593.268310546875,2023-09-22,-0.004564,147.6439971923828,2023-09-22,-0.042,2023-09-22,-0.016865,-0.016865,VIX,0.4672,0.0893,neutral,elevated,down,up,flat,retrospective_derived,2026-08-31T03:54:07Z
2023-09-23,,,,,,,,,,,,,,,,,,,,,,-7e-06,26579.390625,2023-09-23,0.00037,1593.8577880859375,2023-09-23,,,,,2023-09-23,-0.002516,-0.002516,VIX,0.4703,0.0861,unknown,unknown,unknown,unknown,flat,retrospective_derived,2026-08-31T03:54:07Z
2023-09-24,,,,,,,,,,,,,,,,,,,,,,-0.012136,26256.826171875,2023-09-24,-0.008159,1580.8533935546875,2023-09-24,,,,,2023-09-24,0.0,-0.002516,VIX,0.4703,0.0861,unknown,unknown,unknown,unknown,down,retrospective_derived,2026-08-31T03:54:07Z
2023-09-25,0.003978,106.0,2023-09-25,-0.004571,1916.5999755859373,2023-09-25,0.004422,14935.25,2023-09-25,0.00407,4378.75,2023-09-25,0.023434,4.541999816894531,2023-09-25,-0.017442,16.899999618530273,2023-09-25,-0.003888,89.68000030517578,2023-09-25,0.001586,26298.48046875,2023-09-25,0.004725,1588.3228759765625,2023-09-25,0.005351,148.4340057373047,2023-09-25,,2023-09-25,0.0,-0.002516,VIX,0.424,0.0875,neutral,elevated,unknown,up,up,retrospective_derived,2026-08-31T03:54:07Z
2023-09-26,0.00217,106.2300033569336,2023-09-26,-0.008452,1900.4000244140625,2023-09-26,-0.014747,14715.0,2023-09-26,-0.014616,4314.75,2023-09-26,0.003523,4.558000087738037,2023-09-26,0.12071,18.940000534057617,2023-09-26,0.007917,90.38999938964844,2023-09-26,-0.003089,26217.25,2023-09-26,0.003207,1593.417236328125,2023-09-26,0.00254,148.81100463867188,2023-09-26,0.016,2023-09-26,0.00407,0.00407,VIX,0.4718,0.1069,risk_off,elevated,flat,up,down,retrospective_derived,2026-08-31T03:54:07Z
2023-09-27,0.004142,106.66999816894533,2023-09-27,-0.015155,1871.5999755859373,2023-09-27,0.001631,14739.0,2023-09-27,-0.00029,4313.5,2023-09-27,0.014919,4.625999927520752,2023-09-27,-0.038015,18.21999931335449,2023-09-27,0.036398,93.68000030517578,2023-09-27,0.005167,26352.716796875,2023-09-27,0.002557,1597.4912109375,2023-09-27,0.001572,149.0449981689453,2023-09-27,0.068,2023-09-27,-0.014616,-0.014616,VIX,0.4799,0.1349,neutral,elevated,up,up,up,retrospective_derived,2026-08-31T03:54:07Z
2023-09-28,-0.004219,106.22000122070312,2023-09-28,-0.005984,1860.4000244140625,2023-09-28,0.008193,14859.75,2023-09-28,0.005564,4337.5,2023-09-28,-0.006269,4.5970001220703125,2023-09-28,-0.048299,17.34000015258789,2023-09-28,-0.021029,91.70999908447266,2023-09-28,0.02538,27021.546875,2023-09-28,0.034674,1652.8826904296875,2023-09-28,0.003039,149.4980010986328,2023-09-28,-0.029,2023-09-28,-0.00029,-0.00029,VIX,0.459,0.0942,risk_on,elevated,down,down,up,retrospective_derived,2026-08-31T03:54:07Z
2023-09-29,-0.000471,106.16999816894533,2023-09-29,-0.006612,1848.0999755859373,2023-09-29,0.000454,14866.5,2023-09-29,-0.002767,4325.5,2023-09-29,-0.005221,4.572999954223633,2023-09-29,0.010381,17.520000457763672,2023-09-29,-0.010032,90.79000091552734,2023-09-29,-0.004064,26911.720703125,2023-09-29,0.009112,1667.94384765625,2023-09-29,-0.001077,149.33700561523438,2023-09-29,-0.024,2023-09-29,0.005564,0.005564,VIX,0.4456,0.0918,neutral,elevated,down,flat,down,retrospective_derived,2026-08-31T03:54:07Z
2023-09-30,,,,,,,,,,,,,,,,,,,,,,0.002088,26967.916015625,2023-09-30,0.001929,1671.161865234375,2023-09-30,,,,,2023-09-30,-0.002767,-0.002767,VIX,0.4493,0.0884,unknown,unknown,unknown,unknown,up,retrospective_derived,2026-08-31T03:54:07Z
2023-10-01,,,,,,,,,,,,,,,,,,,,,,0.037668,27983.75,2023-10-01,0.037488,1733.8104248046875,2023-10-01,,,,,2023-10-01,0.0,-0.002767,VIX,0.5499,0.1074,unknown,unknown,unknown,unknown,up,retrospective_derived,2026-08-31T03:54:07Z
2023-10-02,0.006876,106.9000015258789,2023-10-02,-0.009794,1830.0,2023-10-02,0.007954,14984.75,2023-10-02,-0.000289,4324.25,2023-10-02,0.024054,4.683000087738037,2023-10-02,0.005137,17.610000610351562,2023-10-02,-0.021698,88.81999969482422,2023-10-02,-0.016187,27530.78515625,2023-10-02,-0.040479,1663.6275634765625,2023-10-02,0.001359,149.5399932861328,2023-10-02,,2023-10-02,0.0,-0.002767,VIX,0.5142,0.1184,neutral,elevated,unknown,up,down,retrospective_derived,2026-08-31T03:54:07Z
2023-10-03,0.000935,107.0,2023-10-03,-0.002951,1824.5999755859373,2023-10-03,-0.018035,14714.5,2023-10-03,-0.01376,4264.75,2023-10-03,0.025411,4.802000045776367,2023-10-03,0.123225,19.780000686645508,2023-10-03,0.004616,89.2300033569336,2023-10-03,-0.003662,27429.978515625,2023-10-03,-0.004173,1656.6856689453125,2023-10-03,0.00208,149.8509979248047,2023-10-03,0.119,2023-10-03,-0.000289,-0.000289,VIX,0.5684,0.1036,risk_off,elevated,up,flat,down,retrospective_derived,2026-08-31T03:54:07Z
2023-10-04,-0.001869,106.8000030517578,2023-10-04,-0.003343,1818.5,2023-10-04,0.014221,14923.75,2023-10-04,0.007738,4297.75,2023-10-04,-0.013953,4.735000133514404,2023-10-04,-0.060667,18.57999992370605,2023-10-04,-0.056147,84.22000122070312,2023-10-04,0.013468,27799.39453125,2023-10-04,-0.005341,1647.838134765625,2023-10-04,-0.004398,149.19200134277344,2023-10-04,-0.067,2023-10-04,-0.01376,-0.01376,VIX,0.615,0.0839,risk_on,elevated,down,down,up,retrospective_derived,2026-08-31T03:54:07Z
2023-10-05,-0.004401,106.33000183105467,2023-10-05,-0.001045,1816.5999755859373,2023-10-05,-0.004154,14861.75,2023-10-05,-0.001629,4290.75,2023-10-05,-0.003802,4.7170000076293945,2023-10-05,-0.004844,18.489999771118164,2023-10-05,-0.022679,82.30999755859375,2023-10-05,-0.013795,27415.912109375,2023-10-05,-0.022066,1611.4764404296875,2023-10-05,-0.001515,148.96600341796875,2023-10-05,-0.018,2023-10-05,0.007738,0.007738,VIX,0.5806,0.0608,neutral,elevated,flat,down,down,retrospective_derived,2026-08-31T03:54:07Z
2023-10-06,-0.002727,106.04000091552734,2023-10-06,0.007486,1830.199951171875,2023-10-06,0.016839,15112.0,2023-10-06,0.011828,4341.5,2023-10-06,0.014204,4.783999919891357,2023-10-06,-0.056247,17.450000762939453,2023-10-06,0.005832,82.79000091552734,2023-10-06,0.019357,27946.59765625,2023-10-06,0.021319,1645.83154296875,2023-10-06,-0.003377,148.46299743652344,2023-10-06,0.067,2023-10-06,-0.001629,-0.001629,VIX,0.6071,0.0207,risk_on,elevated,up,down,up,retrospective_derived,2026-08-31T03:54:07Z
2023-10-07,,,,,,,,,,,,,,,,,,,,,,0.000796,27968.83984375,2023-10-07,-0.006878,1634.51123046875,2023-10-07,,,,,2023-10-07,0.011828,0.011828,VIX,0.6021,0.0208,unknown,unknown,unknown,unknown,flat,retrospective_derived,2026-08-31T03:54:07Z
2023-10-08,,,,,,,,,,,,,,,,,,,,,,-0.001207,27935.08984375,2023-10-08,-0.000589,1633.548583984375,2023-10-08,,,,,2023-10-08,0.0,0.011828,VIX,0.6384,0.0272,unknown,unknown,unknown,unknown,flat,retrospective_derived,2026-08-31T03:54:07Z
2023-10-09,0.000377,106.08000183105467,2023-10-09,0.010545,1849.5,2023-10-09,0.004963,15187.0,2023-10-09,0.006277,4368.75,2023-10-09,0.002717,4.796999931335449,2023-10-09,0.014327,17.700000762939453,2023-10-09,0.043363,86.37999725341797,2023-10-09,-0.01258,27583.677734375,2023-10-09,-0.032899,1579.806640625,2023-10-09,0.004695,149.16000366210938,2023-10-09,,2023-10-09,0.0,0.011828,VIX,0.6238,0.0575,neutral,elevated,unknown,flat,down,retrospective_derived,2026-08-31T03:54:07Z
2023-10-10,-0.002357,105.83000183105467,2023-10-10,0.006218,1861.0,2023-10-10,0.005515,15270.75,2023-10-10,0.005207,4391.5,2023-10-10,-0.029602,4.65500020980835,2023-10-10,-0.037853,17.030000686645508,2023-10-10,-0.004746,85.97000122070312,2023-10-10,-0.006985,27391.01953125,2023-10-10,-0.007655,1567.7130126953125,2023-10-10,-0.005585,148.32699584960938,2023-10-10,-0.142,2023-10-10,0.006277,0.006277,VIX,0.6431,0.0497,risk_on,elevated,down,down,down,retrospective_derived,2026-08-31T03:54:07Z
2023-10-11,-9.5e-05,105.81999969482422,2023-10-11,0.006341,1872.800048828125,2023-10-11,0.007154,15380.0,2023-10-11,0.004156,4409.75,2023-10-11,-0.012889,4.59499979019165,2023-10-11,-0.055197,16.09000015258789,2023-10-11,-0.028847,83.48999786376953,2023-10-11,-0.0189,26873.3203125,2023-10-11,-0.00093,1566.2547607421875,2023-10-11,0.002029,148.6280059814453,2023-10-11,-0.06,2023-10-11,0.005207,0.005207,VIX,0.4635,0.0265,risk_on,elevated,down,flat,down,retrospective_derived,2026-08-31T03:54:07Z
2023-10-12,0.007088,106.56999969482422,2023-10-12,-0.001869,1869.300048828125,2023-10-12,-0.004226,15315.0,2023-10-12,-0.006633,4380.5,2023-10-12,0.025462,4.711999893188477,2023-10-12,0.03729,16.690000534057617,2023-10-12,-0.006947,82.91000366210938,2023-10-12,-0.004336,26756.798828125,2023-10-12,-0.01701,1539.6124267578125,2023-10-12,0.002745,149.03599548339844,2023-10-12,0.117,2023-10-12,0.004156,0.004156,VIX,0.4973,0.0028,risk_off,elevated,up,up,down,retrospective_derived,2026-08-31T03:54:07Z
2023-10-13,0.000751,106.6500015258789,2023-10-13,0.031081,1927.4000244140625,2023-10-13,-0.012716,15120.25,2023-10-13,-0.005308,4357.25,2023-10-13,-0.017615,4.629000186920166,2023-10-13,0.157579,19.31999969482422,2023-10-13,0.057653,87.69000244140625,2023-10-13,0.003946,26862.375,2023-10-13,0.008104,1552.0894775390625,2023-10-13,0.005059,149.7899932861328,2023-10-13,-0.083,2023-10-13,-0.006633,-0.006633,VIX,0.5268,0.0838,risk_off,elevated,down,flat,up,retrospective_derived,2026-08-31T03:54:07Z
2023-10-14,,,,,,,,,,,,,,,,,,,,,,-2.5e-05,26861.70703125,2023-10-14,0.002041,1555.2568359375,2023-10-14,,,,,2023-10-14,-0.005308,-0.005308,VIX,0.5305,0.0869,unknown,unknown,unknown,unknown,flat,retrospective_derived,2026-08-31T03:54:07Z
2023-10-15,,,,,,,,,,,,,,,,,,,,,,0.011092,27159.65234375,2023-10-15,0.001809,1558.06982421875,2023-10-15,,,,,2023-10-15,0.0,-0.005308,VIX,0.5757,0.0953,unknown,unknown,unknown,unknown,up,retrospective_derived,2026-08-31T03:54:07Z
2023-10-16,-0.003844,106.23999786376952,2023-10-16,-0.003269,1921.0999755859373,2023-10-16,0.011194,15289.5,2023-10-16,0.010041,4401.0,2023-10-16,0.01793,4.711999893188477,2023-10-16,-0.109213,17.209999084472656,2023-10-16,-0.011746,86.66000366210938,2023-10-16,0.050067,28519.466796875,2023-10-16,0.027255,1600.5343017578125,2023-10-16,-0.001495,149.5659942626953,2023-10-16,,2023-10-16,0.0,-0.005308,VIX,0.6228,0.1531,risk_on,elevated,unknown,down,up,retrospective_derived,2026-08-31T03:54:07Z
2023-10-17,9.4e-05,106.25,2023-10-17,0.000833,1922.699951171875,2023-10-17,-0.003188,15240.75,2023-10-17,0.00017,4401.75,2023-10-17,0.02865,4.8470001220703125,2023-10-17,0.038931,17.8799991607666,2023-10-17,0.0,86.66000366210938,2023-10-17,-0.003637,28415.748046875,2023-10-17,-0.021927,1565.4395751953125,2023-10-17,8e-05,149.5780029296875,2023-10-17,0.135,2023-10-17,0.010041,0.010041,VIX,0.6654,0.1775,neutral,elevated,up,flat,down,retrospective_derived,2026-08-31T03:54:07Z
2023-10-18,0.003012,106.56999969482422,2023-10-18,0.016955,1955.300048828125,2023-10-18,-0.01414,15025.25,2023-10-18,-0.013517,4342.25,2023-10-18,0.01176,4.90399980545044,2023-10-18,0.074944,19.21999931335449,2023-10-18,0.019155,88.31999969482422,2023-10-18,-0.003076,28328.341796875,2023-10-18,-0.001079,1563.7498779296875,2023-10-18,0.00121,149.75900268554688,2023-10-18,0.057,2023-10-18,0.00017,0.00017,VIX,0.6751,0.1544,risk_off,elevated,up,up,down,retrospective_derived,2026-08-31T03:54:07Z
2023-10-19,-0.003003,106.25,2023-10-19,0.0067,1968.4000244140625,2023-10-19,-0.009002,14890.0,2023-10-19,-0.009039,4303.0,2023-10-19,0.017129,4.98799991607666,2023-10-19,0.113424,21.399999618530277,2023-10-19,0.011889,89.37000274658203,2023-10-19,0.013819,28719.806640625,2023-10-19,0.002371,1567.45703125,2023-10-19,-0.000114,149.74200439453125,2023-10-19,0.084,2023-10-19,-0.013517,-0.013517,VIX,0.7096,0.1663,risk_off,elevated,up,down,up,retrospective_derived,2026-08-31T03:54:07Z
2023-10-20,-0.000847,106.16000366210938,2023-10-20,0.007163,1982.5,2023-10-20,-0.015178,14664.0,2023-10-20,-0.012666,4248.5,2023-10-20,-0.012831,4.923999786376953,2023-10-20,0.014486,21.709999084472656,2023-10-20,-0.006937,88.75,2023-10-20,0.033536,29682.94921875,2023-10-20,0.023739,1604.6668701171875,2023-10-20,0.000401,149.802001953125,2023-10-20,-0.064,2023-10-20,-0.009039,-0.009039,VIX,0.6499,0.1265,neutral,elevated,down,flat,up,retrospective_derived,2026-08-31T03:54:07Z
2023-10-21,,,,,,,,,,,,,,,,,,,,,,0.007933,29918.412109375,2023-10-21,0.015354,1629.304443359375,2023-10-21,,,,,2023-10-21,-0.012666,-0.012666,VIX,0.6494,0.1281,unknown,unknown,unknown,unknown,up,retrospective_derived,2026-08-31T03:54:07Z
2023-10-22,,,,,,,,,,,,,,,,,,,,,,0.002523,29993.896484375,2023-10-22,0.020945,1663.429931640625,2023-10-22,,,,,2023-10-22,0.0,-0.012666,VIX,0.7297,0.1927,unknown,unknown,unknown,unknown,up,retrospective_derived,2026-08-31T03:54:07Z
2023-10-23,-0.00584,105.54000091552734,2023-10-23,-0.003127,1976.300048828125,2023-10-23,0.003273,14712.0,2023-10-23,-0.001589,4241.75,2023-10-23,-0.017465,4.8379998207092285,2023-10-23,-0.061723,20.3700008392334,2023-10-23,-0.036732,85.48999786376953,2023-10-23,0.103099,33086.234375,2023-10-23,0.061291,1765.3826904296875,2023-10-23,0.000521,149.8800048828125,2023-10-23,,2023-10-23,0.0,-0.012666,VIX,0.7185,0.0463,neutral,elevated,unknown,down,up,retrospective_derived,2026-08-31T03:54:07Z
2023-10-24,0.006917,106.2699966430664,2023-10-24,-0.000658,1975.0,2023-10-24,0.009142,14846.5,2023-10-24,0.006955,4271.25,2023-10-24,0.000413,4.840000152587891,2023-10-24,-0.068729,18.96999931335449,2023-10-24,-0.02047,83.73999786376953,2023-10-24,0.024641,33901.52734375,2023-10-24,0.010794,1784.4375,2023-10-24,-0.000741,149.7689971923828,2023-10-24,0.002,2023-10-24,-0.001589,-0.001589,VIX,0.6855,0.0838,risk_on,elevated,flat,up,up,retrospective_derived,2026-08-31T03:54:07Z
2023-10-25,0.002447,106.52999877929688,2023-10-25,0.004608,1984.0999755859373,2023-10-25,-0.024804,14478.25,2023-10-25,-0.014399,4209.75,2023-10-25,0.023347,4.953000068664551,2023-10-25,0.064312,20.190000534057617,2023-10-25,0.019704,85.38999938964844,2023-10-25,0.017736,34502.8203125,2023-10-25,0.001659,1787.3975830078125,2023-10-25,0.000568,149.85400390625,2023-10-25,0.113,2023-10-25,0.006955,0.006955,VIX,0.744,0.1345,risk_off,elevated,up,up,up,retrospective_derived,2026-08-31T03:54:07Z
2023-10-26,0.000657,106.5999984741211,2023-10-26,0.001562,1987.199951171875,2023-10-26,-0.019633,14194.0,2023-10-26,-0.012649,4156.5,2023-10-26,-0.021805,4.84499979019165,2023-10-26,0.024269,20.68000030517578,2023-10-26,-0.02553,83.20999908447266,2023-10-26,-0.010033,34156.6484375,2023-10-26,0.009311,1804.039306640625,2023-10-26,0.001628,150.09800720214844,2023-10-26,-0.108,2023-10-26,-0.014399,-0.014399,VIX,0.6902,0.101,neutral,elevated,down,flat,down,retrospective_derived,2026-08-31T03:54:07Z
2023-10-27,-0.000375,106.55999755859376,2023-10-27,0.000705,1988.5999755859373,2023-10-27,0.00502,14265.25,2023-10-27,-0.004511,4137.75,2023-10-27,0.0,4.84499979019165,2023-10-27,0.02853,21.270000457763672,2023-10-27,0.028001,85.54000091552734,2023-10-27,-0.007227,33909.80078125,2023-10-27,-0.0133,1780.0452880859375,2023-10-27,0.001785,150.36599731445312,2023-10-27,0.0,2023-10-27,-0.012649,-0.012649,VIX,0.6536,0.0829,neutral,elevated,flat,flat,down,retrospective_derived,2026-08-31T03:54:07Z
2023-10-28,,,,,,,,,,,,,,,,,,,,,,0.005302,34089.57421875,2023-10-28,-0.001925,1776.6181640625,2023-10-28,,,,,2023-10-28,-0.004511,-0.004511,VIX,0.6465,0.0775,unknown,unknown,unknown,unknown,up,retrospective_derived,2026-08-31T03:54:07Z
2023-10-29,,,,,,,,,,,,,,,,,,,,,,0.013168,34538.48046875,2023-10-29,0.010654,1795.5460205078125,2023-10-29,,,,,2023-10-29,0.0,-0.004511,VIX,0.7183,0.1694,unknown,unknown,unknown,unknown,up,retrospective_derived,2026-08-31T03:54:07Z
2023-10-30,-0.004129,106.12000274658205,2023-10-30,0.003822,1996.199951171875,2023-10-30,0.010603,14416.5,2023-10-30,0.011601,4185.75,2023-10-30,0.006192,4.875,2023-10-30,-0.071462,19.75,2023-10-30,-0.03776,82.30999755859375,2023-10-30,-0.001046,34502.36328125,2023-10-30,0.008099,1810.088623046875,2023-10-30,-0.00421,149.73300170898438,2023-10-30,,2023-10-30,0.0,-0.004511,VIX,0.7607,0.0928,risk_on,elevated,unknown,down,flat,retrospective_derived,2026-08-31T03:54:07Z
2023-10-31,0.005089,106.66000366210938,2023-10-31,-0.00551,1985.199951171875,2023-10-31,0.005116,14490.25,2023-10-31,0.006331,4212.25,2023-10-31,0.0,4.875,2023-10-31,-0.081519,18.13999938964844,2023-10-31,-0.015672,81.0199966430664,2023-10-31,0.004794,34667.78125,2023-10-31,0.003519,1816.458984375,2023-10-31,-0.004154,149.11099243164062,2023-10-31,0.0,2023-10-31,0.011601,0.011601,VIX,0.7729,0.1265,risk_on,elevated,flat,up,up,retrospective_derived,2026-08-31T03:54:07Z
2023-11-01,0.002063,106.87999725341795,2023-11-01,-0.003224,1978.800048828125,2023-11-01,0.017546,14744.5,2023-11-01,0.010386,4256.0,2023-11-01,-0.017641,4.789000034332275,2023-11-01,-0.070011,16.8700008392334,2023-11-01,-0.007159,80.44000244140625,2023-11-01,0.022196,35437.25390625,2023-11-01,0.016863,1847.0897216796875,2023-11-01,0.01464,151.29400634765625,2023-11-01,-0.086,2023-11-01,0.006331,0.006331,VIX,0.7046,0.0879,risk_on,elevated,down,up,up,retrospective_derived,2026-08-31T03:54:07Z
2023-11-02,-0.007111,106.12000274658205,2023-11-02,0.003436,1985.5999755859373,2023-11-02,0.017193,14998.0,2023-11-02,0.018738,4335.75,2023-11-02,-0.025057,4.669000148773193,2023-11-02,-0.071725,15.65999984741211,2023-11-02,0.025112,82.45999908447266,2023-11-02,-0.014082,34938.2421875,2023-11-02,-0.025158,1800.6209716796875,2023-11-02,-0.004752,150.5749969482422,2023-11-02,-0.12,2023-11-02,0.010386,0.010386,VIX,0.6192,0.0655,risk_on,calm,down,down,down,retrospective_derived,2026-08-31T03:54:07Z
2023-11-03,-0.010366,105.0199966430664,2023-11-03,0.002971,1991.5,2023-11-03,0.012052,15178.75,2023-11-03,0.009283,4376.0,2023-11-03,-0.023774,4.558000087738037,2023-11-03,-0.047893,14.90999984741211,2023-11-03,-0.023648,80.51000213623047,2023-11-03,-0.005894,34732.32421875,2023-11-03,0.017868,1832.795166015625,2023-11-03,-0.000518,150.4969940185547,2023-11-03,-0.111,2023-11-03,0.018738,0.018738,VIX,0.623,0.0417,risk_on,calm,down,down,down,retrospective_derived,2026-08-31T03:54:07Z
2023-11-04,,,,,,,,,,,,,,,,,,,,,,0.010073,35082.1953125,2023-11-04,0.013588,1857.6986083984373,2023-11-04,,,,,2023-11-04,0.009283,0.009283,VIX,0.6218,0.0442,unknown,unknown,unknown,unknown,up,retrospective_derived,2026-08-31T03:54:07Z
2023-11-05,,,,,,,,,,,,,,,,,,,,,,-0.000936,35049.35546875,2023-11-05,0.019626,1894.15771484375,2023-11-05,,,,,2023-11-05,0.0,0.009283,SPX,0.6003,0.0268,unknown,unknown,unknown,unknown,flat,retrospective_derived,2026-08-31T03:54:07Z
2023-11-06,0.001904,105.22000122070312,2023-11-06,-0.004971,1981.5999755859373,2023-11-06,0.003541,15232.5,2023-11-06,0.001885,4384.25,2023-11-06,0.022817,4.662000179290772,2023-11-06,-0.001341,14.890000343322754,2023-11-06,0.00385,80.81999969482422,2023-11-06,-0.000342,35037.37109375,2023-11-06,0.002999,1899.83740234375,2023-11-06,-0.006964,149.44900512695312,2023-11-06,,2023-11-06,0.0,0.009283,SPX,0.6156,0.0824,neutral,calm,unknown,up,flat,retrospective_derived,2026-08-31T03:54:07Z
2023-11-07,0.003041,105.54000091552734,2023-11-07,-0.007469,1966.800048828125,2023-11-07,0.009306,15374.25,2023-11-07,0.00268,4396.0,2023-11-07,-0.01952,4.571000099182129,2023-11-07,-0.005373,14.8100004196167,2023-11-07,-0.042687,77.37000274658203,2023-11-07,0.011593,35443.5625,2023-11-07,-0.006165,1888.124267578125,2023-11-07,0.003613,149.98899841308594,2023-11-07,-0.091,2023-11-07,0.001885,0.001885,SPX,0.5206,0.0556,neutral,calm,down,up,up,retrospective_derived,2026-08-31T03:54:07Z
2023-11-08,0.000474,105.58999633789062,2023-11-08,-0.007779,1951.5,2023-11-08,0.000797,15386.5,2023-11-08,0.000796,4399.5,2023-11-08,-0.010501,4.5229997634887695,2023-11-08,-0.024308,14.449999809265137,2023-11-08,-0.026367,75.33000183105469,2023-11-08,0.005973,35655.27734375,2023-11-08,0.000635,1889.3223876953125,2023-11-08,0.002714,150.39599609375,2023-11-08,-0.048,2023-11-08,0.00268,0.00268,SPX,0.4724,0.0462,neutral,calm,down,flat,up,retrospective_derived,2026-08-31T03:54:07Z
2023-11-09,0.003031,105.91000366210938,2023-11-09,0.006508,1964.199951171875,2023-11-09,-0.008481,15256.0,2023-11-09,-0.008467,4362.25,2023-11-09,0.023657,4.630000114440918,2023-11-09,0.058131,15.289999961853027,2023-11-09,0.005443,75.73999786376953,2023-11-09,0.029108,36693.125,2023-11-09,0.122392,2120.56103515625,2023-11-09,0.003112,150.86399841308594,2023-11-09,0.107,2023-11-09,0.000796,0.000796,SPX,0.5051,0.0674,risk_off,calm,up,up,up,retrospective_derived,2026-08-31T03:54:07Z
2023-11-10,-0.000472,105.86000061035156,2023-11-10,-0.016088,1932.5999755859373,2023-11-10,0.022303,15596.25,2023-11-10,0.015646,4430.5,2023-11-10,-0.000432,4.627999782562256,2023-11-10,-0.07325,14.170000076293944,2023-11-10,0.01888,77.16999816894531,2023-11-10,0.01692,37313.96875,2023-11-10,-0.019934,2078.289794921875,2023-11-10,0.003215,151.3489990234375,2023-11-10,-0.002,2023-11-10,-0.008467,-0.008467,SPX,0.5274,0.0496,risk_on,calm,flat,flat,up,retrospective_derived,2026-08-31T03:54:07Z
2023-11-11,,,,,,,,,,,,,,,,,,,,,,-0.004715,37138.05078125,2023-11-11,-0.012306,2052.7138671875,2023-11-11,,,,,2023-11-11,0.015646,0.015646,SPX,0.5227,0.0498,unknown,unknown,unknown,unknown,down,retrospective_derived,2026-08-31T03:54:07Z
2023-11-12,,,,,,,,,,,,,,,,,,,,,,-0.002249,37054.51953125,2023-11-12,-0.003667,2045.18701171875,2023-11-12,,,,,2023-11-12,0.0,0.015646,SPX,0.5777,0.0663,unknown,unknown,unknown,unknown,down,retrospective_derived,2026-08-31T03:54:07Z
2023-11-13,-0.001889,105.66000366210938,2023-11-13,0.006675,1945.5,2023-11-13,-0.003158,15547.0,2023-11-13,-0.001185,4425.25,2023-11-13,0.000864,4.631999969482422,2023-11-13,0.041637,14.760000228881836,2023-11-13,0.014125,78.26000213623047,2023-11-13,-0.014901,36502.35546875,2023-11-13,0.004928,2055.265380859375,2023-11-13,0.000793,151.468994140625,2023-11-13,,2023-11-13,0.0,0.015646,SPX,0.5696,0.0592,neutral,calm,unknown,down,down,retrospective_derived,2026-08-31T03:54:07Z
2023-11-14,-0.01467,104.11000061035156,2023-11-14,0.008378,1961.800048828125,2023-11-14,0.021403,15879.75,2023-11-14,0.019377,4511.0,2023-11-14,-0.041235,4.440999984741211,2023-11-14,-0.04065,14.15999984741211,2023-11-14,0.0,78.26000213623047,2023-11-14,-0.026429,35537.640625,2023-11-14,-0.037082,1979.0526123046875,2023-11-14,0.001169,151.64599609375,2023-11-14,-0.191,2023-11-14,-0.001185,-0.001185,DXY,0.5902,0.0042,risk_on,calm,down,down,down,retrospective_derived,2026-08-31T03:54:07Z
2023-11-15,0.002689,104.38999938964844,2023-11-15,-0.000867,1960.0999755859373,2023-11-15,0.000598,15889.25,2023-11-15,0.001829,4519.25,2023-11-15,0.021166,4.534999847412109,2023-11-15,0.001412,14.18000030517578,2023-11-15,-0.020445,76.66000366210938,2023-11-15,0.065928,37880.58203125,2023-11-15,0.041108,2060.408447265625,2023-11-15,-0.007656,150.48500061035156,2023-11-15,0.094,2023-11-15,0.019377,0.019377,ETH,0.6468,0.0293,neutral,calm,up,up,up,retrospective_derived,2026-08-31T03:54:07Z
2023-11-16,-0.000192,104.37000274658205,2023-11-16,0.012142,1983.9000244140625,2023-11-16,0.000519,15897.5,2023-11-16,0.000885,4523.25,2023-11-16,-0.019846,4.445000171661377,2023-11-16,0.009873,14.31999969482422,2023-11-16,-0.049048,72.9000015258789,2023-11-16,-0.045559,36154.76953125,2023-11-16,-0.048304,1960.881591796875,2023-11-16,0.004851,151.21499633789062,2023-11-16,-0.09,2023-11-16,0.001829,0.001829,ETH,0.6129,0.0193,neutral,calm,down,flat,down,retrospective_derived,2026-08-31T03:54:07Z
2023-11-17,-0.00527,103.81999969482422,2023-11-17,-0.001159,1981.5999755859373,2023-11-17,-0.00011,15895.75,2023-11-17,0.00094,4527.5,2023-11-17,-0.0009,4.440999984741211,2023-11-17,-0.036313,13.800000190734863,2023-11-17,0.041015,75.88999938964844,2023-11-17,0.012223,36596.68359375,2023-11-17,0.000204,1961.28076171875,2023-11-17,-0.003373,150.7050018310547,2023-11-17,-0.004,2023-11-17,0.000885,0.000885,ETH,0.5953,0.001,neutral,calm,flat,down,up,retrospective_derived,2026-08-31T03:54:07Z
2023-11-18,,,,,,,,,,,,,,,,,,,,,,-0.0003,36585.703125,2023-11-18,0.001022,1963.2850341796875,2023-11-18,,,,,2023-11-18,0.00094,0.00094,DXY,0.592,0.0106,unknown,unknown,unknown,unknown,flat,retrospective_derived,2026-08-31T03:54:07Z
2023-11-19,,,,,,,,,,,,,,,,,,,,,,0.02189,37386.546875,2023-11-19,0.025426,2013.2044677734373,2023-11-19,,,,,2023-11-19,0.0,0.00094,ETH,0.6143,0.0064,unknown,unknown,unknown,unknown,up,retrospective_derived,2026-08-31T03:54:07Z
2023-11-20,-0.003371,103.47000122070312,2023-11-20,-0.001968,1977.699951171875,2023-11-20,0.012,16086.5,2023-11-20,0.007675,4562.25,2023-11-20,-0.004278,4.421999931335449,2023-11-20,-0.028261,13.40999984741211,2023-11-20,0.022533,77.5999984741211,2023-11-20,0.002418,37476.95703125,2023-11-20,0.004488,2022.2391357421875,2023-11-20,-0.005063,149.94200134277344,2023-11-20,,2023-11-20,0.0,0.00094,US10Y,0.633,0.0008,neutral,calm,unknown,down,up,retrospective_derived,2026-08-31T03:54:07Z
2023-11-21,0.00116,103.58999633789062,2023-11-21,0.010922,1999.300048828125,2023-11-21,-0.005983,15990.25,2023-11-21,-0.002411,4551.25,2023-11-21,-0.000905,4.418000221252441,2023-11-21,-0.004474,13.350000381469728,2023-11-21,0.002191,77.7699966430664,2023-11-21,-0.044378,35813.8125,2023-11-21,-0.042118,1937.0667724609373,2023-11-21,-0.010537,148.36199951171875,2023-11-21,-0.004,2023-11-21,0.007675,0.007675,ETH,0.6245,0.0193,neutral,calm,flat,flat,down,retrospective_derived,2026-08-31T03:54:07Z
2023-11-22,0.003186,103.91999816894533,2023-11-22,-0.003951,1991.4000244140625,2023-11-22,0.00369,16049.25,2023-11-22,0.003516,4567.25,2023-11-22,-0.000453,4.415999889373779,2023-11-22,-0.037453,12.850000381469728,2023-11-22,-0.008615,77.0999984741211,2023-11-22,0.045193,37432.33984375,2023-11-22,0.065748,2064.42529296875,2023-11-22,-0.001416,148.15199279785156,2023-11-22,-0.002,2023-11-22,-0.002411,-0.002411,ETH,0.6197,0.0866,risk_on,calm,flat,up,up,retrospective_derived,2026-08-31T03:54:07Z
2023-11-23,,,,,,,0.000826,16062.5,2023-11-23,0.000493,4569.5,2023-11-23,,,,,,,,,,-0.003813,37289.62109375,2023-11-23,-0.001073,2062.210693359375,2023-11-23,0.008829,149.4600067138672,2023-11-23,,2023-11-23,0.003516,0.003516,ETH,0.6421,0.1711,unknown,unknown,unknown,unknown,down,retrospective_derived,2026-08-31T03:54:07Z
2023-11-24,-0.005004,103.4000015258789,2023-11-24,0.005423,2002.199951171875,2023-11-24,-0.002584,16021.0,2023-11-24,-0.000274,4568.25,2023-11-24,0.012681,4.4720001220703125,2023-11-24,-0.03035,12.460000038146973,2023-11-24,-0.020233,75.54000091552734,2023-11-24,0.011549,37720.28125,2023-11-24,0.009185,2081.152099609375,2023-11-24,0.001171,149.63499450683594,2023-11-24,,2023-11-24,0.000493,0.000493,ETH,0.6256,0.158,neutral,calm,unknown,down,up,retrospective_derived,2026-08-31T03:54:07Z
2023-11-25,,,,,,,,,,,,,,,,,,,,,,0.002028,37796.79296875,2023-11-25,0.001567,2084.4130859375,2023-11-25,,,,,2023-11-25,-0.000274,-0.000274,ETH,0.605,0.1401,unknown,unknown,unknown,unknown,up,retrospective_derived,2026-08-31T03:54:07Z
2023-11-26,,,,,,,,,,,,,,,,,,,,,,-0.008405,37479.12109375,2023-11-26,-0.010136,2063.2861328125,2023-11-26,,,,,2023-11-26,0.0,-0.000274,ETH,0.6277,0.1545,unknown,unknown,unknown,unknown,down,retrospective_derived,2026-08-31T03:54:07Z
2023-11-27,-0.001934,103.1999969482422,2023-11-27,0.004795,2011.800048828125,2023-11-27,-0.000765,16008.75,2023-11-27,-0.001587,4561.0,2023-11-27,-0.01856,4.388999938964844,2023-11-27,0.018459,12.6899995803833,2023-11-27,-0.009002,74.86000061035156,2023-11-27,-0.006002,37254.16796875,2023-11-27,-0.017384,2027.4173583984373,2023-11-27,-0.000428,149.5709991455078,2023-11-27,,2023-11-27,0.0,-0.000274,ETH,0.6403,0.1603,neutral,calm,unknown,down,down,retrospective_derived,2026-08-31T03:54:07Z
2023-11-28,-0.00436,102.75,2023-11-28,0.013868,2039.699951171875,2023-11-28,0.002452,16048.0,2023-11-28,0.000439,4563.0,2023-11-28,-0.012076,4.335999965667725,2023-11-28,0.0,12.6899995803833,2023-11-28,0.020705,76.41000366210938,2023-11-28,0.015486,37831.0859375,2023-11-28,0.010812,2049.338134765625,2023-11-28,-0.007481,148.45199584960938,2023-11-28,-0.053,2023-11-28,-0.001587,-0.001587,ETH,0.6494,0.1365,neutral,calm,down,down,up,retrospective_derived,2026-08-31T03:54:07Z
2023-11-29,0.000195,102.7699966430664,2023-11-29,0.003628,2047.0999755859373,2023-11-29,-0.001511,16023.75,2023-11-29,-0.000822,4559.25,2023-11-29,-0.014991,4.270999908447266,2023-11-29,0.022853,12.979999542236328,2023-11-29,0.018977,77.86000061035156,2023-11-29,0.000724,37858.4921875,2023-11-29,-0.009471,2029.92919921875,2023-11-29,-0.009357,147.06300354003906,2023-11-29,-0.065,2023-11-29,0.000439,0.000439,GOLD,0.5311,0.061,neutral,calm,down,flat,flat,retrospective_derived,2026-08-31T03:54:07Z
2023-11-30,0.007103,103.5,2023-11-30,-0.004396,2038.0999755859373,2023-11-30,-0.002387,15985.5,2023-11-30,0.003838,4576.75,2023-11-30,0.018965,4.352000236511231,2023-11-30,-0.004622,12.920000076293944,2023-11-30,-0.024403,75.95999908447266,2023-11-30,-0.00385,37712.74609375,2023-11-30,0.011147,2052.55615234375,2023-11-30,-0.000163,147.03900146484375,2023-11-30,0.081,2023-11-30,-0.000822,-0.000822,DXY,0.6068,0.1544,neutral,calm,up,up,down,retrospective_derived,2026-08-31T03:54:07Z
2023-12-01,-0.002222,103.2699966430664,2023-12-01,0.016142,2071.0,2023-12-01,0.002393,16023.75,2023-12-01,0.005244,4600.75,2023-12-01,-0.028952,4.22599983215332,2023-12-01,-0.022446,12.630000114440918,2023-12-01,-0.024882,74.06999969482422,2023-12-01,0.02588,38688.75,2023-12-01,0.016849,2087.139892578125,2023-12-01,0.006529,147.99899291992188,2023-12-01,-0.126,2023-12-01,0.003838,0.003838,DXY,0.5644,0.1304,neutral,calm,down,down,up,retrospective_derived,2026-08-31T03:54:07Z
2023-12-02,,,,,,,,,,,,,,,,,,,,,,0.020357,39476.33203125,2023-12-02,0.037642,2165.7041015625,2023-12-02,,,,,2023-12-02,0.005244,0.005244,DXY,0.5697,0.1285,unknown,unknown,unknown,unknown,up,retrospective_derived,2026-08-31T03:54:07Z
2023-12-03,,,,,,,,,,,,,,,,,,,,,,0.012718,39978.390625,2023-12-03,0.012923,2193.691650390625,2023-12-03,,,,,2023-12-03,0.0,0.005244,DXY,0.6115,0.136,unknown,unknown,unknown,unknown,up,retrospective_derived,2026-08-31T03:54:07Z
2023-12-04,0.003583,103.63999938964844,2023-12-04,-0.022646,2024.0999755859373,2023-12-04,-0.009658,15869.0,2023-12-04,-0.005271,4576.5,2023-12-04,0.014671,4.288000106811523,2023-12-04,0.035629,13.079999923706056,2023-12-04,-0.013906,73.04000091552734,2023-12-04,0.05007,41980.09765625,2023-12-04,0.022576,2243.2158203125,2023-12-04,-0.010851,146.39300537109375,2023-12-04,,2023-12-04,0.0,0.005244,GOLD,0.516,0.0146,risk_off,calm,unknown,up,up,retrospective_derived,2026-08-31T03:54:07Z
2023-12-05,0.003956,104.0500030517578,2023-12-05,-0.002767,2018.5,2023-12-05,0.002505,15908.75,2023-12-05,-0.000328,4575.0,2023-12-05,-0.027285,4.171000003814697,2023-12-05,-0.017584,12.850000381469728,2023-12-05,-0.009858,72.31999969482422,2023-12-05,0.050037,44080.6484375,2023-12-05,0.022568,2293.841796875,2023-12-05,0.00638,147.32699584960938,2023-12-05,-0.117,2023-12-05,-0.005271,-0.005271,GOLD,0.4989,0.0661,neutral,calm,down,up,up,retrospective_derived,2026-08-31T03:54:07Z
2023-12-06,0.000961,104.1500015258789,2023-12-06,0.005945,2030.5,2023-12-06,-0.005877,15815.25,2023-12-06,-0.004153,4556.0,2023-12-06,-0.011988,4.120999813079834,2023-12-06,0.009339,12.970000267028809,2023-12-06,-0.040653,69.37999725341797,2023-12-06,-0.007582,43746.4453125,2023-12-06,-0.027108,2231.661376953125,2023-12-06,-0.000964,147.18499755859375,2023-12-06,-0.05,2023-12-06,-0.000328,-0.000328,USDJPY,0.4412,0.0207,neutral,calm,down,flat,down,retrospective_derived,2026-08-31T03:54:07Z
2023-12-07,-0.005857,103.54000091552734,2023-12-07,-0.000295,2029.9000244140625,2023-12-07,0.014132,16038.75,2023-12-07,0.007353,4589.5,2023-12-07,0.001941,4.129000186920166,2023-12-07,0.006939,13.0600004196167,2023-12-07,-0.000577,69.33999633789062,2023-12-07,-0.010373,43292.6640625,2023-12-07,0.056424,2357.57958984375,2023-12-07,-7e-06,147.1840057373047,2023-12-07,0.008,2023-12-07,-0.004153,-0.004153,USDJPY,0.4319,0.0018,neutral,calm,flat,down,down,retrospective_derived,2026-08-31T03:54:07Z
2023-12-08,0.004539,104.01000213623048,2023-12-08,-0.015567,1998.300048828125,2023-12-08,0.00371,16098.25,2023-12-08,0.003922,4607.5,2023-12-08,0.028094,4.244999885559082,2023-12-08,-0.054364,12.350000381469728,2023-12-08,0.027257,71.2300033569336,2023-12-08,0.020187,44166.6015625,2023-12-08,0.000489,2358.73193359375,2023-12-08,-0.019744,144.2779998779297,2023-12-08,0.116,2023-12-08,0.007353,0.007353,USDJPY,0.4508,0.039,risk_on,calm,up,up,up,retrospective_derived,2026-08-31T03:54:07Z
2023-12-09,,,,,,,,,,,,,,,,,,,,,,-0.009976,43725.984375,2023-12-09,-0.007443,2341.17529296875,2023-12-09,,,,,2023-12-09,0.003922,0.003922,USDJPY,0.4569,0.0493,unknown,unknown,unknown,unknown,down,retrospective_derived,2026-08-31T03:54:07Z
2023-12-10,,,,,,,,,,,,,,,,,,,,,,0.001228,43779.69921875,2023-12-10,0.004821,2352.462646484375,2023-12-10,,,,,2023-12-10,0.0,0.003922,USDJPY,0.4935,0.0418,unknown,unknown,unknown,unknown,flat,retrospective_derived,2026-08-31T03:54:07Z
2023-12-11,0.000865,104.0999984741211,2023-12-11,-0.010159,1978.0,2023-12-11,0.008619,16237.0,2023-12-11,0.004015,4626.0,2023-12-11,-0.001413,4.238999843597412,2023-12-11,0.022672,12.630000114440918,2023-12-11,0.001263,71.31999969482422,2023-12-11,-0.057923,41243.83203125,2023-12-11,-0.054362,2224.578857421875,2023-12-11,0.004886,144.98300170898438,2023-12-11,,2023-12-11,0.0,0.003922,USDJPY,0.4456,0.076,neutral,calm,unknown,flat,down,retrospective_derived,2026-08-31T03:54:07Z
2023-12-12,-0.002209,103.87000274658205,2023-12-12,-0.000101,1977.800048828125,2023-12-12,0.007745,16362.75,2023-12-12,0.004269,4645.75,2023-12-12,-0.007785,4.205999851226807,2023-12-12,-0.044339,12.06999969482422,2023-12-12,-0.037998,68.61000061035156,2023-12-12,0.005004,41450.22265625,2023-12-12,-0.010133,2202.0380859375,2023-12-12,0.007601,146.0850067138672,2023-12-12,-0.033,2023-12-12,0.004015,0.004015,USDJPY,0.5147,0.1552,risk_on,calm,down,down,up,retrospective_derived,2026-08-31T03:54:07Z
2023-12-13,-0.009627,102.87000274658205,2023-12-13,0.002275,1982.300048828125,2023-12-13,0.012284,16563.75,2023-12-13,0.013453,4708.25,2023-12-13,-0.041132,4.0329999923706055,2023-12-13,0.009942,12.1899995803833,2023-12-13,0.012535,69.47000122070312,2023-12-13,0.034753,42890.7421875,2023-12-13,0.026617,2260.648681640625,2023-12-13,-0.005511,145.27999877929688,2023-12-13,-0.173,2023-12-13,0.004269,0.004269,USDJPY,0.4214,0.0407,neutral,calm,down,down,up,retrospective_derived,2026-08-31T03:54:07Z
2023-12-14,-0.008846,101.95999908447266,2023-12-14,0.024164,2030.199951171875,2023-12-14,-0.001343,16541.5,2023-12-14,0.002867,4721.75,2023-12-14,-0.025539,3.930000066757202,2023-12-14,0.02379,12.479999542236328,2023-12-14,0.030373,71.58000183105469,2023-12-14,0.003106,43023.97265625,2023-12-14,0.024741,2316.5791015625,2023-12-14,-0.017256,142.7729949951172,2023-12-14,-0.103,2023-12-14,0.013453,0.013453,DXY,0.487,0.0652,neutral,calm,down,down,up,retrospective_derived,2026-08-31T03:54:07Z
2023-12-15,0.005787,102.5500030517578,2023-12-15,-0.004482,2021.0999755859373,2023-12-15,-0.000681,16530.23046875,2023-12-15,-0.00582,4694.27001953125,2023-12-15,-0.000509,3.927999973297119,2023-12-15,-0.016026,12.279999732971191,2023-12-15,-0.002096,71.43000030517578,2023-12-15,-0.025433,41929.7578125,2023-12-15,-0.041976,2219.33740234375,2023-12-15,-0.00346,142.2790069580078,2023-12-15,-0.002,2023-12-15,0.002867,0.002867,DXY,0.5187,0.1193,neutral,calm,flat,up,down,retrospective_derived,2026-08-31T03:54:07Z
2023-12-16,,,,,,,,,,,,,,,,,,,,,,0.007402,42240.1171875,2023-12-16,0.00342,2226.926513671875,2023-12-16,,,,,2023-12-16,-0.00582,-0.00582,DXY,0.5136,0.1138,unknown,unknown,unknown,unknown,up,retrospective_derived,2026-08-31T03:54:07Z
2023-12-17,,,,,,,,,,,,,,,,,,,,,,-0.020726,41364.6640625,2023-12-17,-0.013671,2196.481201171875,2023-12-17,,,,,2023-12-17,0.0,-0.00582,DXY,0.5442,0.1127,unknown,unknown,unknown,unknown,down,retrospective_derived,2026-08-31T03:54:07Z
2023-12-18,-0.00039,102.51000213623048,2023-12-18,0.002573,2026.300048828125,2023-12-18,0.024774,16939.75,2023-12-18,0.021032,4793.0,2023-12-18,0.006619,3.953999996185303,2023-12-18,0.022801,12.5600004196167,2023-12-18,0.01456,72.47000122070312,2023-12-18,0.030434,42623.5390625,2023-12-18,0.009466,2217.2734375,2023-12-18,0.000239,142.31300354003906,2023-12-18,,2023-12-18,0.0,-0.00582,DXY,0.4601,0.0742,neutral,calm,unknown,flat,up,retrospective_derived,2026-08-31T03:54:07Z
2023-12-19,-0.003317,102.16999816894533,2023-12-19,0.005971,2038.4000244140625,2023-12-19,0.004914,17023.0,2023-12-19,0.005685,4820.25,2023-12-19,-0.008093,3.921999931335449,2023-12-19,-0.002389,12.529999732971191,2023-12-19,0.013385,73.44000244140625,2023-12-19,-0.008282,42270.52734375,2023-12-19,-0.01777,2177.87255859375,2023-12-19,0.002874,142.7220001220703,2023-12-19,-0.032,2023-12-19,0.021032,0.021032,DXY,0.4781,0.1227,neutral,calm,down,down,down,retrospective_derived,2026-08-31T03:54:07Z
2023-12-20,0.002349,102.41000366210938,2023-12-20,-0.001913,2034.5,2023-12-20,-0.015083,16766.25,2023-12-20,-0.014626,4749.75,2023-12-20,-0.011474,3.877000093460083,2023-12-20,0.090982,13.670000076293944,2023-12-20,0.010621,74.22000122070312,2023-12-20,0.032688,43652.25,2023-12-20,0.011038,2201.911376953125,2023-12-20,0.008177,143.88900756835938,2023-12-20,-0.045,2023-12-20,0.005685,0.005685,DXY,0.4067,0.0597,risk_off,calm,down,up,up,retrospective_derived,2026-08-31T03:54:07Z
2023-12-21,-0.005566,101.83999633789062,2023-12-21,0.002261,2039.0999755859373,2023-12-21,0.011347,16956.5,2023-12-21,0.009895,4796.75,2023-12-21,0.004385,3.8940000534057617,2023-12-21,-0.001463,13.649999618530272,2023-12-21,-0.004446,73.88999938964844,2023-12-21,0.004969,43869.15234375,2023-12-21,0.01709,2239.54248046875,2023-12-21,-0.002544,143.5229949951172,2023-12-21,0.017,2023-12-21,-0.014626,-0.014626,DXY,0.4382,0.0794,neutral,calm,flat,down,up,retrospective_derived,2026-08-31T03:54:07Z
2023-12-22,-0.001375,101.6999969482422,2023-12-22,0.008827,2057.10009765625,2023-12-22,0.001386,16980.0,2023-12-22,0.001772,4805.25,2023-12-22,0.001798,3.901000022888184,2023-12-22,-0.045421,13.029999732971191,2023-12-22,-0.004466,73.55999755859375,2023-12-22,0.002935,43997.90234375,2023-12-22,0.038839,2326.52490234375,2023-12-22,-0.010124,142.07000732421875,2023-12-22,0.007,2023-12-22,0.009895,0.009895,DXY,0.4189,0.078,neutral,calm,flat,flat,up,retrospective_derived,2026-08-31T03:54:07Z
2023-12-23,,,,,,,,,,,,,,,,,,,,,,-0.005872,43739.54296875,2023-12-23,-0.007513,2309.04638671875,2023-12-23,,,,,2023-12-23,0.001772,0.001772,DXY,0.4154,0.0685,unknown,unknown,unknown,unknown,down,retrospective_derived,2026-08-31T03:54:07Z
2023-12-24,,,,,,,,,,,,,,,,,,,,,,-0.016539,43016.1171875,2023-12-24,-0.018776,2265.692138671875,2023-12-24,,,,,2023-12-24,0.0,0.001772,DXY,0.4173,0.0422,unknown,unknown,unknown,unknown,down,retrospective_derived,2026-08-31T03:54:07Z
2023-12-25,,,,,,,,,,,,,,,,,,,,,,0.013879,43613.140625,2023-12-25,0.003032,2272.561767578125,2023-12-25,0.001914,142.3419952392578,2023-12-25,,2023-12-25,0.0,0.001772,DXY,0.4564,0.0717,unknown,unknown,unknown,unknown,up,retrospective_derived,2026-08-31T03:54:07Z
2023-12-26,-0.002262,101.47000122070312,2023-12-26,0.000535,2058.199951171875,2023-12-26,0.006095,17083.5,2023-12-26,0.00411,4825.0,2023-12-26,-0.003845,3.885999917984009,2023-12-26,-0.00307,12.989999771118164,2023-12-26,0.027325,75.56999969482422,2023-12-26,-0.025055,42520.40234375,2023-12-26,-0.018084,2231.46533203125,2023-12-26,-0.000787,142.22999572753906,2023-12-26,,2023-12-26,0.0,0.001772,DXY,0.447,0.0727,neutral,calm,unknown,down,down,retrospective_derived,2026-08-31T03:54:07Z
2023-12-27,-0.00473,100.98999786376952,2023-12-27,0.011515,2081.89990234375,2023-12-27,0.001741,17113.25,2023-12-27,0.001762,4833.5,2023-12-27,-0.024961,3.7890000343322754,2023-12-27,-0.04311,12.43000030517578,2023-12-27,-0.01932,74.11000061035156,2023-12-27,0.021694,43442.85546875,2023-12-27,0.065999,2378.739990234375,2023-12-27,0.001624,142.46099853515625,2023-12-27,-0.097,2023-12-27,0.00411,0.00411,DXY,0.4268,0.0273,neutral,calm,down,down,up,retrospective_derived,2026-08-31T03:54:07Z
2023-12-28,0.002377,101.2300033569336,2023-12-28,-0.003843,2073.89990234375,2023-12-28,-0.001329,17090.5,2023-12-28,-0.000259,4832.25,2023-12-28,0.016099,3.849999904632568,2023-12-28,0.003218,12.470000267028809,2023-12-28,-0.031575,71.7699966430664,2023-12-28,-0.01876,42627.85546875,2023-12-28,-0.013105,2347.566162109375,2023-12-28,-0.007455,141.3990020751953,2023-12-28,0.061,2023-12-28,0.001762,0.001762,DXY,0.5242,0.0812,neutral,calm,up,up,down,retrospective_derived,2026-08-31T03:54:07Z
2023-12-29,0.000988,101.33000183105467,2023-12-29,-0.005545,2062.39990234375,2023-12-29,-0.00392,17023.5,2023-12-29,-0.002535,4820.0,2023-12-29,0.004156,3.865999937057495,2023-12-29,-0.001604,12.449999809265137,2023-12-29,-0.001672,71.6500015258789,2023-12-29,-0.012397,42099.40234375,2023-12-29,-0.019968,2300.690673828125,2023-12-29,0.000219,141.42999267578125,2023-12-29,0.016,2023-12-29,-0.000259,-0.000259,DXY,0.5162,0.0503,neutral,calm,flat,flat,down,retrospective_derived,2026-08-31T03:54:07Z
2023-12-30,,,,,,,,,,,,,,,,,,,,,,0.001366,42156.90234375,2023-12-30,-0.003749,2292.0654296875,2023-12-30,,,,,2023-12-30,-0.002535,-0.002535,DXY,0.5218,0.0557,unknown,unknown,unknown,unknown,flat,retrospective_derived,2026-08-31T03:54:07Z
2023-12-31,,,,,,,,,,,,,,,,,,,,,,0.002569,42265.1875,2023-12-31,-0.004622,2281.47119140625,2023-12-31,,,,,2023-12-31,0.0,-0.002535,DXY,0.5487,0.1598,unknown,unknown,unknown,unknown,up,retrospective_derived,2026-08-31T03:54:07Z
2024-01-01,,,,,,,,,,,,,,,,,,,,,,0.045005,44167.33203125,2024-01-01,0.031057,2352.327880859375,2024-01-01,-0.00338,140.95199584960938,2024-01-01,,2024-01-01,0.0,-0.002535,DXY,0.5862,0.1537,unknown,unknown,unknown,unknown,up,retrospective_derived,2026-08-31T03:54:07Z
2024-01-02,0.008586,102.1999969482422,2024-01-02,0.00097,2064.39990234375,2024-01-02,-0.017828,16720.0,2024-01-02,-0.006795,4787.25,2024-01-02,0.020693,3.946000099182129,2024-01-02,0.060241,13.199999809265137,2024-01-02,-0.017725,70.37999725341797,2024-01-02,0.017901,44957.96875,2024-01-02,0.001492,2355.83642578125,2024-01-02,0.001235,141.12600708007812,2024-01-02,,2024-01-02,0.0,-0.002535,DXY,0.5631,0.1458,risk_off,calm,unknown,up,up,retrospective_derived,2026-08-31T03:54:07Z
2024-01-03,0.002544,102.45999908447266,2024-01-03,-0.014629,2034.199951171875,2024-01-03,-0.010885,16538.0,2024-01-03,-0.008512,4746.5,2024-01-03,-0.009883,3.9070000648498535,2024-01-03,0.063636,14.039999961853027,2024-01-03,0.032964,72.69999694824219,2024-01-03,-0.046928,42848.17578125,2024-01-03,-0.061581,2210.761962890625,2024-01-03,0.007291,142.15499877929688,2024-01-03,-0.039,2024-01-03,-0.006795,-0.006795,ETH,0.5278,0.0834,risk_off,calm,down,up,down,retrospective_derived,2026-08-31T03:54:07Z
2024-01-04,-0.00039,102.41999816894533,2024-01-04,0.003982,2042.300048828125,2024-01-04,-0.005623,16445.0,2024-01-04,-0.003582,4729.5,2024-01-04,0.0215,3.990999937057495,2024-01-04,0.00641,14.130000114440918,2024-01-04,-0.007015,72.19000244140625,2024-01-04,0.031081,44179.921875,2024-01-04,0.02636,2269.0380859375,2024-01-04,0.005937,142.99899291992188,2024-01-04,0.084,2024-01-04,-0.008512,-0.008512,ETH,0.4837,0.0623,neutral,calm,up,flat,up,retrospective_derived,2026-08-31T03:54:07Z
2024-01-05,-9.8e-05,102.41000366210938,2024-01-05,4.9e-05,2042.4000244140625,2024-01-05,0.000927,16460.25,2024-01-05,0.00111,4734.75,2024-01-05,0.012779,4.041999816894531,2024-01-05,-0.055202,13.350000381469728,2024-01-05,0.022441,73.80999755859375,2024-01-05,-0.00039,44162.69140625,2024-01-05,-0.000172,2268.647216796875,2024-01-05,0.01235,144.76499938964844,2024-01-05,0.051,2024-01-05,-0.003582,-0.003582,ETH,0.4699,0.0878,neutral,calm,up,flat,flat,retrospective_derived,2026-08-31T03:54:07Z
2024-01-06,,,,,,,,,,,,,,,,,,,,,,-0.003929,43989.1953125,2024-01-06,-0.011911,2241.624755859375,2024-01-06,,,,,2024-01-06,0.00111,0.00111,ETH,0.4665,0.0883,unknown,unknown,unknown,unknown,down,retrospective_derived,2026-08-31T03:54:07Z
2024-01-07,,,,,,,,,,,,,,,,,,,,,,-0.001048,43943.09765625,2024-01-07,-0.008368,2222.865966796875,2024-01-07,,,,,2024-01-07,0.0,0.00111,ETH,0.4732,0.0818,unknown,unknown,unknown,unknown,flat,retrospective_derived,2026-08-31T03:54:07Z
2024-01-08,-0.001953,102.20999908447266,2024-01-08,-0.007736,2026.5999755859373,2024-01-08,0.020868,16803.75,2024-01-08,0.014045,4801.25,2024-01-08,-0.009896,4.001999855041504,2024-01-08,-0.020225,13.079999923706056,2024-01-08,-0.041187,70.7699966430664,2024-01-08,0.068894,46970.50390625,2024-01-08,0.049561,2333.03271484375,2024-01-08,-0.000338,144.71600341796875,2024-01-08,,2024-01-08,0.0,0.00111,ETH,0.5905,0.1264,neutral,calm,unknown,down,up,retrospective_derived,2026-08-31T03:54:07Z
2024-01-09,0.003522,102.56999969482422,2024-01-09,-9.9e-05,2026.4000244140625,2024-01-09,0.001577,16830.25,2024-01-09,-0.00177,4792.75,2024-01-09,0.004248,4.019000053405762,2024-01-09,-0.024465,12.760000228881836,2024-01-09,0.020772,72.23999786376953,2024-01-09,-0.017687,46139.73046875,2024-01-09,0.005055,2344.8271484375,2024-01-09,-0.003358,144.22999572753906,2024-01-09,0.017,2024-01-09,0.014045,0.014045,ETH,0.6315,0.1961,neutral,calm,flat,up,down,retrospective_derived,2026-08-31T03:54:07Z
2024-01-10,-0.002047,102.36000061035156,2024-01-10,-0.002319,2021.699951171875,2024-01-10,0.006833,16945.25,2024-01-10,0.005738,4820.25,2024-01-10,0.002737,4.03000020980835,2024-01-10,-0.005486,12.6899995803833,2024-01-10,-0.012043,71.37000274658203,2024-01-10,0.010578,46627.77734375,2024-01-10,0.101191,2582.103515625,2024-01-10,0.001373,144.42799377441406,2024-01-10,0.011,2024-01-10,-0.00177,-0.00177,ETH,0.6544,0.2131,neutral,calm,flat,down,up,retrospective_derived,2026-08-31T03:54:07Z
2024-01-11,-0.000684,102.29000091552734,2024-01-11,-0.00366,2014.300048828125,2024-01-11,0.001239,16966.25,2024-01-11,-0.000985,4815.5,2024-01-11,-0.013151,3.9769999980926514,2024-01-11,-0.019701,12.4399995803833,2024-01-11,0.009107,72.0199966430664,2024-01-11,-0.005559,46368.5859375,2024-01-11,0.014529,2619.619140625,2024-01-11,0.009043,145.73399353027344,2024-01-11,-0.053,2024-01-11,0.005738,0.005738,ETH,0.5982,0.1411,neutral,calm,down,flat,down,retrospective_derived,2026-08-31T03:54:07Z
2024-01-12,0.001075,102.4000015258789,2024-01-12,0.016085,2046.699951171875,2024-01-12,0.000177,16969.25,2024-01-12,0.000208,4816.5,2024-01-12,-0.006789,3.950000047683716,2024-01-12,0.0209,12.699999809265137,2024-01-12,0.009164,72.68000030517578,2024-01-12,-0.075815,42853.16796875,2024-01-12,-0.036325,2524.460205078125,2024-01-12,-0.004721,145.04600524902344,2024-01-12,-0.027,2024-01-12,-0.000985,-0.000985,ETH,0.5513,0.0729,neutral,calm,down,flat,down,retrospective_derived,2026-08-31T03:54:07Z
2024-01-13,,,,,,,,,,,,,,,,,,,,,,-0.000252,42842.3828125,2024-01-13,0.020653,2576.597900390625,2024-01-13,,,,,2024-01-13,0.000208,0.000208,ETH,0.5492,0.0893,unknown,unknown,unknown,unknown,flat,retrospective_derived,2026-08-31T03:54:07Z
2024-01-14,,,,,,,,,,,,,,,,,,,,,,-0.024418,41796.26953125,2024-01-14,-0.040502,2472.2412109375,2024-01-14,,,,,2024-01-14,0.0,0.000208,ETH,0.5837,0.1157,unknown,unknown,unknown,unknown,down,retrospective_derived,2026-08-31T03:54:07Z
2024-01-15,,,,,,,,,,,,,,,,,,,,,,0.017124,42511.96875,2024-01-15,0.015825,2511.36376953125,2024-01-15,0.00071,145.1490020751953,2024-01-15,,2024-01-15,0.0,0.000208,ETH,0.6134,0.1418,unknown,unknown,unknown,unknown,up,retrospective_derived,2026-08-31T03:54:07Z
2024-01-16,0.009375,103.36000061035156,2024-01-16,-0.010114,2026.0,2024-01-16,-0.000162,16966.5,2024-01-16,-0.003737,4798.5,2024-01-16,0.029367,4.065999984741211,2024-01-16,0.089764,13.84000015258789,2024-01-16,-0.003852,72.4000015258789,2024-01-16,0.015125,43154.9453125,2024-01-16,0.030393,2587.691162109375,2024-01-16,0.004444,145.79400634765625,2024-01-16,,2024-01-16,0.0,0.000208,ETH,0.4542,0.0073,risk_off,calm,unknown,up,up,retrospective_derived,2026-08-31T03:54:07Z
2024-01-17,0.000871,103.4499969482422,2024-01-17,-0.01155,2002.5999755859373,2024-01-17,-0.005702,16869.75,2024-01-17,-0.005679,4771.25,2024-01-17,0.009838,4.105999946594238,2024-01-17,0.068642,14.789999961853027,2024-01-17,0.00221,72.55999755859375,2024-01-17,-0.009554,42742.65234375,2024-01-17,-0.022925,2528.369384765625,2024-01-17,0.009959,147.24600219726562,2024-01-17,0.04,2024-01-17,-0.003737,-0.003737,ETH,0.513,0.061,risk_off,calm,up,flat,down,retrospective_derived,2026-08-31T03:54:07Z
2024-01-18,0.00087,103.54000091552734,2024-01-18,0.00799,2018.5999755859373,2024-01-18,0.014241,17110.0,2024-01-18,0.008384,4811.25,2024-01-18,0.009255,4.144000053405762,2024-01-18,-0.044625,14.130000114440918,2024-01-18,0.020948,74.08000183105469,2024-01-18,-0.03464,41262.05859375,2024-01-18,-0.024265,2467.018798828125,2024-01-18,0.005922,148.1179962158203,2024-01-18,0.038,2024-01-18,-0.005679,-0.005679,ETH,0.4755,0.0516,risk_on,calm,up,flat,down,retrospective_derived,2026-08-31T03:54:07Z
2024-01-19,-0.002415,103.29000091552734,2024-01-19,0.003914,2026.5,2024-01-19,0.019199,17438.5,2024-01-19,0.012107,4869.5,2024-01-19,0.000483,4.145999908447266,2024-01-19,-0.05874,13.300000190734863,2024-01-19,-0.009044,73.41000366210938,2024-01-19,0.008636,41618.40625,2024-01-19,0.009112,2489.49853515625,2024-01-19,6.8e-05,148.1280059814453,2024-01-19,0.002,2024-01-19,0.008384,0.008384,ETH,0.465,0.0067,risk_on,calm,flat,down,up,retrospective_derived,2026-08-31T03:54:07Z
2024-01-20,,,,,,,,,,,,,,,,,,,,,,0.001134,41665.5859375,2024-01-20,-0.007997,2469.589111328125,2024-01-20,,,,,2024-01-20,0.012107,0.012107,ETH,0.4674,0.0128,unknown,unknown,unknown,unknown,flat,retrospective_derived,2026-08-31T03:54:07Z
2024-01-21,,,,,,,,,,,,,,,,,,,,,,-0.002875,41545.78515625,2024-01-21,-0.006348,2453.9130859375,2024-01-21,,,,,2024-01-21,0.0,0.012107,SPX,0.4546,0.0015,unknown,unknown,unknown,unknown,down,retrospective_derived,2026-08-31T03:54:07Z
2024-01-22,0.000387,103.33000183105467,2024-01-22,-0.003306,2019.800048828125,2024-01-22,0.001147,17458.5,2024-01-22,0.002362,4881.0,2024-01-22,-0.012542,4.093999862670898,2024-01-22,-0.008271,13.1899995803833,2024-01-22,0.024247,75.19000244140625,2024-01-22,-0.049064,39507.3671875,2024-01-22,-0.05831,2310.826416015625,2024-01-22,-4.7e-05,148.12100219726562,2024-01-22,,2024-01-22,0.0,0.012107,ETH,0.4851,0.0002,neutral,calm,unknown,flat,down,retrospective_derived,2026-08-31T03:54:07Z
2024-01-23,0.002807,103.62000274658205,2024-01-23,0.001931,2023.699951171875,2024-01-23,0.004167,17531.25,2024-01-23,0.002868,4895.0,2024-01-23,0.011725,4.142000198364258,2024-01-23,-0.048522,12.550000190734863,2024-01-23,-0.010906,74.37000274658203,2024-01-23,0.00856,39845.55078125,2024-01-23,-0.030353,2240.68603515625,2024-01-23,0.000142,148.14199829101562,2024-01-23,0.048,2024-01-23,0.002362,0.002362,BTC,0.4128,0.0447,neutral,calm,up,up,up,retrospective_derived,2026-08-31T03:54:07Z
2024-01-24,-0.003667,103.23999786376952,2024-01-24,-0.004843,2013.9000244140625,2024-01-24,0.005119,17621.0,2024-01-24,0.000613,4898.0,2024-01-24,0.008691,4.177999973297119,2024-01-24,0.047012,13.140000343322754,2024-01-24,0.009681,75.08999633789062,2024-01-24,0.005811,40077.07421875,2024-01-24,-0.00318,2233.561767578125,2024-01-24,0.000736,148.25100708007812,2024-01-24,0.036,2024-01-24,0.002868,0.002868,BTC,0.4061,0.0406,neutral,calm,up,down,up,retrospective_derived,2026-08-31T03:54:07Z
2024-01-25,0.003196,103.56999969482422,2024-01-25,0.00149,2016.9000244140625,2024-01-25,0.000766,17634.5,2024-01-25,0.005155,4923.25,2024-01-25,-0.01101,4.131999969482422,2024-01-25,0.023592,13.449999809265137,2024-01-25,0.03023,77.36000061035156,2024-01-25,-0.003575,39933.80859375,2024-01-25,-0.007097,2217.710205078125,2024-01-25,-0.004452,147.59100341796875,2024-01-25,-0.046,2024-01-25,0.000613,0.000613,BTC,0.4013,0.0224,neutral,calm,down,up,down,retrospective_derived,2026-08-31T03:54:07Z
2024-01-26,-0.000966,103.47000122070312,2024-01-26,-5e-05,2016.800048828125,2024-01-26,-0.006096,17527.0,2024-01-26,-0.001422,4916.25,2024-01-26,0.006776,4.159999847412109,2024-01-26,-0.014126,13.260000228881836,2024-01-26,0.008402,78.01000213623047,2024-01-26,0.047155,41816.87109375,2024-01-26,0.022316,2267.19970703125,2024-01-26,0.000894,147.72300720214844,2024-01-26,0.028,2024-01-26,0.005155,0.005155,BTC,0.3922,0.0366,neutral,calm,up,flat,up,retrospective_derived,2026-08-31T03:54:07Z
2024-01-27,,,,,,,,,,,,,,,,,,,,,,0.00725,42120.0546875,2024-01-27,0.000303,2267.885986328125,2024-01-27,,,,,2024-01-27,-0.001422,-0.001422,BTC,0.3975,0.0462,unknown,unknown,unknown,unknown,up,retrospective_derived,2026-08-31T03:54:07Z
2024-01-28,,,,,,,,,,,,,,,,,,,,,,-0.002005,42035.59375,2024-01-28,-0.004708,2257.208740234375,2024-01-28,,,,,2024-01-28,0.0,-0.001422,GOLD,0.3207,0.022,unknown,unknown,unknown,unknown,down,retrospective_derived,2026-08-31T03:54:07Z
2024-01-29,0.001353,103.61000061035156,2024-01-29,0.004165,2025.199951171875,2024-01-29,0.010213,17706.0,2024-01-29,0.00778,4954.5,2024-01-29,-0.016586,4.091000080108643,2024-01-29,0.025641,13.600000381469728,2024-01-29,-0.015767,76.77999877929688,2024-01-29,0.0298,43288.24609375,2024-01-29,0.026517,2317.064208984375,2024-01-29,0.002823,148.13999938964844,2024-01-29,,2024-01-29,0.0,-0.001422,GOLD,0.3277,0.031,neutral,calm,unknown,flat,up,retrospective_derived,2026-08-31T03:54:07Z
2024-01-30,-0.002027,103.4000015258789,2024-01-30,0.003111,2031.5,2024-01-30,-0.006636,17588.5,2024-01-30,-0.000706,4951.0,2024-01-30,-0.007822,4.059000015258789,2024-01-30,-0.021324,13.3100004196167,2024-01-30,0.013545,77.81999969482422,2024-01-30,-0.007754,42952.609375,2024-01-30,0.011838,2344.49365234375,2024-01-30,-0.004536,147.46800231933594,2024-01-30,-0.032,2024-01-30,0.00778,0.00778,GOLD,0.335,0.0264,neutral,calm,down,down,down,retrospective_derived,2026-08-31T03:54:07Z
2024-01-31,-0.001257,103.2699966430664,2024-01-31,0.008319,2048.39990234375,2024-01-31,-0.019686,17242.25,2024-01-31,-0.016259,4870.5,2024-01-31,-0.022666,3.9670000076293945,2024-01-31,0.078137,14.350000381469728,2024-01-31,-0.025315,75.8499984741211,2024-01-31,-0.008614,42582.60546875,2024-01-31,-0.026423,2282.54443359375,2024-01-31,-0.000671,147.36900329589844,2024-01-31,-0.092,2024-01-31,-0.000706,-0.000706,VIX,0.3341,0.0427,risk_off,calm,down,flat,down,retrospective_derived,2026-08-31T03:54:07Z
2024-02-01,-0.00213,103.0500030517578,2024-02-01,0.002246,2053.0,2024-02-01,0.01128,17436.75,2024-02-01,0.011908,4928.5,2024-02-01,-0.026216,3.86299991607666,2024-02-01,-0.032753,13.880000114440918,2024-02-01,-0.026763,73.81999969482422,2024-02-01,0.011581,43075.7734375,2024-02-01,0.009323,2303.82470703125,2024-02-01,-0.002531,146.99600219726562,2024-02-01,-0.104,2024-02-01,-0.016259,-0.016259,VIX,0.3809,0.0829,risk_on,calm,down,down,up,retrospective_derived,2026-08-31T03:54:07Z
2024-02-02,0.008442,103.91999816894533,2024-02-02,-0.008232,2036.0999755859373,2024-02-02,0.016976,17732.75,2024-02-02,0.0105,4980.25,2024-02-02,0.044007,4.0329999923706055,2024-02-02,-0.002161,13.850000381469728,2024-02-02,-0.020862,72.27999877929688,2024-02-02,0.002556,43185.859375,2024-02-02,0.001829,2308.0380859375,2024-02-02,-0.003708,146.4510040283203,2024-02-02,0.17,2024-02-02,0.011908,0.011908,VIX,0.3215,0.0385,neutral,calm,up,up,up,retrospective_derived,2026-08-31T03:54:07Z
2024-02-03,,,,,,,,,,,,,,,,,,,,,,-0.004483,42992.25,2024-02-03,-0.005199,2296.038330078125,2024-02-03,,,,,2024-02-03,0.0105,0.0105,VIX,0.3236,0.0366,unknown,unknown,unknown,unknown,down,retrospective_derived,2026-08-31T03:54:07Z
2024-02-04,,,,,,,,,,,,,,,,,,,,,,-0.009506,42583.58203125,2024-02-04,-0.002828,2289.546142578125,2024-02-04,,,,,2024-02-04,0.0,0.0105,VIX,0.3236,0.0366,unknown,unknown,unknown,unknown,down,retrospective_derived,2026-08-31T03:54:07Z
2024-02-05,0.0051,104.4499969482422,2024-02-05,-0.005108,2025.699951171875,2024-02-05,-0.001847,17700.0,2024-02-05,-0.003664,4962.0,2024-02-05,0.032482,4.164000034332275,2024-02-05,-0.012996,13.670000076293944,2024-02-05,0.006918,72.77999877929688,2024-02-05,0.001763,42658.66796875,2024-02-05,0.004081,2298.888916015625,2024-02-05,0.013998,148.50100708007812,2024-02-05,,2024-02-05,0.0,0.0105,NASDAQ,0.3151,0.0072,neutral,calm,unknown,up,up,retrospective_derived,2026-08-31T03:54:07Z
2024-02-06,-0.002585,104.18000030517578,2024-02-06,0.004344,2034.5,2024-02-06,-0.00226,17660.0,2024-02-06,0.00257,4974.75,2024-02-06,-0.017771,4.090000152587891,2024-02-06,-0.044623,13.0600004196167,2024-02-06,0.007282,73.30999755859375,2024-02-06,0.009986,43084.671875,2024-02-06,0.031891,2372.201904296875,2024-02-06,0.000936,148.63999938964844,2024-02-06,-0.074,2024-02-06,-0.003664,-0.003664,US10Y,0.3032,0.003,neutral,calm,down,down,up,retrospective_derived,2026-08-31T03:54:07Z
2024-02-07,-0.001344,104.04000091552734,2024-02-07,0.000344,2035.199951171875,2024-02-07,0.010292,17841.75,2024-02-07,0.008141,5015.25,2024-02-07,0.00489,4.110000133514404,2024-02-07,-0.017611,12.829999923706056,2024-02-07,0.007502,73.86000061035156,2024-02-07,0.028631,44318.22265625,2024-02-07,0.021728,2423.7451171875,2024-02-07,-0.00553,147.8179931640625,2024-02-07,0.02,2024-02-07,0.00257,0.00257,NASDAQ,0.3638,0.0326,neutral,calm,flat,flat,up,retrospective_derived,2026-08-31T03:54:07Z
2024-02-08,0.001057,104.1500015258789,2024-02-08,-0.001474,2032.199951171875,2024-02-08,0.001485,17868.25,2024-02-08,0.000498,5017.75,2024-02-08,0.014599,4.170000076293945,2024-02-08,-0.003118,12.789999961853027,2024-02-08,0.031952,76.22000122070312,2024-02-08,0.022188,45301.56640625,2024-02-08,-0.001584,2419.906494140625,2024-02-08,0.001813,148.08599853515625,2024-02-08,0.06,2024-02-08,0.008141,0.008141,US10Y,0.3519,0.0252,neutral,calm,up,flat,up,retrospective_derived,2026-08-31T03:54:07Z
2024-02-09,-0.000672,104.08000183105467,2024-02-09,-0.004379,2023.300048828125,2024-02-09,0.00957,18039.25,2024-02-09,0.005231,5044.0,2024-02-09,0.004077,4.186999797821045,2024-02-09,0.010946,12.93000030517578,2024-02-09,0.008134,76.83999633789062,2024-02-09,0.040741,47147.19921875,2024-02-09,0.027939,2487.515625,2024-02-09,0.007921,149.25900268554688,2024-02-09,0.017,2024-02-09,0.000498,0.000498,US10Y,0.3383,0.0121,neutral,calm,flat,flat,up,retrospective_derived,2026-08-31T03:54:07Z
2024-02-10,,,,,,,,,,,,,,,,,,,,,,0.013237,47771.27734375,2024-02-10,0.005513,2501.228271484375,2024-02-10,,,,,2024-02-10,0.005231,0.005231,US10Y,0.3394,0.0106,unknown,unknown,unknown,unknown,up,retrospective_derived,2026-08-31T03:54:07Z
2024-02-11,,,,,,,,,,,,,,,,,,,,,,0.01094,48293.91796875,2024-02-11,0.002536,2507.570556640625,2024-02-11,,,,,2024-02-11,0.0,0.005231,NASDAQ,0.3644,0.001,unknown,unknown,unknown,unknown,up,retrospective_derived,2026-08-31T03:54:07Z
2024-02-12,0.000865,104.16999816894533,2024-02-12,-0.002521,2018.199951171875,2024-02-12,-0.004116,17965.0,2024-02-12,-0.000545,5041.25,2024-02-12,-0.003582,4.171999931335449,2024-02-12,0.07734,13.93000030517578,2024-02-12,0.001041,76.91999816894531,2024-02-12,0.034462,49958.22265625,2024-02-12,0.060036,2658.115966796875,2024-02-12,-0.000616,149.16700744628906,2024-02-12,,2024-02-12,0.0,0.005231,US10Y,0.3493,0.0067,neutral,calm,unknown,flat,up,retrospective_derived,2026-08-31T03:54:07Z
2024-02-13,0.007584,104.95999908447266,2024-02-13,-0.012536,1992.9000244140625,2024-02-13,-0.016045,17676.75,2024-02-13,-0.013885,4971.25,2024-02-13,0.034516,4.315999984741211,2024-02-13,0.137832,15.850000381469728,2024-02-13,0.012351,77.87000274658203,2024-02-13,-0.004319,49742.44140625,2024-02-13,-0.005993,2642.185302734375,2024-02-13,0.001595,149.40499877929688,2024-02-13,0.144,2024-02-13,-0.000545,-0.000545,US10Y,0.3958,0.0352,risk_off,calm,up,up,down,retrospective_derived,2026-08-31T03:54:07Z
2024-02-14,-0.002287,104.72000122070312,2024-02-14,-0.001305,1990.300048828125,2024-02-14,0.011555,17881.0,2024-02-14,0.009404,5018.0,2024-02-14,-0.011353,4.267000198364258,2024-02-14,-0.092744,14.380000114440918,2024-02-14,-0.015796,76.63999938964844,2024-02-14,0.041901,51826.6953125,2024-02-14,0.051365,2777.90234375,2024-02-14,0.008828,150.7239990234375,2024-02-14,-0.049,2024-02-14,-0.013885,-0.013885,US10Y,0.4473,0.0354,risk_on,calm,down,down,up,retrospective_derived,2026-08-31T03:54:07Z
2024-02-15,-0.004011,104.3000030517578,2024-02-15,0.005929,2002.0999755859373,2024-02-15,0.001776,17912.75,2024-02-15,0.00568,5046.5,2024-02-15,-0.006328,4.239999771118164,2024-02-15,-0.02573,14.010000228881836,2024-02-15,0.018137,78.02999877929688,2024-02-15,0.002158,51938.5546875,2024-02-15,0.016731,2824.37890625,2024-02-15,-0.001194,150.54400634765625,2024-02-15,-0.027,2024-02-15,0.009404,0.009404,SPX,0.4552,0.0059,neutral,calm,down,down,up,retrospective_derived,2026-08-31T03:54:07Z
2024-02-16,-0.000192,104.27999877929688,2024-02-16,0.004695,2011.5,2024-02-16,-0.009421,17744.0,2024-02-16,-0.005301,5019.75,2024-02-16,0.012972,4.295000076293945,2024-02-16,0.016417,14.239999771118164,2024-02-16,0.014866,79.19000244140625,2024-02-16,0.004268,52160.203125,2024-02-16,-0.007325,2803.69140625,2024-02-16,-0.003972,149.9459991455078,2024-02-16,0.055,2024-02-16,0.00568,0.00568,SPX,0.4469,0.0139,neutral,calm,up,flat,up,retrospective_derived,2026-08-31T03:54:07Z
2024-02-17,,,,,,,,,,,,,,,,,,,,,,-0.009532,51662.99609375,2024-02-17,-0.00607,2786.672607421875,2024-02-17,,,,,2024-02-17,-0.005301,-0.005301,SPX,0.4533,0.0206,unknown,unknown,unknown,unknown,down,retrospective_derived,2026-08-31T03:54:07Z
2024-02-18,,,,,,,,,,,,,,,,,,,,,,0.008895,52122.546875,2024-02-18,0.033131,2878.998046875,2024-02-18,,,,,2024-02-18,0.0,-0.005301,VIX,0.4602,0.0195,unknown,unknown,unknown,unknown,up,retrospective_derived,2026-08-31T03:54:07Z
2024-02-19,,,,,,,,,,,,,,,,,,,,,,-0.006588,51779.14453125,2024-02-19,0.02243,2943.57470703125,2024-02-19,0.000967,150.09100341796875,2024-02-19,,2024-02-19,0.0,-0.005301,VIX,0.4992,0.0195,unknown,unknown,unknown,unknown,down,retrospective_derived,2026-08-31T03:54:07Z
2024-02-20,-0.001918,104.08000183105467,2024-02-20,0.007954,2027.5,2024-02-20,-0.007707,17607.25,2024-02-20,-0.005628,4991.5,2024-02-20,-0.004657,4.275000095367432,2024-02-20,0.082865,15.420000076293944,2024-02-20,-0.012754,78.18000030517578,2024-02-20,0.009767,52284.875,2024-02-20,0.023756,3013.503662109375,2024-02-20,0.001193,150.27000427246094,2024-02-20,,2024-02-20,0.0,-0.005301,US10Y,0.5319,0.0459,risk_off,calm,unknown,down,up,retrospective_derived,2026-08-31T03:54:07Z
2024-02-21,-0.000673,104.01000213623048,2024-02-21,-0.002565,2022.300048828125,2024-02-21,-0.004004,17536.75,2024-02-21,0.000952,4996.25,2024-02-21,0.011696,4.324999809265137,2024-02-21,-0.005188,15.34000015258789,2024-02-21,-0.003454,77.91000366210938,2024-02-21,-0.008524,51839.1796875,2024-02-21,-0.014318,2970.35546875,2024-02-21,-0.002203,149.93899536132812,2024-02-21,0.05,2024-02-21,-0.005628,-0.005628,US10Y,0.4393,0.008,neutral,calm,up,flat,down,retrospective_derived,2026-08-31T03:54:07Z
2024-02-22,-0.000481,103.95999908447266,2024-02-22,-0.001286,2019.699951171875,2024-02-22,0.029125,18047.5,2024-02-22,0.020315,5097.75,2024-02-22,0.000463,4.327000141143799,2024-02-22,-0.052151,14.539999961853027,2024-02-22,0.008985,78.61000061035156,2024-02-22,-0.010305,51304.97265625,2024-02-22,0.000219,2971.00732421875,2024-02-22,0.002774,150.35499572753906,2024-02-22,0.002,2024-02-22,0.000952,0.000952,VIX,0.4933,0.0301,risk_on,calm,flat,flat,down,retrospective_derived,2026-08-31T03:54:07Z
2024-02-23,-0.000192,103.94000244140624,2024-02-23,0.009358,2038.5999755859373,2024-02-23,-0.003131,17991.0,2024-02-23,0.000736,5101.5,2024-02-23,-0.015484,4.260000228881836,2024-02-23,-0.054333,13.75,2024-02-23,-0.026969,76.48999786376953,2024-02-23,-0.011169,50731.94921875,2024-02-23,-0.01661,2921.658203125,2024-02-23,0.000851,150.48300170898438,2024-02-23,-0.067,2024-02-23,0.020315,0.020315,VIX,0.4842,0.0435,neutral,calm,down,flat,down,retrospective_derived,2026-08-31T03:54:07Z
2024-02-24,,,,,,,,,,,,,,,,,,,,,,0.016541,51571.1015625,2024-02-24,0.024208,2992.385986328125,2024-02-24,,,,,2024-02-24,0.000736,0.000736,VIX,0.4832,0.0479,unknown,unknown,unknown,unknown,up,retrospective_derived,2026-08-31T03:54:07Z
2024-02-25,,,,,,,,,,,,,,,,,,,,,,0.003144,51733.23828125,2024-02-25,0.040206,3112.697265625,2024-02-25,,,,,2024-02-25,0.0,0.000736,VIX,0.5626,0.1463,unknown,unknown,unknown,unknown,up,retrospective_derived,2026-08-31T03:54:07Z
2024-02-26,-0.001058,103.83000183105467,2024-02-26,-0.004954,2028.5,2024-02-26,-0.000778,17977.0,2024-02-26,-0.004165,5080.25,2024-02-26,0.009155,4.298999786376953,2024-02-26,-0.000727,13.739999771118164,2024-02-26,0.01425,77.58000183105469,2024-02-26,0.053914,54522.40234375,2024-02-26,0.021299,3178.99365234375,2024-02-26,0.0001,150.4980010986328,2024-02-26,,2024-02-26,0.0,0.000736,VIX,0.523,0.1024,neutral,calm,unknown,flat,up,retrospective_derived,2026-08-31T03:54:07Z
2024-02-27,0.0,103.83000183105467,2024-02-27,0.002711,2034.0,2024-02-27,0.002448,18021.0,2024-02-27,0.001919,5090.0,2024-02-27,0.003722,4.315000057220459,2024-02-27,-0.022562,13.43000030517578,2024-02-27,0.016628,78.87000274658203,2024-02-27,0.047008,57085.37109375,2024-02-27,0.020612,3244.519287109375,2024-02-27,0.000452,150.5659942626953,2024-02-27,0.016,2024-02-27,-0.004165,-0.004165,VIX,0.5474,0.1338,neutral,calm,flat,flat,up,retrospective_derived,2026-08-31T03:54:07Z
2024-02-28,0.001445,103.9800033569336,2024-02-28,-0.000492,2033.0,2024-02-28,-0.005868,17915.25,2024-02-28,-0.001768,5081.0,2024-02-28,-0.009502,4.27400016784668,2024-02-28,0.030529,13.84000015258789,2024-02-28,-0.004184,78.54000091552734,2024-02-28,0.094935,62504.7890625,2024-02-28,0.043515,3385.703857421875,2024-02-28,-0.000472,150.4949951171875,2024-02-28,-0.041,2024-02-28,0.001919,0.001919,VIX,0.5819,0.1585,neutral,calm,down,flat,up,retrospective_derived,2026-08-31T03:54:07Z
2024-02-29,0.001731,104.16000366210938,2024-02-29,0.006247,2045.699951171875,2024-02-29,0.00935,18082.75,2024-02-29,0.004477,5103.75,2024-02-29,-0.005147,4.251999855041504,2024-02-29,-0.031792,13.399999618530272,2024-02-29,-0.003565,78.26000213623047,2024-02-29,-0.020901,61198.3828125,2024-02-29,-0.012932,3341.919677734375,2024-02-29,0.00107,150.656005859375,2024-02-29,-0.022,2024-02-29,-0.001768,-0.001768,VIX,0.6502,0.2153,risk_on,calm,down,up,down,retrospective_derived,2026-08-31T03:54:07Z
2024-03-01,-0.00288,103.86000061035156,2024-03-01,0.02014,2086.89990234375,2024-03-01,0.014129,18338.25,2024-03-01,0.008278,5146.0,2024-03-01,-0.016933,4.179999828338623,2024-03-01,-0.021642,13.109999656677246,2024-03-01,0.02185,79.97000122070312,2024-03-01,0.020299,62440.6328125,2024-03-01,0.027868,3435.053955078125,2024-03-01,-0.003724,150.09500122070312,2024-03-01,-0.072,2024-03-01,0.004477,0.004477,VIX,0.6056,0.1387,neutral,calm,down,down,up,retrospective_derived,2026-08-31T03:54:07Z
2024-03-02,,,,,,,,,,,,,,,,,,,,,,-0.006579,62029.84765625,2024-03-02,-0.003786,3422.0498046875,2024-03-02,,,,,2024-03-02,0.008278,0.008278,VIX,0.6096,0.1387,unknown,unknown,unknown,unknown,down,retrospective_derived,2026-08-31T03:54:07Z
2024-03-03,,,,,,,,,,,,,,,,,,,,,,0.018338,63167.37109375,2024-03-03,0.020147,3490.99365234375,2024-03-03,,,,,2024-03-03,0.0,0.008278,VIX,0.5925,0.0899,unknown,unknown,unknown,unknown,up,retrospective_derived,2026-08-31T03:54:07Z
2024-03-04,-0.000289,103.83000183105467,2024-03-04,0.014759,2117.699951171875,2024-03-04,-0.004158,18262.0,2024-03-04,-0.001506,5138.25,2024-03-04,0.00933,4.218999862670898,2024-03-04,0.028986,13.489999771118164,2024-03-04,-0.015381,78.73999786376953,2024-03-04,0.081736,68330.4140625,2024-03-04,0.039943,3630.433837890625,2024-03-04,6.7e-05,150.10499572753906,2024-03-04,,2024-03-04,0.0,0.008278,NASDAQ,0.3804,0.003,neutral,calm,unknown,flat,up,retrospective_derived,2026-08-31T03:54:07Z
2024-03-05,-0.000289,103.8000030517578,2024-03-05,0.007461,2133.5,2024-03-05,-0.018166,17930.25,2024-03-05,-0.010217,5085.75,2024-03-05,-0.019436,4.13700008392334,2024-03-05,0.071905,14.460000038146973,2024-03-05,-0.007493,78.1500015258789,2024-03-05,-0.066284,63801.19921875,2024-03-05,-0.020788,3554.964599609375,2024-03-05,0.002405,150.46600341796875,2024-03-05,-0.082,2024-03-05,-0.001506,-0.001506,NASDAQ,0.3129,0.0401,risk_off,calm,down,flat,down,retrospective_derived,2026-08-31T03:54:07Z
2024-03-06,-0.004143,103.37000274658205,2024-03-06,0.007874,2150.300048828125,2024-03-06,0.006358,18044.25,2024-03-06,0.005112,5111.75,2024-03-06,-0.007977,4.104000091552734,2024-03-06,0.002766,14.5,2024-03-06,0.01254,79.12999725341797,2024-03-06,0.036137,66106.8046875,2024-03-06,0.074336,3819.226318359375,2024-03-06,-0.002771,150.0489959716797,2024-03-06,-0.033,2024-03-06,-0.010217,-0.010217,NASDAQ,0.3468,0.0449,neutral,calm,down,down,up,retrospective_derived,2026-08-31T03:54:07Z
2024-03-07,-0.005321,102.81999969482422,2024-03-07,0.003581,2158.0,2024-03-07,0.015074,18316.25,2024-03-07,0.009781,5161.75,2024-03-07,-0.002924,4.0920000076293945,2024-03-07,-0.004138,14.4399995803833,2024-03-07,-0.002527,78.93000030517578,2024-03-07,0.012384,66925.484375,2024-03-07,0.014433,3874.34765625,2024-03-07,-0.005198,149.2689971923828,2024-03-07,-0.012,2024-03-07,0.005112,0.005112,NASDAQ,0.4128,0.0848,neutral,calm,flat,down,up,retrospective_derived,2026-08-31T03:54:07Z
2024-03-08,-0.000778,102.73999786376952,2024-03-08,0.009546,2178.60009765625,2024-03-08,-0.014714,18046.75,2024-03-08,-0.006345,5129.0,2024-03-08,-0.000733,4.089000225067139,2024-03-08,0.020776,14.739999771118164,2024-03-08,-0.011656,78.01000213623047,2024-03-08,0.020539,68300.09375,2024-03-08,0.004572,3892.06103515625,2024-03-08,-0.009386,147.8679962158203,2024-03-08,-0.003,2024-03-08,0.009781,0.009781,NASDAQ,0.4158,0.0968,neutral,calm,flat,flat,up,retrospective_derived,2026-08-31T03:54:07Z
2024-03-09,,,,,,,,,,,,,,,,,,,,,,0.002911,68498.8828125,2024-03-09,0.006001,3915.4189453125,2024-03-09,,,,,2024-03-09,-0.006345,-0.006345,NASDAQ,0.4263,0.0997,unknown,unknown,unknown,unknown,up,retrospective_derived,2026-08-31T03:54:07Z
2024-03-10,,,,,,,,,,,,,,,,,,,,,,0.007605,69019.7890625,2024-03-10,-0.008741,3881.193115234375,2024-03-10,,,,,2024-03-10,0.0,-0.006345,NASDAQ,0.4263,0.0997,unknown,unknown,unknown,unknown,up,retrospective_derived,2026-08-31T03:54:07Z
2024-03-11,0.001265,102.87000274658205,2024-03-11,0.00179,2182.5,2024-03-11,-0.004197,17971.0,2024-03-11,-0.00117,5123.0,2024-03-11,0.003668,4.104000091552734,2024-03-11,0.032564,15.220000267028809,2024-03-11,-0.001026,77.93000030517578,2024-03-11,0.044974,72123.90625,2024-03-11,0.047731,4066.445068359375,2024-03-11,-0.007398,146.7740020751953,2024-03-11,,2024-03-11,0.0,-0.006345,NASDAQ,0.4288,0.109,neutral,calm,unknown,flat,up,retrospective_derived,2026-08-31T03:54:07Z
2024-03-12,0.000875,102.95999908447266,2024-03-12,-0.010126,2160.39990234375,2024-03-12,0.014287,18227.75,2024-03-12,0.010589,5177.25,2024-03-12,0.012427,4.15500020980835,2024-03-12,-0.09067,13.84000015258789,2024-03-12,-0.004748,77.55999755859375,2024-03-12,-0.00891,71481.2890625,2024-03-12,-0.021191,3980.273193359375,2024-03-12,-0.000286,146.73199462890625,2024-03-12,0.051,2024-03-12,-0.00117,-0.00117,NASDAQ,0.4926,0.1069,risk_on,calm,up,flat,down,retrospective_derived,2026-08-31T03:54:07Z
2024-03-13,-0.001651,102.79000091552734,2024-03-13,0.006943,2175.39990234375,2024-03-13,-0.008188,18078.5,2024-03-13,-0.001787,5168.0,2024-03-13,0.008905,4.191999912261963,2024-03-13,-0.006503,13.75,2024-03-13,0.027849,79.72000122070312,2024-03-13,0.022414,73083.5,2024-03-13,0.006578,4006.45703125,2024-03-13,0.006045,147.61900329589844,2024-03-13,0.037,2024-03-13,0.010589,0.010589,NASDAQ,0.3548,0.0386,neutral,calm,up,down,up,retrospective_derived,2026-08-31T03:54:07Z
2024-03-14,0.005545,103.36000061035156,2024-03-14,-0.0057,2163.0,2024-03-14,-0.002987,18024.5,2024-03-14,-0.002757,5153.75,2024-03-14,0.025286,4.297999858856201,2024-03-14,0.047273,14.399999618530272,2024-03-14,0.019318,81.26000213623047,2024-03-14,-0.023082,71396.59375,2024-03-14,-0.030779,3883.140380859375,2024-03-14,1.4e-05,147.62100219726562,2024-03-14,0.106,2024-03-14,-0.001787,-0.001787,ETH,0.3355,0.0009,neutral,calm,up,up,down,retrospective_derived,2026-08-31T03:54:07Z
2024-03-15,0.000677,103.43000030517578,2024-03-15,-0.002635,2157.300048828125,2024-03-15,-0.009418,17854.75,2024-03-15,-0.010105,5101.669921875,2024-03-15,0.001396,4.303999900817871,2024-03-15,0.000694,14.40999984741211,2024-03-15,-0.002707,81.04000091552734,2024-03-15,-0.027912,69403.7734375,2024-03-15,-0.038093,3735.22021484375,2024-03-15,0.004573,148.29600524902344,2024-03-15,0.006,2024-03-15,-0.002757,-0.002757,ETH,0.4096,0.0552,neutral,calm,flat,flat,down,retrospective_derived,2026-08-31T03:54:07Z
2024-03-16,,,,,,,,,,,,,,,,,,,,,,-0.058911,65315.1171875,2024-03-16,-0.056853,3522.860107421875,2024-03-16,,,,,2024-03-16,-0.010105,-0.010105,ETH,0.4245,0.0744,unknown,unknown,unknown,unknown,down,retrospective_derived,2026-08-31T03:54:07Z
2024-03-17,,,,,,,,,,,,,,,,,,,,,,0.047087,68390.625,2024-03-17,0.033936,3642.4130859375,2024-03-17,,,,,2024-03-17,0.0,-0.010105,ETH,0.4423,0.0648,unknown,unknown,unknown,unknown,up,retrospective_derived,2026-08-31T03:54:07Z
2024-03-18,0.00145,103.58000183105467,2024-03-18,0.001576,2160.699951171875,2024-03-18,0.021101,18231.5,2024-03-18,0.022165,5214.75,2024-03-18,0.008364,4.340000152587891,2024-03-18,-0.005552,14.329999923706056,2024-03-18,0.020731,82.72000122070312,2024-03-18,-0.012312,67548.59375,2024-03-18,-0.034161,3517.985107421875,2024-03-18,0.004444,148.9550018310547,2024-03-18,,2024-03-18,0.0,-0.010105,ETH,0.4117,0.0468,neutral,calm,unknown,flat,down,retrospective_derived,2026-08-31T03:54:07Z
2024-03-19,0.00222,103.80999755859376,2024-03-19,-0.002036,2156.300048828125,2024-03-19,0.002112,18270.0,2024-03-19,0.005178,5241.75,2024-03-19,-0.009908,4.296999931335449,2024-03-19,-0.03559,13.81999969482422,2024-03-19,0.009067,83.47000122070312,2024-03-19,-0.083434,61912.7734375,2024-03-19,-0.102436,3157.6181640625,2024-03-19,0.001269,149.1439971923828,2024-03-19,-0.043,2024-03-19,0.022165,0.022165,BTC,0.4744,0.0264,risk_on,calm,down,up,down,retrospective_derived,2026-08-31T03:54:07Z
2024-03-20,-0.003853,103.41000366210938,2024-03-20,0.000742,2157.89990234375,2024-03-20,0.011481,18479.75,2024-03-20,0.008585,5286.75,2024-03-20,-0.005585,4.2729997634887695,2024-03-20,-0.05644,13.039999961853027,2024-03-20,-0.021445,81.68000030517578,2024-03-20,0.096925,67913.671875,2024-03-20,0.112672,3513.39306640625,2024-03-20,0.012679,151.03500366210938,2024-03-20,-0.024,2024-03-20,0.005178,0.005178,BTC,0.5155,0.0432,risk_on,calm,down,down,up,retrospective_derived,2026-08-31T03:54:07Z
2024-03-21,0.005705,104.0,2024-03-21,0.011354,2182.39990234375,2024-03-21,0.004437,18561.75,2024-03-21,0.002979,5302.5,2024-03-21,-0.000468,4.270999908447266,2024-03-21,-0.009202,12.920000076293944,2024-03-21,-0.007468,81.06999969482422,2024-03-21,-0.035667,65491.390625,2024-03-21,-0.005807,3492.9912109375,2024-03-21,-0.001821,150.75999450683594,2024-03-21,-0.002,2024-03-21,0.008585,0.008585,BTC,0.5205,0.0767,neutral,calm,flat,up,down,retrospective_derived,2026-08-31T03:54:07Z
2024-03-22,0.004135,104.43000030517578,2024-03-22,-0.011134,2158.10009765625,2024-03-22,0.0007,18574.75,2024-03-22,-0.001744,5293.25,2024-03-22,-0.012409,4.2179999351501465,2024-03-22,0.010836,13.0600004196167,2024-03-22,-0.005427,80.62999725341797,2024-03-22,-0.02615,63778.76171875,2024-03-22,-0.045607,3333.68798828125,2024-03-22,0.005791,151.63299560546875,2024-03-22,-0.053,2024-03-22,0.002979,0.002979,BTC,0.5388,0.086,neutral,calm,down,up,down,retrospective_derived,2026-08-31T03:54:07Z
2024-03-23,,,,,,,,,,,,,,,,,,,,,,0.004444,64062.203125,2024-03-23,0.000872,3336.593994140625,2024-03-23,,,,,2024-03-23,-0.001744,-0.001744,BTC,0.53,0.088,unknown,unknown,unknown,unknown,up,retrospective_derived,2026-08-31T03:54:07Z
2024-03-24,,,,,,,,,,,,,,,,,,,,,,0.049514,67234.171875,2024-03-24,0.035378,3454.636474609375,2024-03-24,,,,,2024-03-24,0.0,-0.001744,BTC,0.4946,0.047,unknown,unknown,unknown,unknown,up,retrospective_derived,2026-08-31T03:54:07Z
2024-03-25,-0.001915,104.2300033569336,2024-03-25,0.007738,2174.800048828125,2024-03-25,-0.003297,18513.5,2024-03-25,-0.002834,5278.25,2024-03-25,0.008298,4.252999782562256,2024-03-25,0.009954,13.1899995803833,2024-03-25,0.016371,81.94999694824219,2024-03-25,0.040525,69958.8125,2024-03-25,0.039439,3590.8837890625,2024-03-25,-0.002163,151.30499267578125,2024-03-25,,2024-03-25,0.0,-0.001744,ETH,0.4339,0.0416,neutral,calm,unknown,down,up,retrospective_derived,2026-08-31T03:54:07Z
2024-03-26,0.000576,104.29000091552734,2024-03-26,0.000368,2175.60009765625,2024-03-26,-0.003484,18449.0,2024-03-26,-0.002463,5265.25,2024-03-26,-0.004467,4.234000205993652,2024-03-26,0.003791,13.239999771118164,2024-03-26,-0.004027,81.62000274658203,2024-03-26,0.000415,69987.8359375,2024-03-26,-0.000941,3587.5048828125,2024-03-26,0.000449,151.3730010986328,2024-03-26,-0.019,2024-03-26,-0.002834,-0.002834,ETH,0.3872,0.0022,neutral,calm,flat,flat,flat,retrospective_derived,2026-08-31T03:54:07Z
2024-03-27,0.000575,104.3499984741211,2024-03-27,0.006895,2190.60009765625,2024-03-27,0.002968,18503.75,2024-03-27,0.008167,5308.25,2024-03-27,-0.008975,4.196000099182129,2024-03-27,-0.034743,12.779999732971191,2024-03-27,-0.003308,81.3499984741211,2024-03-27,-0.007608,69455.34375,2024-03-27,-0.024359,3500.115234375,2024-03-27,0.001037,151.52999877929688,2024-03-27,-0.038,2024-03-27,-0.002463,-0.002463,BTC,0.3979,0.0042,risk_on,calm,down,flat,down,retrospective_derived,2026-08-31T03:54:07Z
2024-03-28,0.001917,104.5500030517578,2024-03-28,0.012234,2217.39990234375,2024-03-28,-0.001554,18475.0,2024-03-28,4.7e-05,5308.5,2024-03-28,0.002383,4.205999851226807,2024-03-28,0.017997,13.010000228881836,2024-03-28,0.022372,83.16999816894531,2024-03-28,0.018567,70744.953125,2024-03-28,0.017479,3561.2939453125,2024-03-28,-0.001604,151.28700256347656,2024-03-28,0.01,2024-03-28,0.008167,0.008167,ETH,0.3947,0.0027,neutral,calm,flat,up,up,retrospective_derived,2026-08-31T03:54:07Z
2024-03-29,,,,,,,,,,,,,,,,,,,,,,-0.012045,69892.828125,2024-03-29,-0.013896,3511.80615234375,2024-03-29,0.001011,151.44000244140625,2024-03-29,,2024-03-29,4.7e-05,4.7e-05,ETH,0.3993,0.0023,unknown,unknown,unknown,unknown,down,retrospective_derived,2026-08-31T03:54:07Z
2024-03-30,,,,,,,,,,,,,,,,,,,,,,-0.003541,69645.3046875,2024-03-30,-0.0011,3507.9443359375,2024-03-30,,,,,2024-03-30,0.0,4.7e-05,BTC,0.3979,0.0007,unknown,unknown,unknown,unknown,down,retrospective_derived,2026-08-31T03:54:07Z
2024-03-31,,,,,,,,,,,,,,,,,,,,,,0.024242,71333.6484375,2024-03-31,0.039884,3647.8564453125,2024-03-31,,,,,2024-03-31,0.0,4.7e-05,BTC,0.4569,0.0039,unknown,unknown,unknown,unknown,up,retrospective_derived,2026-08-31T03:54:07Z
2024-04-01,0.004495,105.0199966430664,2024-04-01,0.008614,2236.5,2024-04-01,0.001204,18497.25,2024-04-01,-0.002496,5295.25,2024-04-01,0.029244,4.328999996185303,2024-04-01,0.049193,13.649999618530272,2024-04-01,0.006493,83.70999908447266,2024-04-01,-0.022871,69702.1484375,2024-04-01,-0.039154,3505.030029296875,2024-04-01,-0.000277,151.3979949951172,2024-04-01,,2024-04-01,0.0,4.7e-05,ETH,0.4911,0.0128,neutral,calm,unknown,up,down,retrospective_derived,2026-08-31T03:54:07Z
2024-04-02,-0.001904,104.81999969482422,2024-04-02,0.010955,2261.0,2024-04-02,-0.009042,18330.0,2024-04-02,-0.006562,5260.5,2024-04-02,0.008316,4.364999771118164,2024-04-02,0.07033,14.609999656677246,2024-04-02,0.017202,85.1500015258789,2024-04-02,-0.061048,65446.97265625,2024-04-02,-0.064991,3277.234619140625,2024-04-02,0.001209,151.58099365234375,2024-04-02,0.036,2024-04-02,-0.002496,-0.002496,ETH,0.5601,0.0136,risk_off,calm,up,down,down,retrospective_derived,2026-08-31T03:54:07Z
2024-04-03,-0.005438,104.25,2024-04-03,0.014772,2294.39990234375,2024-04-03,0.00236,18373.25,2024-04-03,0.001141,5266.5,2024-04-03,-0.002291,4.355000019073486,2024-04-03,-0.019165,14.329999923706056,2024-04-03,0.003288,85.43000030517578,2024-04-03,0.008157,65980.8125,2024-04-03,0.010438,3311.44189453125,2024-04-03,-0.00027,151.5399932861328,2024-04-03,-0.01,2024-04-03,-0.006562,-0.006562,ETH,0.5374,0.0086,neutral,calm,flat,down,up,retrospective_derived,2026-08-31T03:54:07Z
2024-04-04,-0.001247,104.12000274658205,2024-04-04,-0.002441,2288.800048828125,2024-04-04,-0.016138,18076.75,2024-04-04,-0.013149,5197.25,2024-04-04,-0.010563,4.309000015258789,2024-04-04,0.140963,16.350000381469727,2024-04-04,0.013578,86.58999633789062,2024-04-04,0.038315,68508.84375,2024-04-04,0.005616,3330.04052734375,2024-04-04,0.000271,151.58099365234375,2024-04-04,-0.046,2024-04-04,0.001141,0.001141,ETH,0.4447,0.0502,risk_off,elevated,down,flat,up,retrospective_derived,2026-08-31T03:54:07Z
2024-04-05,0.001729,104.3000030517578,2024-04-05,0.016122,2325.699951171875,2024-04-05,0.012392,18300.75,2024-04-05,0.010727,5253.0,2024-04-05,0.016013,4.377999782562256,2024-04-05,-0.019572,16.030000686645508,2024-04-05,0.003696,86.91000366210938,2024-04-05,-0.009797,67837.640625,2024-04-05,-0.00335,3318.88525390625,2024-04-05,-0.001906,151.29200744628906,2024-04-05,0.069,2024-04-05,-0.013149,-0.013149,ETH,0.4138,0.0489,neutral,elevated,up,up,down,retrospective_derived,2026-08-31T03:54:07Z
2024-04-06,,,,,,,,,,,,,,,,,,,,,,0.015603,68896.109375,2024-04-06,0.010636,3354.183837890625,2024-04-06,,,,,2024-04-06,0.010727,0.010727,ETH,0.397,0.0505,unknown,unknown,unknown,unknown,up,retrospective_derived,2026-08-31T03:54:07Z
2024-04-07,,,,,,,,,,,,,,,,,,,,,,0.00677,69362.5546875,2024-04-07,0.029608,3453.49462890625,2024-04-07,,,,,2024-04-07,0.0,0.010727,ETH,0.4289,0.0472,unknown,unknown,unknown,unknown,up,retrospective_derived,2026-08-31T03:54:07Z
2024-04-08,-0.001534,104.13999938964844,2024-04-08,0.00258,2331.699951171875,2024-04-08,-0.000314,18295.0,2024-04-08,4.8e-05,5253.25,2024-04-08,0.010507,4.423999786376953,2024-04-08,-0.052402,15.1899995803833,2024-04-08,-0.005523,86.43000030517578,2024-04-08,0.032709,71631.359375,2024-04-08,0.070015,3695.292724609375,2024-04-08,0.002631,151.69000244140625,2024-04-08,,2024-04-08,0.0,0.010727,ETH,0.4787,0.0237,neutral,calm,unknown,down,up,retrospective_derived,2026-08-31T03:54:07Z
2024-04-09,9.6e-05,104.1500015258789,2024-04-09,0.005061,2343.5,2024-04-09,0.003539,18359.75,2024-04-09,0.001333,5260.25,2024-04-09,-0.01311,4.366000175476074,2024-04-09,-0.013825,14.979999542236328,2024-04-09,-0.013884,85.2300033569336,2024-04-09,-0.034794,69139.015625,2024-04-09,-0.051452,3505.163330078125,2024-04-09,0.001009,151.84300231933594,2024-04-09,-0.058,2024-04-09,4.8e-05,4.8e-05,GOLD,0.4948,0.1741,neutral,calm,down,flat,down,retrospective_derived,2026-08-31T03:54:07Z
2024-04-10,0.010562,105.25,2024-04-10,-0.005931,2329.60009765625,2024-04-10,-0.008878,18196.75,2024-04-10,-0.009981,5207.75,2024-04-10,0.044434,4.559999942779541,2024-04-10,0.05474,15.800000190734863,2024-04-10,0.011498,86.20999908447266,2024-04-10,0.020956,70587.8828125,2024-04-10,0.011005,3543.737060546875,2024-04-10,-0.000435,151.77699279785156,2024-04-10,0.194,2024-04-10,0.001333,0.001333,GOLD,0.4426,0.0399,risk_off,calm,up,up,up,retrospective_derived,2026-08-31T03:54:07Z
2024-04-11,0.000285,105.27999877929688,2024-04-11,0.010817,2354.800048828125,2024-04-11,0.015841,18485.0,2024-04-11,0.006817,5243.25,2024-04-11,0.003509,4.576000213623047,2024-04-11,-0.056329,14.90999984741211,2024-04-11,-0.013804,85.0199966430664,2024-04-11,-0.00747,70060.609375,2024-04-11,-0.010861,3505.247802734375,2024-04-11,0.007821,152.96400451660156,2024-04-11,0.016,2024-04-11,-0.009981,-0.009981,VIX,0.5049,0.0661,risk_on,calm,flat,flat,down,retrospective_derived,2026-08-31T03:54:07Z
2024-04-12,0.007219,106.04000091552734,2024-04-12,0.000594,2356.199951171875,2024-04-12,-0.01654,18179.25,2024-04-12,-0.014447,5167.5,2024-04-12,-0.016827,4.499000072479248,2024-04-12,0.160966,17.309999465942383,2024-04-12,0.007528,85.66000366210938,2024-04-12,-0.040889,67195.8671875,2024-04-12,-0.074806,3243.034912109375,2024-04-12,0.001491,153.19200134277344,2024-04-12,-0.077,2024-04-12,0.006817,0.006817,VIX,0.6437,0.2445,risk_off,elevated,down,up,down,retrospective_derived,2026-08-31T03:54:07Z
2024-04-13,,,,,,,,,,,,,,,,,,,,,,-0.050217,63821.47265625,2024-04-13,-0.07343,3004.900390625,2024-04-13,,,,,2024-04-13,-0.014447,-0.014447,VIX,0.6392,0.2401,unknown,unknown,unknown,unknown,down,retrospective_derived,2026-08-31T03:54:07Z
2024-04-14,,,,,,,,,,,,,,,,,,,,,,0.030041,65738.7265625,2024-04-14,0.050598,3156.94189453125,2024-04-14,,,,,2024-04-14,0.0,-0.014447,VIX,0.6927,0.2728,unknown,unknown,unknown,unknown,up,retrospective_derived,2026-08-31T03:54:07Z
2024-04-15,0.001603,106.20999908447266,2024-04-15,0.004074,2365.800048828125,2024-04-15,-0.016667,17876.25,2024-04-15,-0.012288,5104.0,2024-04-15,0.028673,4.627999782562256,2024-04-15,0.110919,19.229999542236328,2024-04-15,-0.002919,85.41000366210938,2024-04-15,-0.035177,63426.2109375,2024-04-15,-0.01753,3101.600341796875,2024-04-15,0.000594,153.2830047607422,2024-04-15,,2024-04-15,0.0,-0.014447,VIX,0.7645,0.2826,risk_off,elevated,unknown,up,down,retrospective_derived,2026-08-31T03:54:07Z
2024-04-16,0.000471,106.26000213623048,2024-04-16,0.010567,2390.800048828125,2024-04-16,0.00028,17881.25,2024-04-16,-0.002253,5092.5,2024-04-16,0.006698,4.658999919891357,2024-04-16,-0.043162,18.399999618530277,2024-04-16,-0.000585,85.36000061035156,2024-04-16,0.00608,63811.86328125,2024-04-16,-0.005378,3084.920166015625,2024-04-16,0.006021,154.20599365234375,2024-04-16,0.031,2024-04-16,-0.012288,-0.012288,VIX,0.8037,0.3394,neutral,elevated,up,flat,up,retrospective_derived,2026-08-31T03:54:07Z
2024-04-17,-0.002917,105.9499969482422,2024-04-17,-0.007989,2371.699951171875,2024-04-17,-0.012457,17658.5,2024-04-17,-0.00594,5062.25,2024-04-17,-0.015883,4.585000038146973,2024-04-17,-0.010326,18.209999084472656,2024-04-17,-0.031279,82.69000244140625,2024-04-17,-0.039729,61276.69140625,2024-04-17,-0.032478,2984.7275390625,2024-04-17,0.003191,154.697998046875,2024-04-17,-0.074,2024-04-17,-0.002253,-0.002253,VIX,0.7403,0.2686,neutral,elevated,down,down,down,retrospective_derived,2026-08-31T03:54:07Z
2024-04-18,0.001888,106.1500015258789,2024-04-18,0.004469,2382.300048828125,2024-04-18,-0.0063,17547.25,2024-04-18,-0.002617,5049.0,2024-04-18,0.013522,4.646999835968018,2024-04-18,-0.011532,18.0,2024-04-18,0.000484,82.7300033569336,2024-04-18,0.036491,63512.75390625,2024-04-18,0.027239,3066.027587890625,2024-04-18,-0.002301,154.3419952392578,2024-04-18,0.062,2024-04-18,-0.00594,-0.00594,VIX,0.7025,0.2438,neutral,elevated,up,up,up,retrospective_derived,2026-08-31T03:54:07Z
2024-04-19,0.0,106.1500015258789,2024-04-19,0.006758,2398.39990234375,2024-04-19,-0.020886,17180.75,2024-04-19,-0.008962,5003.75,2024-04-19,-0.006886,4.614999771118164,2024-04-19,0.039444,18.709999084472656,2024-04-19,0.004956,83.13999938964844,2024-04-19,0.005209,63843.5703125,2024-04-19,-0.002201,3059.278564453125,2024-04-19,0.001736,154.61000061035156,2024-04-19,-0.032,2024-04-19,-0.002617,-0.002617,VIX,0.6676,0.2053,risk_off,elevated,down,flat,up,retrospective_derived,2026-08-31T03:54:07Z
2024-04-20,,,,,,,,,,,,,,,,,,,,,,0.018026,64994.44140625,2024-04-20,0.032148,3157.627197265625,2024-04-20,,,,,2024-04-20,-0.008962,-0.008962,VIX,0.6694,0.211,unknown,unknown,unknown,unknown,up,retrospective_derived,2026-08-31T03:54:07Z
2024-04-21,,,,,,,,,,,,,,,,,,,,,,-0.001043,64926.64453125,2024-04-21,-0.003274,3147.28857421875,2024-04-21,,,,,2024-04-21,0.0,-0.008962,VIX,0.6839,0.196,unknown,unknown,unknown,unknown,flat,retrospective_derived,2026-08-31T03:54:07Z
2024-04-22,-0.000659,106.08000183105467,2024-04-22,-0.027602,2332.199951171875,2024-04-22,0.009851,17350.0,2024-04-22,0.008743,5047.5,2024-04-22,0.001734,4.623000144958496,2024-04-22,-0.094602,16.940000534057617,2024-04-22,-0.003488,82.8499984741211,2024-04-22,0.029434,66837.6796875,2024-04-22,0.017273,3201.652099609375,2024-04-22,0.000194,154.63999938964844,2024-04-22,,2024-04-22,0.0,-0.008962,VIX,0.6303,0.2024,risk_on,elevated,unknown,flat,up,retrospective_derived,2026-08-31T03:54:07Z
2024-04-23,-0.003676,105.69000244140624,2024-04-23,-0.00193,2327.699951171875,2024-04-23,0.014798,17606.75,2024-04-23,0.011689,5106.5,2024-04-23,-0.005408,4.5980000495910645,2024-04-23,-0.07379,15.6899995803833,2024-04-23,0.006156,83.36000061035156,2024-04-23,-0.00644,66407.2734375,2024-04-23,0.005703,3219.91162109375,2024-04-23,0.001119,154.81300354003906,2024-04-23,-0.025,2024-04-23,0.008743,0.008743,VIX,0.6647,0.2197,risk_on,calm,down,down,down,retrospective_derived,2026-08-31T03:54:07Z
2024-04-24,0.001608,105.86000061035156,2024-04-24,-0.001375,2324.5,2024-04-24,0.00328,17664.5,2024-04-24,0.000196,5107.5,2024-04-24,0.011744,4.651999950408936,2024-04-24,0.017846,15.970000267028809,2024-04-24,-0.006598,82.80999755859375,2024-04-24,-0.03208,64276.8984375,2024-04-24,-0.024878,3139.80517578125,2024-04-24,-0.000446,154.74400329589844,2024-04-24,0.054,2024-04-24,0.011689,0.011689,VIX,0.647,0.2244,neutral,calm,up,up,down,retrospective_derived,2026-08-31T03:54:07Z
2024-04-25,-0.002456,105.5999984741211,2024-04-25,0.00228,2329.800048828125,2024-04-25,-0.005491,17567.5,2024-04-25,-0.004944,5082.25,2024-04-25,0.011608,4.705999851226807,2024-04-25,-0.03757,15.369999885559082,2024-04-25,0.009178,83.56999969482422,2024-04-25,0.003186,64481.70703125,2024-04-25,0.00532,3156.509521484375,2024-04-25,0.003328,155.25900268554688,2024-04-25,0.054,2024-04-25,0.000196,0.000196,VIX,0.681,0.2072,mixed,calm,up,down,up,retrospective_derived,2026-08-31T03:54:07Z
2024-04-26,0.00322,105.94000244140624,2024-04-26,0.002146,2334.800048828125,2024-04-26,0.015839,17845.75,2024-04-26,0.009691,5131.5,2024-04-26,-0.007862,4.669000148773193,2024-04-26,-0.022121,15.029999732971191,2024-04-26,0.00335,83.8499984741211,2024-04-26,-0.011265,63755.3203125,2024-04-26,-0.008346,3130.164794921875,2024-04-26,0.002177,155.5970001220703,2024-04-26,-0.037,2024-04-26,-0.004944,-0.004944,VIX,0.6329,0.1869,neutral,calm,down,up,down,retrospective_derived,2026-08-31T03:54:07Z
2024-04-27,,,,,,,,,,,,,,,,,,,,,,-0.005273,63419.140625,2024-04-27,0.038977,3252.168212890625,2024-04-27,,,,,2024-04-27,0.009691,0.009691,VIX,0.6255,0.1826,unknown,unknown,unknown,unknown,down,retrospective_derived,2026-08-31T03:54:07Z
2024-04-28,,,,,,,,,,,,,,,,,,,,,,-0.004824,63113.23046875,2024-04-28,0.003261,3262.774658203125,2024-04-28,,,,,2024-04-28,0.0,0.009691,VIX,0.6261,0.1451,unknown,unknown,unknown,unknown,down,retrospective_derived,2026-08-31T03:54:07Z
2024-04-29,-0.003398,105.58000183105467,2024-04-29,0.00454,2345.39990234375,2024-04-29,0.003278,17904.25,2024-04-29,0.003021,5147.0,2024-04-29,-0.01178,4.613999843597412,2024-04-29,-0.023952,14.670000076293944,2024-04-29,-0.01455,82.62999725341797,2024-04-29,0.011533,63841.12109375,2024-04-29,-0.014511,3215.428955078125,2024-04-29,0.016883,158.2239990234375,2024-04-29,,2024-04-29,0.0,0.009691,VIX,0.6527,0.1299,neutral,calm,unknown,down,up,retrospective_derived,2026-08-31T03:54:07Z
2024-04-30,0.006062,106.22000122070312,2024-04-30,-0.023024,2291.39990234375,2024-04-30,-0.018599,17571.25,2024-04-30,-0.015543,5067.0,2024-04-30,0.015605,4.685999870300293,2024-04-30,0.066803,15.649999618530272,2024-04-30,-0.008471,81.93000030517578,2024-04-30,-0.050191,60636.85546875,2024-04-30,-0.063177,3012.286865234375,2024-04-30,-0.012072,156.31399536132812,2024-04-30,0.072,2024-04-30,0.003021,0.003021,VIX,0.6696,0.0859,risk_off,calm,up,up,down,retrospective_derived,2026-08-31T03:54:07Z
2024-05-01,-0.004331,105.76000213623048,2024-05-01,0.00371,2299.89990234375,2024-05-01,-0.007569,17438.25,2024-05-01,-0.004046,5046.5,2024-05-01,-0.01942,4.59499979019165,2024-05-01,-0.016613,15.390000343322754,2024-05-01,-0.035762,79.0,2024-05-01,-0.039297,58254.01171875,2024-05-01,-0.01411,2969.78466796875,2024-05-01,0.009008,157.7220001220703,2024-05-01,-0.091,2024-05-01,-0.015543,-0.015543,VIX,0.6386,0.0727,neutral,calm,down,down,down,retrospective_derived,2026-08-31T03:54:07Z
2024-05-02,-0.004349,105.3000030517578,2024-05-02,-0.000304,2299.199951171875,2024-05-02,0.012129,17649.75,2024-05-02,0.008917,5091.5,2024-05-02,-0.005223,4.571000099182129,2024-05-02,-0.046134,14.68000030517578,2024-05-02,-0.000633,78.94999694824219,2024-05-02,0.014925,59123.43359375,2024-05-02,0.00619,2988.16845703125,2024-05-02,-0.012795,155.70399475097656,2024-05-02,-0.024,2024-05-02,-0.004046,-0.004046,VIX,0.5314,0.0048,risk_on,calm,down,down,up,retrospective_derived,2026-08-31T03:54:07Z
2024-05-03,-0.002564,105.02999877929688,2024-05-03,-8.7e-05,2299.0,2024-05-03,0.019887,18000.75,2024-05-03,0.012423,5154.75,2024-05-03,-0.015533,4.5,2024-05-03,-0.081063,13.489999771118164,2024-05-03,-0.01064,78.11000061035156,2024-05-03,0.063704,62889.8359375,2024-05-03,0.03861,3103.5419921875,2024-05-03,-0.017077,153.0449981689453,2024-05-03,-0.071,2024-05-03,0.008917,0.008917,NASDAQ,0.5873,0.006,risk_on,calm,down,down,up,retrospective_derived,2026-08-31T03:54:07Z
2024-05-04,,,,,,,,,,,,,,,,,,,,,,0.015927,63891.47265625,2024-05-04,0.004522,3117.576416015625,2024-05-04,,,,,2024-05-04,0.012423,0.012423,NASDAQ,0.581,0.0055,unknown,unknown,unknown,unknown,up,retrospective_derived,2026-08-31T03:54:07Z
2024-05-05,,,,,,,,,,,,,,,,,,,,,,0.002186,64031.1328125,2024-05-05,0.00631,3137.2490234375,2024-05-05,,,,,2024-05-05,0.0,0.012423,NASDAQ,0.5372,0.0031,unknown,unknown,unknown,unknown,up,retrospective_derived,2026-08-31T03:54:07Z
2024-05-06,0.00019,105.0500030517578,2024-05-06,0.00983,2321.60009765625,2024-05-06,0.010819,18195.5,2024-05-06,0.010039,5206.5,2024-05-06,-0.002444,4.488999843597412,2024-05-06,0.0,13.489999771118164,2024-05-06,0.004737,78.4800033569336,2024-05-06,-0.013574,63161.94921875,2024-05-06,-0.023753,3062.728759765625,2024-05-06,0.003404,153.5659942626953,2024-05-06,,2024-05-06,0.0,0.012423,NASDAQ,0.5598,0.0059,neutral,calm,unknown,flat,down,retrospective_derived,2026-08-31T03:54:07Z
2024-05-07,0.003427,105.41000366210938,2024-05-07,-0.002757,2315.199951171875,2024-05-07,0.00022,18199.5,2024-05-07,0.001392,5213.75,2024-05-07,-0.005792,4.4629998207092285,2024-05-07,-0.019274,13.229999542236328,2024-05-07,-0.001274,78.37999725341797,2024-05-07,-0.013095,62334.81640625,2024-05-07,-0.018334,3006.5771484375,2024-05-07,0.004369,154.23699951171875,2024-05-07,-0.026,2024-05-07,0.010039,0.010039,SPX,0.5359,0.0154,neutral,calm,down,up,down,retrospective_derived,2026-08-31T03:54:07Z
2024-05-08,0.001328,105.5500030517578,2024-05-08,-0.000691,2313.60009765625,2024-05-08,-0.000714,18186.5,2024-05-08,-0.000192,5212.75,2024-05-08,0.006498,4.492000102996826,2024-05-08,-0.017385,13.0,2024-05-08,0.007783,78.98999786376953,2024-05-08,-0.018399,61187.94140625,2024-05-08,-0.010949,2973.6572265625,2024-05-08,0.003313,154.7480010986328,2024-05-08,0.029,2024-05-08,0.001392,0.001392,SPX,0.5537,0.02,neutral,calm,up,flat,down,retrospective_derived,2026-08-31T03:54:07Z
2024-05-09,-0.003032,105.2300033569336,2024-05-09,0.007996,2332.10009765625,2024-05-09,0.00154,18214.5,2024-05-09,0.005036,5239.0,2024-05-09,-0.009573,4.448999881744385,2024-05-09,-0.023846,12.6899995803833,2024-05-09,0.003418,79.26000213623047,2024-05-09,0.030431,63049.9609375,2024-05-09,0.020972,3036.0205078125,2024-05-09,0.004336,155.41900634765625,2024-05-09,-0.043,2024-05-09,-0.000192,-0.000192,SPX,0.5861,0.0508,neutral,calm,down,down,up,retrospective_derived,2026-08-31T03:54:07Z
2024-05-10,0.00076,105.30999755859376,2024-05-10,0.015094,2367.300048828125,2024-05-10,0.002224,18255.0,2024-05-10,0.001384,5246.25,2024-05-10,0.012362,4.504000186920166,2024-05-10,-0.011032,12.550000190734863,2024-05-10,-0.012617,78.26000213623047,2024-05-10,-0.0358,60792.77734375,2024-05-10,-0.041577,2909.791259765625,2024-05-10,-0.000193,155.38900756835938,2024-05-10,0.055,2024-05-10,0.005036,0.005036,SPX,0.5442,0.0459,neutral,calm,up,flat,down,retrospective_derived,2026-08-31T03:54:07Z
2024-05-11,,,,,,,,,,,,,,,,,,,,,,1.5e-05,60793.7109375,2024-05-11,0.000622,2911.60205078125,2024-05-11,,,,,2024-05-11,0.001384,0.001384,SPX,0.5379,0.0455,unknown,unknown,unknown,unknown,flat,retrospective_derived,2026-08-31T03:54:07Z
2024-05-12,,,,,,,,,,,,,,,,,,,,,,0.010769,61448.39453125,2024-05-12,0.005873,2928.701904296875,2024-05-12,,,,,2024-05-12,0.0,0.001384,SPX,0.5575,0.0218,unknown,unknown,unknown,unknown,up,retrospective_derived,2026-08-31T03:54:07Z
2024-05-13,-0.000855,105.22000122070312,2024-05-13,-0.01318,2336.10009765625,2024-05-13,0.002219,18295.5,2024-05-13,-0.000143,5245.5,2024-05-13,-0.005107,4.480999946594238,2024-05-13,0.083665,13.600000381469728,2024-05-13,0.010989,79.12000274658203,2024-05-13,0.023647,62901.44921875,2024-05-13,0.007054,2949.359619140625,2024-05-13,0.002761,155.8179931640625,2024-05-13,,2024-05-13,0.0,0.001384,DXY,0.4653,0.006,neutral,calm,unknown,flat,up,retrospective_derived,2026-08-31T03:54:07Z
2024-05-14,-0.001996,105.01000213623048,2024-05-14,0.007405,2353.39990234375,2024-05-14,0.006532,18415.0,2024-05-14,0.004575,5269.5,2024-05-14,-0.008034,4.445000171661377,2024-05-14,-0.013235,13.420000076293944,2024-05-14,-0.013903,78.0199966430664,2024-05-14,-0.021441,61552.7890625,2024-05-14,-0.023124,2881.157958984375,2024-05-14,0.002663,156.23300170898438,2024-05-14,-0.036,2024-05-14,-0.000143,-0.000143,SPX,0.4807,0.0162,neutral,calm,down,down,down,retrospective_derived,2026-08-31T03:54:07Z
2024-05-15,-0.006285,104.3499984741211,2024-05-15,0.015,2388.699951171875,2024-05-15,0.015029,18691.75,2024-05-15,0.01205,5333.0,2024-05-15,-0.020023,4.355999946594238,2024-05-15,-0.07228,12.449999809265137,2024-05-15,0.007819,78.62999725341797,2024-05-15,0.076596,66267.4921875,2024-05-15,0.05411,3037.056640625,2024-05-15,0.001696,156.4980010986328,2024-05-15,-0.089,2024-05-15,0.004575,0.004575,DXY,0.6196,0.022,risk_on,calm,down,down,up,retrospective_derived,2026-08-31T03:54:07Z
2024-05-16,0.001054,104.45999908447266,2024-05-16,-0.003642,2380.0,2024-05-16,-0.002234,18650.0,2024-05-16,-0.002391,5320.25,2024-05-16,0.004821,4.376999855041504,2024-05-16,-0.00241,12.420000076293944,2024-05-16,0.007631,79.2300033569336,2024-05-16,-0.015632,65231.58203125,2024-05-16,-0.030268,2945.131103515625,2024-05-16,-0.01416,154.28199768066406,2024-05-16,0.021,2024-05-16,0.01205,0.01205,DXY,0.6705,0.0999,neutral,calm,up,flat,down,retrospective_derived,2026-08-31T03:54:07Z
2024-05-17,-9.6e-05,104.4499969482422,2024-05-17,0.013529,2412.199951171875,2024-05-17,-0.000791,18635.25,2024-05-17,0.001316,5327.25,2024-05-17,0.009824,4.420000076293945,2024-05-17,-0.034622,11.989999771118164,2024-05-17,0.010476,80.05999755859375,2024-05-17,0.027905,67051.875,2024-05-17,0.050588,3094.11865234375,2024-05-17,0.00711,155.37899780273438,2024-05-17,0.043,2024-05-17,-0.002391,-0.002391,DXY,0.6008,0.0278,neutral,calm,up,flat,up,retrospective_derived,2026-08-31T03:54:07Z
2024-05-18,,,,,,,,,,,,,,,,,,,,,,-0.001656,66940.8046875,2024-05-18,0.009318,3122.948974609375,2024-05-18,,,,,2024-05-18,0.001316,0.001316,DXY,0.6009,0.0305,unknown,unknown,unknown,unknown,down,retrospective_derived,2026-08-31T03:54:07Z
2024-05-19,,,,,,,,,,,,,,,,,,,,,,-0.009896,66278.3671875,2024-05-19,-0.016365,3071.843017578125,2024-05-19,,,,,2024-05-19,0.0,0.001316,DXY,0.5798,0.003,unknown,unknown,unknown,unknown,down,retrospective_derived,2026-08-31T03:54:07Z
2024-05-20,0.001149,104.56999969482422,2024-05-20,0.008996,2433.89990234375,2024-05-20,0.006855,18763.0,2024-05-20,0.000845,5331.75,2024-05-20,0.003846,4.436999797821045,2024-05-20,0.013344,12.149999618530272,2024-05-20,-0.003247,79.80000305175781,2024-05-20,0.078002,71448.1953125,2024-05-20,0.192722,3663.85546875,2024-05-20,0.002413,155.75399780273438,2024-05-20,,2024-05-20,0.0,0.001316,BTC,0.425,0.0324,neutral,calm,unknown,flat,up,retrospective_derived,2026-08-31T03:54:07Z
2024-05-21,0.000861,104.66000366210938,2024-05-21,-0.005013,2421.699951171875,2024-05-21,0.001932,18799.25,2024-05-21,0.002532,5345.25,2024-05-21,-0.005184,4.414000034332275,2024-05-21,-0.023868,11.859999656677246,2024-05-21,-0.006767,79.26000213623047,2024-05-21,-0.018358,70136.53125,2024-05-21,0.034242,3789.312744140625,2024-05-21,0.003955,156.3699951171875,2024-05-21,-0.023,2024-05-21,0.000845,0.000845,BTC,0.4194,0.0121,neutral,calm,down,flat,down,retrospective_derived,2026-08-31T03:54:07Z
2024-05-22,0.002675,104.94000244140624,2024-05-22,-0.01342,2389.199951171875,2024-05-22,-0.000665,18786.75,2024-05-22,-0.003227,5328.0,2024-05-22,0.004531,4.434000015258789,2024-05-22,0.036256,12.289999961853027,2024-05-22,-0.021322,77.56999969482422,2024-05-22,-0.01446,69122.3359375,2024-05-22,-0.013748,3737.2177734375,2024-05-22,-0.000761,156.25100708007812,2024-05-22,0.02,2024-05-22,0.002532,0.002532,BTC,0.4582,0.0743,risk_off,calm,flat,up,down,retrospective_derived,2026-08-31T03:54:07Z
2024-05-23,0.00162,105.11000061035156,2024-05-23,-0.022685,2335.0,2024-05-23,-0.004817,18696.25,2024-05-23,-0.008024,5285.25,2024-05-23,0.009247,4.474999904632568,2024-05-23,0.039056,12.770000457763672,2024-05-23,-0.009024,76.87000274658203,2024-05-23,-0.017256,67929.5625,2024-05-23,0.010625,3776.92724609375,2024-05-23,0.002899,156.70399475097656,2024-05-23,0.041,2024-05-23,-0.003227,-0.003227,GOLD,0.615,0.2052,risk_off,calm,up,up,down,retrospective_derived,2026-08-31T03:54:07Z
2024-05-24,-0.00371,104.72000122070312,2024-05-24,-0.001071,2332.5,2024-05-24,0.009614,18876.0,2024-05-24,0.006859,5321.5,2024-05-24,-0.001788,4.4670000076293945,2024-05-24,-0.065779,11.93000030517578,2024-05-24,0.011058,77.72000122070312,2024-05-24,0.008782,68526.1015625,2024-05-24,-0.013236,3726.9345703125,2024-05-24,0.001717,156.97300720214844,2024-05-24,-0.008,2024-05-24,-0.008024,-0.008024,GOLD,0.5394,0.1449,risk_on,calm,flat,down,up,retrospective_derived,2026-08-31T03:54:07Z
2024-05-25,,,,,,,,,,,,,,,,,,,,,,0.010797,69265.9453125,2024-05-25,0.005984,3749.236572265625,2024-05-25,,,,,2024-05-25,0.006859,0.006859,GOLD,0.533,0.1257,unknown,unknown,unknown,unknown,up,retrospective_derived,2026-08-31T03:54:07Z
2024-05-26,,,,,,,,,,,,,,,,,,,,,,-0.010797,68518.09375,2024-05-26,0.020447,3825.8974609375,2024-05-26,,,,,2024-05-26,0.0,0.006859,GOLD,0.5392,0.1019,unknown,unknown,unknown,unknown,down,retrospective_derived,2026-08-31T03:54:07Z
2024-05-27,,,,,,,,,,,,,,,,,,,,,,0.012792,69394.5546875,2024-05-27,0.017279,3892.0068359375,2024-05-27,-0.000656,156.8699951171875,2024-05-27,,2024-05-27,0.0,0.006859,GOLD,0.5738,0.1326,unknown,unknown,unknown,unknown,up,retrospective_derived,2026-08-31T03:54:07Z
2024-05-28,-0.00105,104.61000061035156,2024-05-28,0.009732,2355.199951171875,2024-05-28,0.003417,18940.5,2024-05-28,0.000611,5324.75,2024-05-28,0.01679,4.541999816894531,2024-05-28,0.082984,12.920000076293944,2024-05-28,0.027149,79.83000183105469,2024-05-28,-0.015827,68296.21875,2024-05-28,-0.013297,3840.25634765625,2024-05-28,-0.000159,156.84500122070312,2024-05-28,,2024-05-28,0.0,0.006859,GOLD,0.5457,0.1203,neutral,calm,unknown,flat,down,retrospective_derived,2026-08-31T03:54:07Z
2024-05-29,0.004684,105.0999984741211,2024-05-29,-0.006326,2340.300048828125,2024-05-29,-0.007273,18802.75,2024-05-29,-0.007653,5284.0,2024-05-29,0.018054,4.624000072479248,2024-05-29,0.105263,14.279999732971191,2024-05-29,-0.007516,79.2300033569336,2024-05-29,-0.010515,67578.09375,2024-05-29,-0.020066,3763.196533203125,2024-05-29,0.002659,157.26199340820312,2024-05-29,0.082,2024-05-29,0.000611,0.000611,GOLD,0.5371,0.086,risk_off,calm,up,up,down,retrospective_derived,2026-08-31T03:54:07Z
2024-05-30,-0.003616,104.72000122070312,2024-05-30,0.001111,2342.89990234375,2024-05-30,-0.010437,18606.5,2024-05-30,-0.005867,5253.0,2024-05-30,-0.015138,4.553999900817871,2024-05-30,0.013305,14.470000267028809,2024-05-30,-0.01666,77.91000366210938,2024-05-30,0.011644,68364.9921875,2024-05-30,-0.004344,3746.849609375,2024-05-30,0.0022,157.60800170898438,2024-05-30,-0.07,2024-05-30,-0.007653,-0.007653,GOLD,0.5682,0.1133,neutral,calm,down,down,up,retrospective_derived,2026-08-31T03:54:07Z
2024-05-31,-0.000477,104.66999816894533,2024-05-31,-0.008536,2322.89990234375,2024-05-31,-0.000833,18591.0,2024-05-31,0.008091,5295.5,2024-05-31,-0.008783,4.513999938964844,2024-05-31,-0.107118,12.920000076293944,2024-05-31,-0.011809,76.98999786376953,2024-05-31,-0.012778,67491.4140625,2024-05-31,0.003517,3760.026611328125,2024-05-31,-0.004156,156.9530029296875,2024-05-31,-0.04,2024-05-31,-0.005867,-0.005867,GOLD,0.5212,0.0849,risk_on,calm,down,flat,down,retrospective_derived,2026-08-31T03:54:07Z
2024-06-01,,,,,,,,,,,,,,,,,,,,,,0.003193,67706.9375,2024-06-01,0.014141,3813.198974609375,2024-06-01,,,,,2024-06-01,0.008091,0.008091,GOLD,0.5224,0.0911,unknown,unknown,unknown,unknown,up,retrospective_derived,2026-08-31T03:54:07Z
2024-06-02,,,,,,,,,,,,,,,,,,,,,,0.00066,67751.6015625,2024-06-02,-0.008471,3780.89599609375,2024-06-02,,,,,2024-06-02,0.0,0.008091,GOLD,0.5492,0.1257,unknown,unknown,unknown,unknown,flat,retrospective_derived,2026-08-31T03:54:07Z
2024-06-03,-0.005064,104.13999938964844,2024-06-03,0.010203,2346.60009765625,2024-06-03,0.002972,18646.25,2024-06-03,0.00033,5297.25,2024-06-03,-0.024812,4.401999950408936,2024-06-03,0.014706,13.109999656677246,2024-06-03,-0.035979,74.22000122070312,2024-06-03,0.015545,68804.78125,2024-06-03,-0.003837,3766.38916015625,2024-06-03,0.001446,157.17999267578125,2024-06-03,,2024-06-03,0.0,0.008091,GOLD,0.5401,0.1209,neutral,calm,unknown,down,up,retrospective_derived,2026-08-31T03:54:07Z
2024-06-04,-0.000288,104.11000061035156,2024-06-04,-0.008992,2325.5,2024-06-04,0.002936,18701.0,2024-06-04,0.001274,5304.0,2024-06-04,-0.014993,4.335999965667725,2024-06-04,0.003814,13.15999984741211,2024-06-04,-0.013069,73.25,2024-06-04,0.025623,70567.765625,2024-06-04,0.012247,3812.515869140625,2024-06-04,-0.007024,156.0760040283203,2024-06-04,-0.066,2024-06-04,0.00033,0.00033,GOLD,0.3676,0.0641,neutral,calm,down,flat,up,retrospective_derived,2026-08-31T03:54:07Z
2024-06-05,0.001537,104.2699966430664,2024-06-05,0.012298,2354.10009765625,2024-06-05,0.019959,19074.25,2024-06-05,0.011689,5366.0,2024-06-05,-0.010839,4.289000034332275,2024-06-05,-0.040274,12.630000114440918,2024-06-05,0.011195,74.06999969482422,2024-06-05,0.007299,71082.8203125,2024-06-05,0.013572,3864.260986328125,2024-06-05,-0.0061,155.12399291992188,2024-06-05,-0.047,2024-06-05,0.001274,0.001274,GOLD,0.4166,0.0554,risk_on,calm,down,up,up,retrospective_derived,2026-08-31T03:54:07Z
2024-06-06,-0.00163,104.0999984741211,2024-06-06,0.006882,2370.300048828125,2024-06-06,-0.000734,19060.25,2024-06-06,-0.000373,5364.0,2024-06-06,-0.001865,4.281000137329102,2024-06-06,-0.003959,12.579999923706056,2024-06-06,0.019981,75.55000305175781,2024-06-06,-0.004581,70757.1640625,2024-06-06,-0.013626,3811.60595703125,2024-06-06,0.005189,155.9290008544922,2024-06-06,-0.008,2024-06-06,0.011689,0.011689,GOLD,0.3709,0.0203,neutral,calm,flat,down,down,retrospective_derived,2026-08-31T03:54:07Z
2024-06-07,0.007589,104.88999938964844,2024-06-07,-0.027465,2305.199951171875,2024-06-07,-0.00118,19037.75,2024-06-07,-0.001538,5355.75,2024-06-07,0.034805,4.429999828338623,2024-06-07,-0.028617,12.220000267028809,2024-06-07,-0.000265,75.52999877929688,2024-06-07,-0.019992,69342.5859375,2024-06-07,-0.034887,3678.629150390625,2024-06-07,-0.001488,155.69700622558594,2024-06-07,0.149,2024-06-07,-0.000373,-0.000373,GOLD,0.49,0.0758,neutral,calm,up,up,down,retrospective_derived,2026-08-31T03:54:07Z
2024-06-08,,,,,,,,,,,,,,,,,,,,,,-0.000531,69305.7734375,2024-06-08,0.000631,3680.949951171875,2024-06-08,,,,,2024-06-08,-0.001538,-0.001538,GOLD,0.4875,0.0764,unknown,unknown,unknown,unknown,flat,retrospective_derived,2026-08-31T03:54:07Z
2024-06-09,,,,,,,,,,,,,,,,,,,,,,0.004938,69647.9921875,2024-06-09,0.006779,3705.90380859375,2024-06-09,,,,,2024-06-09,0.0,-0.001538,US10Y,0.5514,0.0818,unknown,unknown,unknown,unknown,up,retrospective_derived,2026-08-31T03:54:07Z
2024-06-10,0.002479,105.1500015258789,2024-06-10,0.001085,2307.699951171875,2024-06-10,0.003782,19109.75,2024-06-10,0.002894,5371.25,2024-06-10,0.008804,4.468999862670898,2024-06-10,0.042553,12.739999771118164,2024-06-10,0.02926,77.73999786376953,2024-06-10,-0.001949,69512.28125,2024-06-10,-0.010574,3666.717529296875,2024-06-10,0.007296,156.83299255371094,2024-06-10,,2024-06-10,0.0,-0.001538,US10Y,0.592,0.1126,neutral,calm,unknown,up,down,retrospective_derived,2026-08-31T03:54:07Z
2024-06-11,0.000761,105.2300033569336,2024-06-11,-8.7e-05,2307.5,2024-06-11,0.006934,19242.25,2024-06-11,0.002374,5384.0,2024-06-11,-0.014545,4.40399980545044,2024-06-11,0.008634,12.850000381469728,2024-06-11,0.002058,77.9000015258789,2024-06-11,-0.031365,67332.03125,2024-06-11,-0.045923,3498.33056640625,2024-06-11,0.00132,157.0399932861328,2024-06-11,-0.065,2024-06-11,0.002894,0.002894,US10Y,0.5359,0.1451,neutral,calm,down,flat,down,retrospective_derived,2026-08-31T03:54:07Z
2024-06-12,-0.005512,104.6500015258789,2024-06-12,0.012351,2336.0,2024-06-12,0.013213,19496.5,2024-06-12,0.008079,5427.5,2024-06-12,-0.02475,4.295000076293945,2024-06-12,-0.063035,12.039999961853027,2024-06-12,0.007702,78.5,2024-06-12,0.013503,68241.1875,2024-06-12,0.017519,3559.61767578125,2024-06-12,0.000414,157.10499572753906,2024-06-12,-0.109,2024-06-12,0.002374,0.002374,US10Y,0.6462,0.1558,risk_on,calm,down,down,up,retrospective_derived,2026-08-31T03:54:07Z
2024-06-13,0.005256,105.1999969482422,2024-06-13,-0.015325,2300.199951171875,2024-06-13,0.005437,19602.5,2024-06-13,0.002027,5438.5,2024-06-13,-0.013271,4.23799991607666,2024-06-13,-0.008306,11.9399995803833,2024-06-13,0.001529,78.62000274658203,2024-06-13,-0.021758,66756.3984375,2024-06-13,-0.025378,3469.28125,2024-06-13,-0.001941,156.8000030517578,2024-06-13,-0.057,2024-06-13,0.008079,0.008079,US10Y,0.6425,0.1579,neutral,calm,down,up,down,retrospective_derived,2026-08-31T03:54:07Z
2024-06-14,0.003327,105.5500030517578,2024-06-14,0.013564,2331.39990234375,2024-06-14,0.004234,19685.5,2024-06-14,-0.000184,5437.5,2024-06-14,-0.005899,4.2129998207092285,2024-06-14,0.060302,12.65999984741211,2024-06-14,-0.002162,78.44999694824219,2024-06-14,-0.011165,66011.09375,2024-06-14,0.003168,3480.27197265625,2024-06-14,0.002092,157.1280059814453,2024-06-14,-0.025,2024-06-14,0.002027,0.002027,US10Y,0.601,0.139,neutral,calm,down,up,down,retrospective_derived,2026-08-31T03:54:07Z
2024-06-15,,,,,,,,,,,,,,,,,,,,,,0.002725,66191.0,2024-06-15,0.024503,3565.549560546875,2024-06-15,,,,,2024-06-15,-0.000184,-0.000184,US10Y,0.6025,0.1457,unknown,unknown,unknown,unknown,up,retrospective_derived,2026-08-31T03:54:07Z
2024-06-16,,,,,,,,,,,,,,,,,,,,,,0.006769,66639.046875,2024-06-16,0.015429,3620.5634765625,2024-06-16,,,,,2024-06-16,0.0,-0.000184,US10Y,0.6025,0.1457,unknown,unknown,unknown,unknown,up,retrospective_derived,2026-08-31T03:54:07Z
2024-06-17,-0.002179,105.31999969482422,2024-06-17,-0.00815,2312.39990234375,2024-06-17,0.011976,19921.25,2024-06-17,0.00754,5478.5,2024-06-17,0.015666,4.27899980545044,2024-06-17,0.007109,12.75,2024-06-17,0.023964,80.33000183105469,2024-06-17,-0.002232,66490.296875,2024-06-17,-0.030157,3511.37890625,2024-06-17,0.00266,157.54600524902344,2024-06-17,,2024-06-17,0.0,-0.000184,US10Y,0.5682,0.0927,neutral,calm,unknown,down,down,retrospective_derived,2026-08-31T03:54:07Z
2024-06-18,-0.00057,105.26000213623048,2024-06-18,0.007784,2330.39990234375,2024-06-18,-0.0001,19919.25,2024-06-18,0.002282,5491.0,2024-06-18,-0.014489,4.2170000076293945,2024-06-18,-0.035294,12.300000190734863,2024-06-18,0.015436,81.56999969482422,2024-06-18,-0.020297,65140.74609375,2024-06-18,-0.007888,3483.681396484375,2024-06-18,0.000977,157.6999969482422,2024-06-18,-0.062,2024-06-18,0.00754,0.00754,US10Y,0.4597,0.0457,neutral,calm,down,flat,down,retrospective_derived,2026-08-31T03:54:07Z
2024-06-19,,,,,,,,,,,,,,,,,,,,,,-0.00277,64960.296875,2024-06-19,0.02172,3559.347412109375,2024-06-19,0.001084,157.87100219726562,2024-06-19,,2024-06-19,0.002282,0.002282,US10Y,0.4917,0.0251,unknown,unknown,unknown,unknown,down,retrospective_derived,2026-08-31T03:54:07Z
2024-06-20,0.003135,105.58999633789062,2024-06-20,0.010041,2353.800048828125,2024-06-20,-0.007832,19763.25,2024-06-20,-0.002595,5476.75,2024-06-20,0.008774,4.254000186920166,2024-06-20,0.079675,13.279999732971191,2024-06-20,0.007356,82.16999816894531,2024-06-20,-0.002026,64828.65625,2024-06-20,-0.013559,3511.0869140625,2024-06-20,0.000551,157.95799255371094,2024-06-20,,2024-06-20,0.0,0.002282,US10Y,0.5247,0.0587,neutral,calm,unknown,up,down,retrospective_derived,2026-08-31T03:54:07Z
2024-06-21,0.001989,105.8000030517578,2024-06-21,-0.015889,2316.39990234375,2024-06-21,-0.000808,19747.2890625,2024-06-21,-0.000887,5471.89013671875,2024-06-21,0.000705,4.256999969482422,2024-06-21,-0.006024,13.199999809265137,2024-06-21,-0.017525,80.7300033569336,2024-06-21,-0.011298,64096.19921875,2024-06-21,0.001421,3516.07568359375,2024-06-21,0.00616,158.93099975585938,2024-06-21,0.003,2024-06-21,-0.002595,-0.002595,US10Y,0.4817,0.0434,neutral,calm,flat,up,down,retrospective_derived,2026-08-31T03:54:07Z
2024-06-22,,,,,,,,,,,,,,,,,,,,,,0.00244,64252.578125,2024-06-22,-0.006047,3494.8134765625,2024-06-22,,,,,2024-06-22,-0.000887,-0.000887,US10Y,0.4841,0.0506,unknown,unknown,unknown,unknown,up,retrospective_derived,2026-08-31T03:54:07Z
2024-06-23,,,,,,,,,,,,,,,,,,,,,,-0.016681,63180.796875,2024-06-23,-0.021804,3418.61181640625,2024-06-23,,,,,2024-06-23,0.0,-0.000887,DXY,0.4416,0.0013,unknown,unknown,unknown,unknown,down,retrospective_derived,2026-08-31T03:54:07Z
2024-06-24,-0.003119,105.47000122070312,2024-06-24,0.005871,2330.0,2024-06-24,0.000175,19750.75,2024-06-24,0.008244,5517.0,2024-06-24,-0.002114,4.248000144958496,2024-06-24,0.009848,13.329999923706056,2024-06-24,0.011148,81.62999725341797,2024-06-24,-0.045954,60277.4140625,2024-06-24,-0.019995,3350.25634765625,2024-06-24,0.005852,159.86099243164062,2024-06-24,,2024-06-24,0.0,-0.000887,DXY,0.4541,0.0039,neutral,calm,unknown,down,down,retrospective_derived,2026-08-31T03:54:07Z
2024-06-25,0.001327,105.61000061035156,2024-06-25,-0.005751,2316.60009765625,2024-06-25,0.011215,19972.25,2024-06-25,0.003625,5537.0,2024-06-25,-0.002354,4.23799991607666,2024-06-25,-0.036759,12.84000015258789,2024-06-25,-0.0098,80.83000183105469,2024-06-25,0.025337,61804.640625,2024-06-25,0.013364,3395.029052734375,2024-06-25,-0.001095,159.68600463867188,2024-06-25,-0.01,2024-06-25,0.008244,0.008244,DXY,0.4938,0.1031,risk_on,calm,flat,flat,up,retrospective_derived,2026-08-31T03:54:07Z
2024-06-26,0.004166,106.0500030517578,2024-06-26,-0.007511,2299.199951171875,2024-06-26,0.002015,20012.5,2024-06-26,0.001174,5543.5,2024-06-26,0.018405,4.315999984741211,2024-06-26,-0.022586,12.550000190734863,2024-06-26,0.000866,80.9000015258789,2024-06-26,-0.016073,60811.27734375,2024-06-26,-0.007526,3369.477294921875,2024-06-26,0.0,159.68600463867188,2024-06-26,0.078,2024-06-26,0.003625,0.003625,DXY,0.5267,0.1265,neutral,calm,up,up,down,retrospective_derived,2026-08-31T03:54:07Z
2024-06-27,-0.00132,105.91000366210938,2024-06-27,0.011004,2324.5,2024-06-27,0.001349,20039.5,2024-06-27,0.000451,5546.0,2024-06-27,-0.006487,4.288000106811523,2024-06-27,-0.024701,12.239999771118164,2024-06-27,0.010383,81.73999786376953,2024-06-27,0.013049,61604.80078125,2024-06-27,0.022355,3444.800537109375,2024-06-27,0.005855,160.62100219726562,2024-06-27,-0.028,2024-06-27,0.001174,0.001174,DXY,0.3881,0.107,neutral,calm,down,flat,up,retrospective_derived,2026-08-31T03:54:07Z
2024-06-28,-0.000378,105.87000274658205,2024-06-28,0.001377,2327.699951171875,2024-06-28,-0.005601,19927.25,2024-06-28,-0.004418,5521.5,2024-06-28,0.012826,4.3429999351501465,2024-06-28,0.01634,12.4399995803833,2024-06-28,-0.002447,81.54000091552734,2024-06-28,-0.020853,60320.13671875,2024-06-28,-0.020659,3373.635986328125,2024-06-28,0.000411,160.68699645996094,2024-06-28,0.055,2024-06-28,0.000451,0.000451,DXY,0.3236,0.0544,neutral,calm,up,flat,down,retrospective_derived,2026-08-31T03:54:07Z
2024-06-29,,,,,,,,,,,,,,,,,,,,,,0.009404,60887.37890625,2024-06-29,-0.000198,3372.9677734375,2024-06-29,,,,,2024-06-29,-0.004418,-0.004418,DXY,0.3242,0.0564,unknown,unknown,unknown,unknown,up,retrospective_derived,2026-08-31T03:54:07Z
2024-06-30,,,,,,,,,,,,,,,,,,,,,,0.029414,62678.29296875,2024-06-30,0.017765,3432.88916015625,2024-06-30,,,,,2024-06-30,0.0,-0.004418,DXY,0.361,0.1029,unknown,unknown,unknown,unknown,up,retrospective_derived,2026-08-31T03:54:07Z
2024-07-01,0.000283,105.9000015258789,2024-07-01,-4.3e-05,2327.60009765625,2024-07-01,0.00626,20052.0,2024-07-01,0.002219,5533.75,2024-07-01,0.031315,4.479000091552734,2024-07-01,-0.017685,12.220000267028809,2024-07-01,0.022566,83.37999725341797,2024-07-01,0.002771,62851.98046875,2024-07-01,0.002171,3440.341552734375,2024-07-01,0.001369,160.90699768066406,2024-07-01,,2024-07-01,0.0,-0.004418,DXY,0.3531,0.0894,neutral,calm,unknown,flat,up,retrospective_derived,2026-08-31T03:54:07Z
2024-07-02,-0.0017,105.72000122070312,2024-07-02,-0.001976,2323.0,2024-07-02,0.010136,20255.25,2024-07-02,0.006325,5568.75,2024-07-02,-0.0096,4.435999870300293,2024-07-02,-0.015548,12.029999732971191,2024-07-02,-0.006836,82.80999755859375,2024-07-02,-0.013094,62029.015625,2024-07-02,-0.006972,3416.354736328125,2024-07-02,0.00376,161.51199340820312,2024-07-02,-0.043,2024-07-02,0.002219,0.002219,GOLD,0.2529,0.0233,neutral,calm,down,down,down,retrospective_derived,2026-08-31T03:54:07Z
2024-07-03,-0.003027,105.4000015258789,2024-07-03,0.015842,2359.800048828125,2024-07-03,0.007714,20411.5,2024-07-03,0.003861,5590.25,2024-07-03,-0.01826,4.355000019073486,2024-07-03,0.004988,12.09000015258789,2024-07-03,0.012921,83.87999725341797,2024-07-03,-0.029907,60173.921875,2024-07-03,-0.036131,3292.916748046875,2024-07-03,-5e-05,161.50399780273438,2024-07-03,-0.081,2024-07-03,0.006325,0.006325,DXY,0.295,0.0334,neutral,calm,down,down,down,retrospective_derived,2026-08-31T03:54:07Z
2024-07-04,,,,,,,,,,,,,,,,,,,,,,-0.053116,56977.703125,2024-07-04,-0.072396,3054.52197265625,2024-07-04,0.000724,161.62100219726562,2024-07-04,,2024-07-04,0.003861,0.003861,DXY,0.2952,0.0183,unknown,unknown,unknown,unknown,down,retrospective_derived,2026-08-31T03:54:07Z
2024-07-05,-0.004934,104.87999725341795,2024-07-05,0.012162,2388.5,2024-07-05,0.010252,20620.75,2024-07-05,0.00559,5621.5,2024-07-05,-0.019059,4.271999835968018,2024-07-05,0.032258,12.479999542236328,2024-07-05,-0.008584,83.16000366210938,2024-07-05,-0.005534,56662.375,2024-07-05,-0.023874,2981.5986328125,2024-07-05,-0.001627,161.35800170898438,2024-07-05,,2024-07-05,0.0,0.003861,DXY,0.3049,0.0155,mixed,calm,unknown,down,down,retrospective_derived,2026-08-31T03:54:07Z
2024-07-06,,,,,,,,,,,,,,,,,,,,,,0.028964,58303.5390625,2024-07-06,0.02944,3069.3779296875,2024-07-06,,,,,2024-07-06,0.00559,0.00559,DXY,0.3023,0.0122,unknown,unknown,unknown,unknown,up,retrospective_derived,2026-08-31T03:54:07Z
2024-07-07,,,,,,,,,,,,,,,,,,,,,,-0.042097,55849.109375,2024-07-07,-0.045609,2929.38720703125,2024-07-07,,,,,2024-07-07,0.0,0.00559,GOLD,0.343,0.0368,unknown,unknown,unknown,unknown,down,retrospective_derived,2026-08-31T03:54:07Z
2024-07-08,0.00124,105.01000213623048,2024-07-08,-0.013942,2355.199951171875,2024-07-08,0.001891,20659.75,2024-07-08,0.000667,5625.25,2024-07-08,-0.000702,4.269000053405762,2024-07-08,-0.008814,12.369999885559082,2024-07-08,-0.009981,82.33000183105469,2024-07-08,0.015327,56705.09765625,2024-07-08,0.030499,3018.73193359375,2024-07-08,-0.004462,160.63800048828125,2024-07-08,,2024-07-08,0.0,0.00559,GOLD,0.3847,0.046,neutral,calm,unknown,flat,up,retrospective_derived,2026-08-31T03:54:07Z
2024-07-09,0.001048,105.12000274658205,2024-07-09,0.002081,2360.10009765625,2024-07-09,0.000908,20678.5,2024-07-09,0.001067,5631.25,2024-07-09,0.007262,4.300000190734863,2024-07-09,0.011318,12.510000228881836,2024-07-09,-0.011175,81.41000366210938,2024-07-09,0.022998,58009.2265625,2024-07-09,0.015007,3064.032958984375,2024-07-09,0.001363,160.85699462890625,2024-07-09,0.031,2024-07-09,0.000667,0.000667,GOLD,0.3484,0.0179,neutral,calm,up,flat,up,retrospective_derived,2026-08-31T03:54:07Z
2024-07-10,-0.000666,105.0500030517578,2024-07-10,0.005127,2372.199951171875,2024-07-10,0.0107,20899.75,2024-07-10,0.010078,5688.0,2024-07-10,-0.004651,4.28000020980835,2024-07-10,0.027178,12.850000381469728,2024-07-10,0.008476,82.0999984741211,2024-07-10,-0.004598,57742.49609375,2024-07-10,0.012463,3102.21875,2024-07-10,0.002947,161.33099365234375,2024-07-10,-0.02,2024-07-10,0.001067,0.001067,GOLD,0.3979,0.0489,neutral,calm,flat,flat,down,retrospective_derived,2026-08-31T03:54:07Z
2024-07-11,-0.005807,104.44000244140624,2024-07-11,0.018042,2415.0,2024-07-11,-0.021914,20441.75,2024-07-11,-0.008483,5639.75,2024-07-11,-0.020327,4.192999839782715,2024-07-11,0.005447,12.920000076293944,2024-07-11,0.006334,82.62000274658203,2024-07-11,-0.006885,57344.9140625,2024-07-11,-0.000609,3100.330810546875,2024-07-11,0.001711,161.60699462890625,2024-07-11,-0.087,2024-07-11,0.010078,0.010078,GOLD,0.4286,0.0657,neutral,calm,down,down,down,retrospective_derived,2026-08-31T03:54:07Z
2024-07-12,-0.003351,104.08999633789062,2024-07-12,-0.000414,2414.0,2024-07-12,0.004024,20524.0,2024-07-12,0.004433,5664.75,2024-07-12,-0.000954,4.189000129699707,2024-07-12,-0.035604,12.460000038146973,2024-07-12,-0.004963,82.20999908447266,2024-07-12,0.00967,57899.46484375,2024-07-12,0.010911,3134.15869140625,2024-07-12,-0.021076,158.2010040283203,2024-07-12,-0.004,2024-07-12,-0.008483,-0.008483,GOLD,0.3874,0.0437,risk_on,calm,flat,down,up,retrospective_derived,2026-08-31T03:54:07Z
2024-07-13,,,,,,,,,,,,,,,,,,,,,,0.023014,59231.953125,2024-07-13,0.013733,3177.19873046875,2024-07-13,,,,,2024-07-13,0.004433,0.004433,GOLD,0.3843,0.0348,unknown,unknown,unknown,unknown,up,retrospective_derived,2026-08-31T03:54:07Z
2024-07-14,,,,,,,,,,,,,,,,,,,,,,0.026267,60787.79296875,2024-07-14,0.02105,3244.0791015625,2024-07-14,,,,,2024-07-14,0.0,0.004433,GOLD,0.3926,0.0879,unknown,unknown,unknown,unknown,up,retrospective_derived,2026-08-31T03:54:07Z
2024-07-15,0.000961,104.19000244140624,2024-07-15,0.003687,2422.89990234375,2024-07-15,0.002911,20583.75,2024-07-15,0.003222,5683.0,2024-07-15,0.009549,4.229000091552734,2024-07-15,0.052969,13.119999885559082,2024-07-15,-0.003649,81.91000366210938,2024-07-15,0.067158,64870.15234375,2024-07-15,0.075668,3489.552734375,2024-07-15,0.000708,158.31300354003906,2024-07-15,,2024-07-15,0.0,0.004433,GOLD,0.3213,0.031,mixed,calm,unknown,flat,up,retrospective_derived,2026-08-31T03:54:07Z
2024-07-16,0.000768,104.2699966430664,2024-07-16,0.016303,2462.39990234375,2024-07-16,0.000692,20598.0,2024-07-16,0.006027,5717.25,2024-07-16,-0.014661,4.166999816894531,2024-07-16,0.005335,13.1899995803833,2024-07-16,-0.01404,80.76000213623047,2024-07-16,0.003499,65097.1484375,2024-07-16,-0.013193,3443.513427734375,2024-07-16,-0.001086,158.14100646972656,2024-07-16,-0.062,2024-07-16,0.003222,0.003222,BTC,0.3174,0.0075,neutral,calm,down,flat,up,retrospective_derived,2026-08-31T03:54:07Z
2024-07-17,-0.004987,103.75,2024-07-17,-0.003086,2454.800048828125,2024-07-17,-0.029153,19997.5,2024-07-17,-0.013687,5639.0,2024-07-17,-0.00504,4.145999908447266,2024-07-17,0.097801,14.479999542236328,2024-07-17,0.025879,82.8499984741211,2024-07-17,-0.015029,64118.79296875,2024-07-17,-0.015903,3388.75244140625,2024-07-17,0.001322,158.35000610351562,2024-07-17,-0.021,2024-07-17,0.006027,0.006027,NASDAQ,0.3856,0.0271,risk_off,calm,down,down,down,retrospective_derived,2026-08-31T03:54:07Z
2024-07-18,0.004048,104.16999816894533,2024-07-18,-0.001222,2451.800048828125,2024-07-18,-0.004913,19899.25,2024-07-18,-0.007891,5594.5,2024-07-18,0.010371,4.189000129699707,2024-07-18,0.100138,15.93000030517578,2024-07-18,-0.000362,82.81999969482422,2024-07-18,-0.002257,63974.06640625,2024-07-18,0.011068,3426.258544921875,2024-07-18,-0.016824,155.68600463867188,2024-07-18,0.043,2024-07-18,-0.013687,-0.013687,ETH,0.3484,0.0013,risk_off,calm,up,up,down,retrospective_derived,2026-08-31T03:54:07Z
2024-07-19,0.002208,104.4000015258789,2024-07-19,-0.022963,2395.5,2024-07-19,-0.00936,19713.0,2024-07-19,-0.007284,5553.75,2024-07-19,0.011936,4.238999843597412,2024-07-19,0.037037,16.520000457763672,2024-07-19,-0.03248,80.12999725341797,2024-07-19,0.042769,66710.15625,2024-07-19,0.023196,3505.73486328125,2024-07-19,0.009403,157.14999389648438,2024-07-19,0.05,2024-07-19,-0.007891,-0.007891,BTC,0.399,0.043,risk_off,elevated,up,up,up,retrospective_derived,2026-08-31T03:54:07Z
2024-07-20,,,,,,,,,,,,,,,,,,,,,,0.006798,67163.6484375,2024-07-20,0.003868,3519.29541015625,2024-07-20,,,,,2024-07-20,-0.007284,-0.007284,BTC,0.3821,0.0308,unknown,unknown,unknown,unknown,up,retrospective_derived,2026-08-31T03:54:07Z
2024-07-21,,,,,,,,,,,,,,,,,,,,,,0.014753,68154.5234375,2024-07-21,0.004919,3536.60546875,2024-07-21,,,,,2024-07-21,0.0,-0.007284,BTC,0.4218,0.0129,unknown,unknown,unknown,unknown,up,retrospective_derived,2026-08-31T03:54:07Z
2024-07-22,-0.000862,104.30999755859376,2024-07-22,-0.001461,2392.0,2024-07-22,0.01461,20001.0,2024-07-22,0.010263,5610.75,2024-07-22,0.004954,4.260000228881836,2024-07-22,-0.097458,14.90999984741211,2024-07-22,-0.004368,79.77999877929688,2024-07-22,-0.008353,67585.25,2024-07-22,-0.027197,3440.419921875,2024-07-22,0.001731,157.4219970703125,2024-07-22,,2024-07-22,0.0,-0.007284,BTC,0.4285,0.0239,risk_on,calm,unknown,flat,down,retrospective_derived,2026-08-31T03:54:07Z
2024-07-23,0.001342,104.4499969482422,2024-07-23,0.005268,2404.60009765625,2024-07-23,-0.0038,19925.0,2024-07-23,-0.00205,5599.25,2024-07-23,-0.00493,4.238999843597412,2024-07-23,-0.012743,14.720000267028809,2024-07-23,-0.035347,76.95999908447266,2024-07-23,-0.024526,65927.671875,2024-07-23,0.012085,3481.995849609375,2024-07-23,-0.003373,156.89100646972656,2024-07-23,-0.021,2024-07-23,0.010263,0.010263,BTC,0.3601,0.0096,neutral,calm,down,flat,down,retrospective_derived,2026-08-31T03:54:07Z
2024-07-24,-0.000574,104.38999938964844,2024-07-24,0.003618,2413.300048828125,2024-07-24,-0.036223,19203.25,2024-07-24,-0.022726,5472.0,2024-07-24,0.011088,4.285999774932861,2024-07-24,0.225544,18.040000915527344,2024-07-24,0.008186,77.58999633789062,2024-07-24,-0.008426,65372.1328125,2024-07-24,-0.041831,3336.33935546875,2024-07-24,-0.007158,155.76800537109375,2024-07-24,0.047,2024-07-24,-0.00205,-0.00205,NASDAQ,0.4593,0.0062,risk_off,elevated,up,flat,down,retrospective_derived,2026-08-31T03:54:07Z
2024-07-25,-0.000287,104.36000061035156,2024-07-25,-0.025442,2351.89990234375,2024-07-25,-0.010988,18992.25,2024-07-25,-0.00562,5441.25,2024-07-25,-0.006999,4.25600004196167,2024-07-25,0.023281,18.459999084472656,2024-07-25,0.008893,78.27999877929688,2024-07-25,0.006197,65777.2265625,2024-07-25,-0.04853,3174.42724609375,2024-07-25,-0.01205,153.89100646972656,2024-07-25,-0.03,2024-07-25,-0.022726,-0.022726,NASDAQ,0.5099,0.0305,neutral,elevated,down,flat,up,retrospective_derived,2026-08-31T03:54:07Z
2024-07-26,-0.000383,104.31999969482422,2024-07-26,0.011948,2380.0,2024-07-26,0.009596,19174.5,2024-07-26,0.010613,5499.0,2024-07-26,-0.013158,4.199999809265137,2024-07-26,-0.112134,16.389999389648438,2024-07-26,-0.014308,77.16000366210938,2024-07-26,0.032456,67912.0625,2024-07-26,0.031982,3275.951416015625,2024-07-26,-0.001261,153.69700622558594,2024-07-26,-0.056,2024-07-26,-0.00562,-0.00562,SPX,0.5381,0.017,risk_on,elevated,down,flat,up,retrospective_derived,2026-08-31T03:54:07Z
2024-07-27,,,,,,,,,,,,,,,,,,,,,,-0.001454,67813.3359375,2024-07-27,-0.008652,3247.60791015625,2024-07-27,,,,,2024-07-27,0.010613,0.010613,SPX,0.5381,0.017,unknown,unknown,unknown,unknown,flat,retrospective_derived,2026-08-31T03:54:07Z
2024-07-28,,,,,,,,,,,,,,,,,,,,,,0.006526,68255.8671875,2024-07-28,0.007346,3271.464599609375,2024-07-28,,,,,2024-07-28,0.0,0.010613,SPX,0.5762,0.0226,unknown,unknown,unknown,unknown,up,retrospective_derived,2026-08-31T03:54:07Z
2024-07-29,0.002301,104.55999755859376,2024-07-29,-0.001134,2377.300048828125,2024-07-29,0.001812,19209.25,2024-07-29,0.000727,5503.0,2024-07-29,-0.005238,4.177999973297119,2024-07-29,0.012813,16.600000381469727,2024-07-29,-0.017496,75.80999755859375,2024-07-29,-0.021038,66819.9140625,2024-07-29,0.015001,3320.539306640625,2024-07-29,0.002876,154.13900756835938,2024-07-29,,2024-07-29,0.0,0.010613,SPX,0.5786,0.019,neutral,elevated,unknown,up,down,retrospective_derived,2026-08-31T03:54:07Z
2024-07-30,-9.6e-05,104.5500030517578,2024-07-30,0.011652,2405.0,2024-07-30,-0.014212,18936.25,2024-07-30,-0.005542,5472.5,2024-07-30,-0.008377,4.14300012588501,2024-07-30,0.065663,17.690000534057617,2024-07-30,-0.014246,74.7300033569336,2024-07-30,-0.009262,66201.015625,2024-07-30,-0.01261,3278.667724609375,2024-07-30,-0.001985,153.83299255371094,2024-07-30,-0.035,2024-07-30,0.000727,0.000727,NASDAQ,0.5734,0.008,risk_off,elevated,down,flat,down,retrospective_derived,2026-08-31T03:54:07Z
2024-07-31,-0.004304,104.0999984741211,2024-07-31,0.00894,2426.5,2024-07-31,0.030048,19505.25,2024-07-31,0.015624,5558.0,2024-07-31,-0.008207,4.109000205993652,2024-07-31,-0.075184,16.360000610351562,2024-07-31,0.042553,77.91000366210938,2024-07-31,-0.023893,64619.25,2024-07-31,-0.014449,3231.295654296875,2024-07-31,-0.00756,152.6699981689453,2024-07-31,-0.034,2024-07-31,-0.005542,-0.005542,SPX,0.5374,0.006,risk_on,elevated,down,down,down,retrospective_derived,2026-08-31T03:54:07Z
2024-08-01,0.003074,104.41999816894533,2024-08-01,0.003503,2435.0,2024-08-01,-0.024711,19023.25,2024-08-01,-0.013989,5480.25,2024-08-01,-0.032368,3.9760000705718994,2024-08-01,0.136308,18.59000015258789,2024-08-01,-0.020537,76.30999755859375,2024-08-01,0.011425,65357.5,2024-08-01,-0.009201,3201.564453125,2024-08-01,-0.019165,149.74400329589844,2024-08-01,-0.133,2024-08-01,0.015624,0.015624,SPX,0.5622,0.0209,risk_off,elevated,down,up,up,retrospective_derived,2026-08-31T03:54:07Z
2024-08-02,-0.011588,103.20999908447266,2024-08-02,-0.003819,2425.699951171875,2024-08-02,-0.024549,18556.25,2024-08-02,-0.019023,5376.0,2024-08-02,-0.046278,3.7920000553131104,2024-08-02,0.258203,23.38999938964844,2024-08-02,-0.036561,73.5199966430664,2024-08-02,-0.060321,61415.06640625,2024-08-02,-0.067327,2986.01318359375,2024-08-02,-0.003626,149.2010040283203,2024-08-02,-0.184,2024-08-02,-0.013989,-0.013989,VIX,0.7868,0.1034,risk_off,elevated,down,down,down,retrospective_derived,2026-08-31T03:54:07Z
2024-08-03,,,,,,,,,,,,,,,,,,,,,,-0.011967,60680.09375,2024-08-03,-0.027671,2903.3857421875,2024-08-03,,,,,2024-08-03,-0.019023,-0.019023,VIX,0.7813,0.0909,unknown,unknown,unknown,unknown,down,retrospective_derived,2026-08-31T03:54:07Z
2024-08-04,,,,,,,,,,,,,,,,,,,,,,-0.04224,58116.9765625,2024-08-04,-0.074736,2686.39892578125,2024-08-04,,,,,2024-08-04,0.0,-0.019023,VIX,0.8619,0.1639,unknown,unknown,unknown,unknown,down,retrospective_derived,2026-08-31T03:54:07Z
2024-08-05,-0.005038,102.69000244140624,2024-08-05,-0.009894,2401.699951171875,2024-08-05,-0.029262,18013.25,2024-08-05,-0.029483,5217.5,2024-08-05,-0.001846,3.785000085830689,2024-08-05,0.648995,38.56999969482422,2024-08-05,-0.007889,72.94000244140625,2024-08-05,-0.070986,53991.45703125,2024-08-05,-0.100206,2417.206298828125,2024-08-05,-0.024242,145.58399963378906,2024-08-05,,2024-08-05,0.0,-0.019023,VIX,1.2625,0.3565,risk_off,stressed,unknown,down,down,retrospective_derived,2026-08-31T03:54:07Z
2024-08-06,0.002727,102.97000122070312,2024-08-06,-0.005246,2389.10009765625,2024-08-06,0.009202,18179.0,2024-08-06,0.009344,5266.25,2024-08-06,0.027213,3.888000011444092,2024-08-06,-0.281566,27.709999084472656,2024-08-06,0.003564,73.19999694824219,2024-08-06,0.037837,56034.31640625,2024-08-06,0.017176,2458.723876953125,2024-08-06,0.001415,145.7899932861328,2024-08-06,0.103,2024-08-06,-0.029483,-0.029483,VIX,1.4431,0.4841,risk_on,stressed,up,up,up,retrospective_derived,2026-08-31T03:54:07Z
2024-08-07,0.002234,103.1999969482422,2024-08-07,0.000586,2390.5,2024-08-07,-0.011689,17966.5,2024-08-07,-0.007358,5227.5,2024-08-07,0.020576,3.9679999351501465,2024-08-07,0.005052,27.850000381469727,2024-08-07,0.027732,75.2300033569336,2024-08-07,-0.017969,55027.4609375,2024-08-07,-0.049674,2336.58935546875,2024-08-07,-0.007257,144.73199462890625,2024-08-07,0.08,2024-08-07,0.009344,0.009344,VIX,1.3993,0.4566,neutral,stressed,up,up,down,retrospective_derived,2026-08-31T03:54:07Z
2024-08-08,9.7e-05,103.20999908447266,2024-08-08,0.013261,2422.199951171875,2024-08-08,0.0311,18525.25,2024-08-08,0.023099,5348.25,2024-08-08,0.007308,3.996999979019165,2024-08-08,-0.145781,23.790000915527344,2024-08-08,0.012761,76.19000244140625,2024-08-08,0.121443,61710.13671875,2024-08-08,0.148406,2683.352783203125,2024-08-08,0.009618,146.12399291992188,2024-08-08,0.029,2024-08-08,-0.007358,-0.007358,VIX,1.4959,0.322,risk_on,elevated,up,flat,up,retrospective_derived,2026-08-31T03:54:07Z
2024-08-09,-0.000678,103.13999938964844,2024-08-09,0.004087,2432.10009765625,2024-08-09,0.004899,18616.0,2024-08-09,0.004113,5370.25,2024-08-09,-0.01376,3.941999912261963,2024-08-09,-0.143758,20.3700008392334,2024-08-09,0.008531,76.83999633789062,2024-08-09,-0.01345,60880.11328125,2024-08-09,-0.031213,2599.5986328125,2024-08-09,0.010573,147.66900634765625,2024-08-09,-0.055,2024-08-09,0.023099,0.023099,VIX,1.4405,0.327,risk_on,elevated,down,flat,down,retrospective_derived,2026-08-31T03:54:07Z
2024-08-10,,,,,,,,,,,,,,,,,,,,,,0.001079,60945.8125,2024-08-10,0.00401,2610.02294921875,2024-08-10,,,,,2024-08-10,0.004113,0.004113,VIX,1.4722,0.3413,unknown,unknown,unknown,unknown,flat,retrospective_derived,2026-08-31T03:54:07Z
2024-08-11,,,,,,,,,,,,,,,,,,,,,,-0.03653,58719.484375,2024-08-11,-0.021751,2553.252197265625,2024-08-11,,,,,2024-08-11,0.0,0.004113,VIX,1.5193,0.3591,unknown,unknown,unknown,unknown,down,retrospective_derived,2026-08-31T03:54:07Z
2024-08-12,0.0,103.13999938964844,2024-08-12,0.012458,2462.39990234375,2024-08-12,0.001262,18639.5,2024-08-12,-9.3e-05,5369.75,2024-08-12,-0.008371,3.908999919891357,2024-08-12,0.016691,20.709999084472656,2024-08-12,0.041905,80.05999755859375,2024-08-12,0.010815,59354.515625,2024-08-12,0.067044,2724.431884765625,2024-08-12,-0.004246,147.04200744628906,2024-08-12,,2024-08-12,0.0,0.004113,VIX,1.5392,0.3788,neutral,elevated,unknown,flat,up,retrospective_derived,2026-08-31T03:54:07Z
2024-08-13,-0.005623,102.55999755859376,2024-08-13,0.001746,2466.699951171875,2024-08-13,0.024934,19104.25,2024-08-13,0.016621,5459.0,2024-08-13,-0.014582,3.8519999980926514,2024-08-13,-0.12506,18.1200008392334,2024-08-13,-0.021359,78.3499984741211,2024-08-13,0.021145,60609.56640625,2024-08-13,-0.00762,2703.671875,2024-08-13,-0.000408,146.98199462890625,2024-08-13,-0.057,2024-08-13,-9.3e-05,-9.3e-05,VIX,1.4456,0.3481,risk_on,elevated,down,down,up,retrospective_derived,2026-08-31T03:54:07Z
2024-08-14,9.8e-05,102.56999969482422,2024-08-14,-0.011067,2439.39990234375,2024-08-14,0.000563,19115.0,2024-08-14,0.003297,5477.0,2024-08-14,-0.008307,3.819999933242798,2024-08-14,-0.106512,16.190000534057617,2024-08-14,-0.017486,76.9800033569336,2024-08-14,-0.030891,58737.26953125,2024-08-14,-0.015075,2662.914794921875,2024-08-14,-7.5e-05,146.9709930419922,2024-08-14,-0.032,2024-08-14,0.016621,0.016621,VIX,1.4718,0.3928,risk_on,elevated,down,flat,down,retrospective_derived,2026-08-31T03:54:07Z
2024-08-15,0.003997,102.9800033569336,2024-08-15,0.005616,2453.10009765625,2024-08-15,0.024392,19581.25,2024-08-15,0.016524,5567.5,2024-08-15,0.027749,3.9260001182556152,2024-08-15,-0.059296,15.229999542236328,2024-08-15,0.015329,78.16000366210938,2024-08-15,-0.020041,57560.09765625,2024-08-15,-0.034859,2570.087646484375,2024-08-15,0.001919,147.2530059814453,2024-08-15,0.106,2024-08-15,0.003297,0.003297,VIX,1.408,0.2992,risk_on,calm,up,up,down,retrospective_derived,2026-08-31T03:54:07Z
2024-08-16,-0.00505,102.45999908447266,2024-08-16,0.018548,2498.60009765625,2024-08-16,0.001251,19605.75,2024-08-16,0.001931,5578.25,2024-08-16,-0.00866,3.891999959945679,2024-08-16,-0.028234,14.800000190734863,2024-08-16,-0.019319,76.6500015258789,2024-08-16,0.023176,58894.10546875,2024-08-16,0.008988,2593.1865234375,2024-08-16,0.013372,149.2220001220703,2024-08-16,-0.034,2024-08-16,0.016524,0.016524,VIX,1.2962,0.2757,neutral,calm,down,down,up,retrospective_derived,2026-08-31T03:54:07Z
2024-08-17,,,,,,,,,,,,,,,,,,,,,,0.009931,59478.97265625,2024-08-17,0.008237,2614.546875,2024-08-17,,,,,2024-08-17,0.001931,0.001931,VIX,1.2911,0.2656,unknown,unknown,unknown,unknown,up,retrospective_derived,2026-08-31T03:54:07Z
2024-08-18,,,,,,,,,,,,,,,,,,,,,,-0.016729,58483.96484375,2024-08-18,-0.000455,2613.357177734375,2024-08-18,,,,,2024-08-18,0.0,0.001931,VIX,1.3841,0.2834,unknown,unknown,unknown,unknown,down,retrospective_derived,2026-08-31T03:54:07Z
2024-08-19,-0.005563,101.88999938964844,2024-08-19,0.001281,2501.800048828125,2024-08-19,0.012853,19857.75,2024-08-19,0.009277,5630.0,2024-08-19,-0.006423,3.867000102996826,2024-08-19,-0.010135,14.649999618530272,2024-08-19,-0.029746,74.37000274658203,2024-08-19,0.017261,59493.453125,2024-08-19,0.009164,2637.306396484375,2024-08-19,-0.008484,147.95599365234375,2024-08-19,,2024-08-19,0.0,0.001931,VIX,1.3526,0.2553,neutral,calm,unknown,down,up,retrospective_derived,2026-08-31T03:54:07Z
2024-08-20,-0.004416,101.44000244140624,2024-08-20,0.003797,2511.300048828125,2024-08-20,-0.00243,19809.5,2024-08-20,-0.001821,5619.75,2024-08-20,-0.012671,3.818000078201294,2024-08-20,0.083959,15.880000114440918,2024-08-20,-0.004437,74.04000091552734,2024-08-20,-0.008079,59012.79296875,2024-08-20,-0.024343,2573.10693359375,2024-08-20,-0.008496,146.69900512695312,2024-08-20,-0.049,2024-08-20,0.009277,0.009277,VIX,1.3891,0.3382,neutral,calm,down,down,down,retrospective_derived,2026-08-31T03:54:07Z
2024-08-21,-0.003943,101.04000091552734,2024-08-21,-0.001155,2508.39990234375,2024-08-21,0.005048,19909.5,2024-08-21,0.00387,5641.5,2024-08-21,-0.010477,3.7780001163482666,2024-08-21,0.024559,16.270000457763672,2024-08-21,-0.028498,71.93000030517578,2024-08-21,0.036643,61175.19140625,2024-08-21,0.022653,2631.3955078125,2024-08-21,-0.009216,145.3470001220703,2024-08-21,-0.04,2024-08-21,-0.001821,-0.001821,VIX,1.3396,0.337,neutral,elevated,down,down,up,retrospective_derived,2026-08-31T03:54:07Z
2024-08-22,0.004652,101.51000213623048,2024-08-22,-0.01176,2478.89990234375,2024-08-22,-0.016638,19578.25,2024-08-22,-0.00842,5594.0,2024-08-22,0.022234,3.861999988555908,2024-08-22,0.078672,17.549999237060547,2024-08-22,0.015015,73.01000213623047,2024-08-22,-0.012967,60381.9140625,2024-08-22,-0.003209,2622.951416015625,2024-08-22,-0.001576,145.1179962158203,2024-08-22,0.084,2024-08-22,0.00387,0.00387,VIX,1.0322,0.2585,risk_off,elevated,up,up,down,retrospective_derived,2026-08-31T03:54:07Z
2024-08-23,-0.007782,100.72000122070312,2024-08-23,0.0119,2508.39990234375,2024-08-23,0.010854,19790.75,2024-08-23,0.010458,5652.5,2024-08-23,-0.014241,3.806999921798706,2024-08-23,-0.096296,15.859999656677246,2024-08-23,0.024928,74.83000183105469,2024-08-23,0.061483,64094.35546875,2024-08-23,0.053945,2764.447021484375,2024-08-23,0.00747,146.20199584960938,2024-08-23,-0.055,2024-08-23,-0.00842,-0.00842,VIX,0.9917,0.2429,risk_on,calm,down,down,up,retrospective_derived,2026-08-31T03:54:07Z
2024-08-24,,,,,,,,,,,,,,,,,,,,,,0.001321,64178.9921875,2024-08-24,0.001788,2769.3896484375,2024-08-24,,,,,2024-08-24,0.010458,0.010458,VIX,0.9843,0.2308,unknown,unknown,unknown,unknown,flat,retrospective_derived,2026-08-31T03:54:07Z
2024-08-25,,,,,,,,,,,,,,,,,,,,,,0.002408,64333.54296875,2024-08-25,-0.007306,2749.15771484375,2024-08-25,,,,,2024-08-25,0.0,0.010458,SPX,0.5603,0.0319,unknown,unknown,unknown,unknown,up,retrospective_derived,2026-08-31T03:54:07Z
2024-08-26,0.001291,100.8499984741211,2024-08-26,0.003708,2517.699951171875,2024-08-26,-0.01008,19591.25,2024-08-26,-0.002742,5637.0,2024-08-26,0.002889,3.818000078201294,2024-08-26,0.018285,16.149999618530273,2024-08-26,0.034612,77.41999816894531,2024-08-26,-0.022584,62880.66015625,2024-08-26,-0.024668,2681.340576171875,2024-08-26,-0.015061,144.0,2024-08-26,,2024-08-26,0.0,0.010458,NASDAQ,0.6042,0.0067,neutral,elevated,unknown,flat,down,retrospective_derived,2026-08-31T03:54:07Z
2024-08-27,-0.002975,100.5500030517578,2024-08-27,-0.000675,2516.0,2024-08-27,0.00319,19653.75,2024-08-27,0.001375,5644.75,2024-08-27,0.003929,3.8329999446868896,2024-08-27,-0.044582,15.43000030517578,2024-08-27,-0.024412,75.52999877929688,2024-08-27,-0.053697,59504.1328125,2024-08-27,-0.083023,2458.7265625,2024-08-27,0.003583,144.51600646972656,2024-08-27,0.015,2024-08-27,-0.002742,-0.002742,BTC,0.5449,0.0391,neutral,calm,flat,down,down,retrospective_derived,2026-08-31T03:54:07Z
2024-08-28,0.00537,101.08999633789062,2024-08-28,-0.005962,2501.0,2024-08-28,-0.01211,19415.75,2024-08-28,-0.006112,5610.25,2024-08-28,0.002087,3.8410000801086426,2024-08-28,0.108879,17.110000610351562,2024-08-28,-0.013372,74.5199966430664,2024-08-28,-0.008008,59027.625,2024-08-28,0.028344,2528.41552734375,2024-08-28,-0.003744,143.97500610351562,2024-08-28,0.008,2024-08-28,0.001375,0.001375,DXY,0.5749,0.164,risk_off,elevated,flat,up,down,retrospective_derived,2026-08-31T03:54:07Z
2024-08-29,0.002473,101.33999633789062,2024-08-29,0.009876,2525.699951171875,2024-08-29,-0.001159,19393.25,2024-08-29,-4.5e-05,5610.0,2024-08-29,0.006769,3.867000102996826,2024-08-29,-0.08533,15.649999618530272,2024-08-29,0.018653,75.91000366210938,2024-08-29,0.006108,59388.1796875,2024-08-29,0.000149,2528.792724609375,2024-08-29,0.003181,144.43299865722656,2024-08-29,0.026,2024-08-29,-0.006112,-0.006112,DXY,0.5903,0.1924,neutral,calm,up,up,up,retrospective_derived,2026-08-31T03:54:07Z
2024-08-30,0.003552,101.6999969482422,2024-08-30,-0.01263,2493.800048828125,2024-08-30,0.011847,19623.0,2024-08-30,0.009091,5661.0,2024-08-30,0.011378,3.91100001335144,2024-08-30,-0.041534,15.0,2024-08-30,-0.031089,73.55000305175781,2024-08-30,-0.004525,59119.4765625,2024-08-30,-0.001175,2525.822021484375,2024-08-30,0.003164,144.88999938964844,2024-08-30,0.044,2024-08-30,-4.5e-05,-4.5e-05,DXY,0.5391,0.1562,risk_on,calm,up,up,down,retrospective_derived,2026-08-31T03:54:07Z
2024-08-31,,,,,,,,,,,,,,,,,,,,,,-0.00253,58969.8984375,2024-08-31,-0.00492,2513.393798828125,2024-08-31,,,,,2024-08-31,0.009091,0.009091,DXY,0.5388,0.1499,unknown,unknown,unknown,unknown,down,retrospective_derived,2026-08-31T03:54:07Z
2024-09-01,,,,,,,,,,,,,,,,,,,,,,-0.027886,57325.48828125,2024-09-01,-0.034014,2427.90234375,2024-09-01,,,,,2024-09-01,0.0,0.009091,DXY,0.598,0.181,unknown,unknown,unknown,unknown,down,retrospective_derived,2026-08-31T03:54:07Z
2024-09-02,,,,,,,,,,,,,,,,,,,,,,0.031173,59112.48046875,2024-09-02,0.045424,2538.187255859375,2024-09-02,0.010291,146.38099670410156,2024-09-02,,2024-09-02,0.0,0.009091,DXY,0.5244,0.1536,unknown,unknown,unknown,unknown,up,retrospective_derived,2026-08-31T03:54:07Z
2024-09-03,0.001278,101.83000183105467,2024-09-03,-0.001564,2489.89990234375,2024-09-03,-0.031417,19006.5,2024-09-03,-0.021065,5541.75,2024-09-03,-0.017131,3.8440001010894775,2024-09-03,0.381333,20.71999931335449,2024-09-03,-0.043644,70.33999633789062,2024-09-03,-0.028445,57431.0234375,2024-09-03,-0.046326,2420.603759765625,2024-09-03,0.00233,146.7220001220703,2024-09-03,,2024-09-03,0.0,0.009091,VIX,0.5427,0.0196,risk_off,elevated,unknown,flat,down,retrospective_derived,2026-08-31T03:54:07Z
2024-09-04,-0.004616,101.36000061035156,2024-09-04,0.001406,2493.39990234375,2024-09-04,-0.002315,18962.5,2024-09-04,-0.00212,5530.0,2024-09-04,-0.019771,3.767999887466431,2024-09-04,0.028958,21.31999969482422,2024-09-04,-0.016207,69.19999694824219,2024-09-04,0.009412,57971.5390625,2024-09-04,0.011722,2448.97705078125,2024-09-04,-0.009331,145.35299682617188,2024-09-04,-0.076,2024-09-04,-0.021065,-0.021065,DXY,0.5995,0.0623,neutral,elevated,down,down,up,retrospective_derived,2026-08-31T03:54:07Z
2024-09-05,-0.002466,101.11000061035156,2024-09-05,0.007219,2511.39990234375,2024-09-05,5.3e-05,18963.5,2024-09-05,-0.00321,5512.25,2024-09-05,-0.00982,3.7309999465942383,2024-09-05,-0.066604,19.899999618530277,2024-09-05,-0.000722,69.1500015258789,2024-09-05,-0.03124,56160.48828125,2024-09-05,-0.033173,2367.737548828125,2024-09-05,-0.013959,143.32400512695312,2024-09-05,-0.037,2024-09-05,-0.00212,-0.00212,DXY,0.5468,0.0489,mixed,elevated,down,down,down,retrospective_derived,2026-08-31T03:54:07Z
2024-09-06,0.000692,101.18000030517578,2024-09-06,-0.007127,2493.5,2024-09-06,-0.026643,18458.25,2024-09-06,-0.016826,5419.5,2024-09-06,-0.005628,3.7100000381469727,2024-09-06,0.124623,22.3799991607666,2024-09-06,-0.021403,67.66999816894531,2024-09-06,-0.039382,53948.75390625,2024-09-06,-0.060759,2223.87646484375,2024-09-06,0.000481,143.39300537109375,2024-09-06,-0.021,2024-09-06,-0.00321,-0.00321,VIX,0.532,0.0084,risk_off,elevated,down,flat,down,retrospective_derived,2026-08-31T03:54:07Z
2024-09-07,,,,,,,,,,,,,,,,,,,,,,0.003539,54139.6875,2024-09-07,0.022587,2274.107177734375,2024-09-07,,,,,2024-09-07,-0.016826,-0.016826,VIX,0.5266,0.0075,unknown,unknown,unknown,unknown,up,retrospective_derived,2026-08-31T03:54:07Z
2024-09-08,,,,,,,,,,,,,,,,,,,,,,0.012964,54841.56640625,2024-09-08,0.010196,2297.29296875,2024-09-08,,,,,2024-09-08,0.0,-0.016826,VIX,0.5672,0.0942,unknown,unknown,unknown,unknown,up,retrospective_derived,2026-08-31T03:54:07Z
2024-09-09,0.003657,101.5500030517578,2024-09-09,0.003329,2501.800048828125,2024-09-09,0.012677,18692.25,2024-09-09,0.011071,5479.5,2024-09-09,-0.003504,3.697000026702881,2024-09-09,-0.13092,19.450000762939453,2024-09-09,0.015369,68.70999908447266,2024-09-09,0.039714,57019.53515625,2024-09-09,0.026635,2358.482177734375,2024-09-09,-0.006325,142.48599243164062,2024-09-09,,2024-09-09,0.0,-0.016826,VIX,0.6216,0.0987,risk_on,elevated,unknown,up,up,retrospective_derived,2026-08-31T03:54:07Z
2024-09-10,0.000788,101.62999725341795,2024-09-10,0.004197,2512.300048828125,2024-09-10,0.009188,18864.0,2024-09-10,0.004471,5504.0,2024-09-10,-0.013795,3.6459999084472656,2024-09-10,-0.019023,19.07999992370605,2024-09-10,-0.04308,65.75,2024-09-10,0.011034,57648.7109375,2024-09-10,0.013186,2389.5810546875,2024-09-10,0.00485,143.177001953125,2024-09-10,-0.051,2024-09-10,0.011071,0.011071,VIX,0.621,0.0975,neutral,elevated,down,flat,up,retrospective_derived,2026-08-31T03:54:07Z
2024-09-11,0.000492,101.68000030517578,2024-09-11,-8e-05,2512.10009765625,2024-09-11,0.021575,19271.0,2024-09-11,0.010402,5561.25,2024-09-11,0.00192,3.6530001163482666,2024-09-11,-0.072851,17.690000534057617,2024-09-11,0.023726,67.30999755859375,2024-09-11,-0.0053,57343.171875,2024-09-11,-0.020815,2339.841552734375,2024-09-11,-0.006586,142.23399353027344,2024-09-11,0.007,2024-09-11,0.004471,0.004471,VIX,0.6365,0.0605,risk_on,elevated,flat,flat,down,retrospective_derived,2026-08-31T03:54:07Z
2024-09-12,-0.003049,101.37000274658205,2024-09-12,0.015565,2551.199951171875,2024-09-12,0.009146,19447.25,2024-09-12,0.007372,5602.25,2024-09-12,0.007391,3.680000066757202,2024-09-12,-0.035048,17.06999969482422,2024-09-12,0.024662,68.97000122070312,2024-09-12,0.013669,58127.01171875,2024-09-12,0.009377,2361.78173828125,2024-09-12,0.002503,142.58999633789062,2024-09-12,0.027,2024-09-12,0.010402,0.010402,VIX,0.5926,0.0311,risk_on,elevated,up,down,up,retrospective_derived,2026-08-31T03:54:07Z
2024-09-13,-0.002565,101.11000061035156,2024-09-13,0.011798,2581.300048828125,2024-09-13,0.004268,19530.25,2024-09-13,0.004909,5629.75,2024-09-13,-0.008152,3.650000095367432,2024-09-13,-0.029877,16.559999465942383,2024-09-13,-0.00464,68.6500015258789,2024-09-13,0.042051,60571.30078125,2024-09-13,0.033799,2441.607177734375,2024-09-13,-0.007651,141.49899291992188,2024-09-13,-0.03,2024-09-13,0.007372,0.007372,VIX,0.5647,0.0488,neutral,elevated,down,down,up,retrospective_derived,2026-08-31T03:54:07Z
2024-09-14,,,,,,,,,,,,,,,,,,,,,,-0.009347,60005.12109375,2024-09-14,-0.009425,2418.595703125,2024-09-14,,,,,2024-09-14,0.004909,0.004909,VIX,0.5613,0.0476,unknown,unknown,unknown,unknown,down,retrospective_derived,2026-08-31T03:54:07Z
2024-09-15,,,,,,,,,,,,,,,,,,,,,,-0.013704,59182.8359375,2024-09-15,-0.040395,2320.897216796875,2024-09-15,,,,,2024-09-15,0.0,0.004909,VIX,0.6157,0.059,unknown,unknown,unknown,unknown,down,retrospective_derived,2026-08-31T03:54:07Z
2024-09-16,-0.003462,100.76000213623048,2024-09-16,-0.000349,2580.39990234375,2024-09-16,-0.004979,19433.0,2024-09-16,0.001465,5638.0,2024-09-16,-0.007945,3.621000051498413,2024-09-16,0.035024,17.139999389648438,2024-09-16,0.020976,70.08999633789062,2024-09-16,-0.016733,58192.5078125,2024-09-16,-0.011036,2295.28369140625,2024-09-16,-0.005011,140.7899932861328,2024-09-16,,2024-09-16,0.0,0.004909,VIX,0.659,0.0758,neutral,elevated,unknown,down,down,retrospective_derived,2026-08-31T03:54:07Z
2024-09-17,0.00129,100.88999938964844,2024-09-17,-0.006239,2564.300048828125,2024-09-17,0.000322,19439.25,2024-09-17,0.000177,5639.0,2024-09-17,0.005799,3.641999959945679,2024-09-17,0.027421,17.610000610351562,2024-09-17,0.015694,71.19000244140625,2024-09-17,0.036363,60308.5390625,2024-09-17,0.020226,2341.707763671875,2024-09-17,0.0,140.7899932861328,2024-09-17,0.021,2024-09-17,0.001465,0.001465,VIX,0.6054,0.0534,neutral,elevated,up,flat,up,retrospective_derived,2026-08-31T03:54:07Z
2024-09-18,-0.002874,100.5999984741211,2024-09-18,0.002496,2570.699951171875,2024-09-18,-0.00463,19349.25,2024-09-18,-0.003236,5620.75,2024-09-18,0.011807,3.684999942779541,2024-09-18,0.035207,18.229999542236328,2024-09-18,-0.003933,70.91000366210938,2024-09-18,0.022238,61649.6796875,2024-09-18,0.011966,2369.72900390625,2024-09-18,0.008701,142.01499938964844,2024-09-18,0.043,2024-09-18,0.000177,0.000177,SPX,0.5681,0.0073,risk_off,elevated,up,down,up,retrospective_derived,2026-08-31T03:54:07Z
2024-09-19,9.9e-05,100.61000061035156,2024-09-19,0.00673,2588.0,2024-09-19,0.025892,19850.25,2024-09-19,0.017257,5717.75,2024-09-19,0.014925,3.740000009536743,2024-09-19,-0.104224,16.329999923706055,2024-09-19,0.014666,71.94999694824219,2024-09-19,0.020937,62940.45703125,2024-09-19,0.040099,2464.752197265625,2024-09-19,0.004894,142.7100067138672,2024-09-19,0.055,2024-09-19,-0.003236,-0.003236,SPX,0.6597,0.0146,risk_on,elevated,up,flat,up,retrospective_derived,2026-08-31T03:54:07Z
2024-09-20,0.001093,100.72000122070312,2024-09-20,0.012326,2619.89990234375,2024-09-20,-0.002128,19808.009765625,2024-09-20,-0.003106,5699.990234375,2024-09-20,-0.003209,3.7279999256134033,2024-09-20,-0.011023,16.149999618530273,2024-09-20,-0.000417,71.91999816894531,2024-09-20,0.004012,63192.9765625,2024-09-20,0.039079,2561.072021484375,2024-09-20,0.001037,142.85800170898438,2024-09-20,-0.012,2024-09-20,0.017257,0.017257,SPX,0.6125,0.0177,neutral,elevated,flat,flat,up,retrospective_derived,2026-08-31T03:54:07Z
2024-09-21,,,,,,,,,,,,,,,,,,,,,,0.003194,63394.83984375,2024-09-21,0.021391,2615.857177734375,2024-09-21,,,,,2024-09-21,-0.003106,-0.003106,SPX,0.6126,0.0181,unknown,unknown,unknown,unknown,up,retrospective_derived,2026-08-31T03:54:07Z
2024-09-22,,,,,,,,,,,,,,,,,,,,,,0.004005,63648.7109375,2024-09-22,-0.012613,2582.862548828125,2024-09-22,,,,,2024-09-22,0.0,-0.003106,SPX,0.6126,0.0181,unknown,unknown,unknown,unknown,up,retrospective_derived,2026-08-31T03:54:07Z
2024-09-23,0.001986,100.91999816894533,2024-09-23,0.002519,2626.5,2024-09-23,0.013731,20080.0,2024-09-23,0.013467,5776.75,2024-09-23,0.002951,3.739000082015991,2024-09-23,-0.016099,15.890000343322754,2024-09-23,-0.021552,70.37000274658203,2024-09-23,-0.00501,63329.80078125,2024-09-23,0.025431,2648.54638671875,2024-09-23,0.008022,144.00399780273438,2024-09-23,,2024-09-23,0.0,-0.003106,SPX,0.5042,0.0362,neutral,calm,unknown,up,down,retrospective_derived,2026-08-31T03:54:07Z
2024-09-24,-0.00545,100.37000274658205,2024-09-24,0.009404,2651.199951171875,2024-09-24,0.00437,20167.75,2024-09-24,0.00264,5792.0,2024-09-24,-0.000802,3.736000061035156,2024-09-24,-0.031466,15.390000343322754,2024-09-24,0.016911,71.55999755859375,2024-09-24,0.015351,64301.96875,2024-09-24,0.002193,2654.35498046875,2024-09-24,-0.002542,143.63800048828125,2024-09-24,-0.003,2024-09-24,0.013467,0.013467,SPX,0.4876,0.028,neutral,calm,flat,down,up,retrospective_derived,2026-08-31T03:54:07Z
2024-09-25,0.00548,100.91999816894533,2024-09-25,0.003018,2659.199951171875,2024-09-25,0.001202,20192.0,2024-09-25,-0.002244,5779.0,2024-09-25,0.012045,3.7809998989105225,2024-09-25,0.0013,15.40999984741211,2024-09-25,-0.026132,69.69000244140625,2024-09-25,-0.018022,63143.14453125,2024-09-25,-0.028243,2579.388671875,2024-09-25,-0.004699,142.96299743652344,2024-09-25,0.045,2024-09-25,0.00264,0.00264,SPX,0.4526,0.0017,neutral,calm,up,up,down,retrospective_derived,2026-08-31T03:54:07Z
2024-09-26,-0.003567,100.55999755859376,2024-09-26,0.004024,2669.89990234375,2024-09-26,0.007639,20346.25,2024-09-26,0.004413,5804.5,2024-09-26,0.002645,3.7909998893737793,2024-09-26,-0.002596,15.369999885559082,2024-09-26,-0.028986,67.66999816894531,2024-09-26,0.032274,65181.01953125,2024-09-26,0.020474,2632.199951171875,2024-09-26,0.012031,144.68299865722656,2024-09-26,0.01,2024-09-26,-0.002244,-0.002244,SPX,0.2656,0.009,neutral,calm,flat,down,up,retrospective_derived,2026-08-31T03:54:07Z
2024-09-27,-0.001392,100.41999816894533,2024-09-27,-0.009588,2644.300048828125,2024-09-27,-0.006131,20221.5,2024-09-27,-0.002283,5791.25,2024-09-27,-0.011079,3.749000072479248,2024-09-27,0.103448,16.959999084472656,2024-09-27,0.007537,68.18000030517578,2024-09-27,0.009353,65790.6640625,2024-09-27,0.024201,2695.900634765625,2024-09-27,0.002716,145.0760040283203,2024-09-27,-0.042,2024-09-27,0.004413,0.004413,NASDAQ,0.2734,0.0006,neutral,elevated,down,flat,up,retrospective_derived,2026-08-31T03:54:07Z
2024-09-28,,,,,,,,,,,,,,,,,,,,,,0.001474,65887.6484375,2024-09-28,-0.006811,2677.5390625,2024-09-28,,,,,2024-09-28,-0.002283,-0.002283,SPX,0.2735,0.0031,unknown,unknown,unknown,unknown,flat,retrospective_derived,2026-08-31T03:54:07Z
2024-09-29,,,,,,,,,,,,,,,,,,,,,,-0.00383,65635.3046875,2024-09-29,-0.006794,2659.346923828125,2024-09-29,,,,,2024-09-29,0.0,-0.002283,NASDAQ,0.2584,0.0141,unknown,unknown,unknown,unknown,down,retrospective_derived,2026-08-31T03:54:07Z
2024-09-30,0.003585,100.77999877929688,2024-09-30,-0.003101,2636.10009765625,2024-09-30,0.001966,20261.25,2024-09-30,0.003972,5814.25,2024-09-30,0.014137,3.802000045776367,2024-09-30,-0.013561,16.729999542236328,2024-09-30,-0.000147,68.16999816894531,2024-09-30,-0.035131,63329.5,2024-09-30,-0.021165,2603.062744140625,2024-09-30,-0.015806,142.7830047607422,2024-09-30,,2024-09-30,0.0,-0.002283,USDJPY,0.2744,0.0149,neutral,elevated,unknown,up,down,retrospective_derived,2026-08-31T03:54:07Z
2024-10-01,0.004068,101.19000244140624,2024-10-01,0.011836,2667.300048828125,2024-10-01,-0.014128,19975.0,2024-10-01,-0.009374,5759.75,2024-10-01,-0.015518,3.743000030517578,2024-10-01,0.151225,19.26000022888184,2024-10-01,0.024351,69.83000183105469,2024-10-01,-0.039358,60837.0078125,2024-10-01,-0.059215,2448.921142578125,2024-10-01,0.006492,143.7100067138672,2024-10-01,-0.059,2024-10-01,0.003972,0.003972,ETH,0.3602,0.0378,risk_off,elevated,down,up,down,retrospective_derived,2026-08-31T03:54:07Z
2024-10-02,0.004842,101.68000030517578,2024-10-02,-0.007573,2647.10009765625,2024-10-02,0.00174,20009.75,2024-10-02,8.7e-05,5760.25,2024-10-02,0.011221,3.785000085830689,2024-10-02,-0.018692,18.899999618530277,2024-10-02,0.003866,70.0999984741211,2024-10-02,-0.003357,60632.78515625,2024-10-02,-0.034174,2365.231689453125,2024-10-02,0.000181,143.73599243164062,2024-10-02,0.042,2024-10-02,-0.009374,-0.009374,ETH,0.3731,0.0829,neutral,elevated,up,up,down,retrospective_derived,2026-08-31T03:54:07Z
2024-10-03,0.003049,101.98999786376952,2024-10-03,0.003778,2657.10009765625,2024-10-03,-0.000975,19990.25,2024-10-03,-0.001866,5749.5,2024-10-03,0.017173,3.849999904632568,2024-10-03,0.084127,20.489999771118164,2024-10-03,0.051498,73.70999908447266,2024-10-03,0.002088,60759.40234375,2024-10-03,-0.006528,2349.791259765625,2024-10-03,0.0198,146.58200073242188,2024-10-03,0.065,2024-10-03,8.7e-05,8.7e-05,ETH,0.3394,0.0543,neutral,elevated,up,up,up,retrospective_derived,2026-08-31T03:54:07Z
2024-10-04,0.005197,102.5199966430664,2024-10-04,-0.004253,2645.800048828125,2024-10-04,0.011856,20227.25,2024-10-04,0.008783,5800.0,2024-10-04,0.034026,3.9809999465942383,2024-10-04,-0.06247,19.209999084472656,2024-10-04,0.00909,74.37999725341797,2024-10-04,0.021529,62067.4765625,2024-10-04,0.027663,2414.7939453125,2024-10-04,0.00176,146.83999633789062,2024-10-04,0.131,2024-10-04,-0.001866,-0.001866,ETH,0.3617,0.0611,risk_on,elevated,up,up,up,retrospective_derived,2026-08-31T03:54:07Z
2024-10-05,,,,,,,,,,,,,,,,,,,,,,0.000362,62089.94921875,2024-10-05,0.000347,2415.6318359375,2024-10-05,,,,,2024-10-05,0.008783,0.008783,ETH,0.3337,0.0257,unknown,unknown,unknown,unknown,flat,retrospective_derived,2026-08-31T03:54:07Z
2024-10-06,,,,,,,,,,,,,,,,,,,,,,0.011741,62818.953125,2024-10-06,0.01007,2439.957763671875,2024-10-06,,,,,2024-10-06,0.0,0.008783,ETH,0.331,0.0254,unknown,unknown,unknown,unknown,up,retrospective_derived,2026-08-31T03:54:07Z
2024-10-07,0.000195,102.54000091552734,2024-10-07,-0.000378,2644.800048828125,2024-10-07,-0.011593,19992.75,2024-10-07,-0.009526,5744.75,2024-10-07,0.011304,4.026000022888184,2024-10-07,0.178553,22.63999938964844,2024-10-07,0.037107,77.13999938964844,2024-10-07,-0.009269,62236.66015625,2024-10-07,-0.007443,2421.796630859375,2024-10-07,0.013484,148.82000732421875,2024-10-07,,2024-10-07,0.0,0.008783,VIX,0.3663,0.0046,risk_off,elevated,unknown,flat,down,retrospective_derived,2026-08-31T03:54:07Z
2024-10-08,9.8e-05,102.5500030517578,2024-10-08,-0.011267,2615.0,2024-10-08,0.015293,20298.5,2024-10-08,0.009705,5800.5,2024-10-08,0.001739,4.0329999923706055,2024-10-08,-0.053887,21.420000076293945,2024-10-08,-0.046279,73.56999969482422,2024-10-08,-0.001682,62131.96875,2024-10-08,0.007451,2439.8408203125,2024-10-08,-0.004529,148.14599609375,2024-10-08,0.007,2024-10-08,-0.009526,-0.009526,SPX,0.4273,0.0254,risk_on,elevated,flat,flat,down,retrospective_derived,2026-08-31T03:54:07Z
2024-10-09,0.003705,102.93000030517578,2024-10-09,-0.003442,2606.0,2024-10-09,0.008129,20463.5,2024-10-09,0.007025,5841.25,2024-10-09,0.00843,4.066999912261963,2024-10-09,-0.026144,20.86000061035156,2024-10-09,-0.004486,73.23999786376953,2024-10-09,-0.024945,60582.1015625,2024-10-09,-0.029329,2368.283447265625,2024-10-09,8.8e-05,148.15899658203125,2024-10-09,0.034,2024-10-09,0.009705,0.009705,WTI,0.4139,0.0466,neutral,elevated,up,up,down,retrospective_derived,2026-08-31T03:54:07Z
2024-10-10,0.000583,102.98999786376952,2024-10-10,0.005602,2620.60009765625,2024-10-10,-0.001649,20429.75,2024-10-10,-0.002097,5829.0,2024-10-10,0.007131,4.0960001945495605,2024-10-10,0.003356,20.93000030517578,2024-10-10,0.035636,75.8499984741211,2024-10-10,-0.005077,60274.5,2024-10-10,0.006576,2383.85791015625,2024-10-10,0.006756,149.16000366210938,2024-10-10,0.029,2024-10-10,0.007025,0.007025,WTI,0.457,0.076,neutral,elevated,up,flat,down,retrospective_derived,2026-08-31T03:54:07Z
2024-10-11,-0.000971,102.88999938964844,2024-10-11,0.014119,2657.60009765625,2024-10-11,0.000991,20450.0,2024-10-11,0.005275,5859.75,2024-10-11,-0.005615,4.072999954223633,2024-10-11,-0.022456,20.459999084472656,2024-10-11,-0.003823,75.55999755859375,2024-10-11,0.036012,62445.08984375,2024-10-11,0.022088,2436.513427734375,2024-10-11,-0.003057,148.70399475097656,2024-10-11,-0.023,2024-10-11,-0.002097,-0.002097,WTI,0.4293,0.0603,neutral,elevated,down,flat,up,retrospective_derived,2026-08-31T03:54:07Z
2024-10-12,,,,,,,,,,,,,,,,,,,,,,0.011977,63193.0234375,2024-10-12,0.016421,2476.523193359375,2024-10-12,,,,,2024-10-12,0.005275,0.005275,WTI,0.4248,0.0601,unknown,unknown,unknown,unknown,up,retrospective_derived,2026-08-31T03:54:07Z
2024-10-13,,,,,,,,,,,,,,,,,,,,,,-0.005406,62851.375,2024-10-13,-0.003572,2467.677001953125,2024-10-13,,,,,2024-10-13,0.0,0.005275,WTI,0.4206,0.0665,unknown,unknown,unknown,unknown,down,retrospective_derived,2026-08-31T03:54:07Z
2024-10-14,0.003985,103.3000030517578,2024-10-14,-0.003688,2647.800048828125,2024-10-14,0.008276,20619.25,2024-10-14,0.008277,5908.25,2024-10-14,0.006138,4.0980000495910645,2024-10-14,-0.037146,19.700000762939453,2024-10-14,-0.022896,73.83000183105469,2024-10-14,0.05083,66046.125,2024-10-14,0.065334,2628.89990234375,2024-10-14,0.004237,149.33399963378906,2024-10-14,,2024-10-14,0.0,0.005275,WTI,0.4937,0.0993,risk_on,elevated,unknown,up,up,retrospective_derived,2026-08-31T03:54:07Z
2024-10-15,-0.000387,103.26000213623048,2024-10-15,0.005136,2661.39990234375,2024-10-15,-0.013446,20342.0,2024-10-15,-0.007701,5862.75,2024-10-15,-0.014641,4.038000106811523,2024-10-15,0.047716,20.63999938964844,2024-10-15,-0.04402,70.58000183105469,2024-10-15,0.015065,67041.109375,2024-10-15,-0.008702,2606.02197265625,2024-10-15,0.00225,149.6699981689453,2024-10-15,-0.06,2024-10-15,0.008277,0.008277,WTI,0.485,0.0631,risk_off,elevated,down,flat,up,retrospective_derived,2026-08-31T03:54:07Z
2024-10-16,0.003196,103.58999633789062,2024-10-16,0.004734,2674.0,2024-10-16,0.000369,20349.5,2024-10-16,0.004136,5887.0,2024-10-16,-0.005448,4.015999794006348,2024-10-16,-0.051357,19.57999992370605,2024-10-16,-0.002692,70.38999938964844,2024-10-16,0.008526,67612.71875,2024-10-16,0.001949,2611.10205078125,2024-10-16,-0.003815,149.0989990234375,2024-10-16,-0.022,2024-10-16,-0.007701,-0.007701,WTI,0.4347,0.003,risk_on,elevated,down,up,up,retrospective_derived,2026-08-31T03:54:07Z
2024-10-17,0.002317,103.83000183105467,2024-10-17,0.006358,2691.0,2024-10-17,0.000909,20368.0,2024-10-17,0.0,5887.0,2024-10-17,0.01992,4.0960001945495605,2024-10-17,-0.024004,19.11000061035156,2024-10-17,0.003978,70.66999816894531,2024-10-17,-0.003149,67399.8359375,2024-10-17,-0.002615,2604.2734375,2024-10-17,0.003199,149.5760040283203,2024-10-17,0.08,2024-10-17,0.004136,0.004136,WTI,0.4497,0.0199,neutral,elevated,up,up,down,retrospective_derived,2026-08-31T03:54:07Z
2024-10-18,-0.003275,103.48999786376952,2024-10-18,0.008436,2713.699951171875,2024-10-18,0.005671,20483.5,2024-10-18,0.003227,5906.0,2024-10-18,-0.005615,4.072999954223633,2024-10-18,-0.056515,18.030000686645508,2024-10-18,-0.020518,69.22000122070312,2024-10-18,0.015118,68418.7890625,2024-10-18,0.014314,2641.55224609375,2024-10-18,0.003503,150.10000610351562,2024-10-18,-0.023,2024-10-18,0.0,0.0,WTI,0.46,0.0568,risk_on,elevated,down,down,up,retrospective_derived,2026-08-31T03:54:07Z
2024-10-19,,,,,,,,,,,,,,,,,,,,,,-0.000819,68362.734375,2024-10-19,0.00269,2648.656982421875,2024-10-19,,,,,2024-10-19,0.003227,0.003227,WTI,0.4599,0.0609,unknown,unknown,unknown,unknown,flat,retrospective_derived,2026-08-31T03:54:07Z
2024-10-20,,,,,,,,,,,,,,,,,,,,,,0.009347,69001.703125,2024-10-20,0.036889,2746.364013671875,2024-10-20,,,,,2024-10-20,0.0,0.003227,WTI,0.5225,0.1031,unknown,unknown,unknown,unknown,up,retrospective_derived,2026-08-31T03:54:07Z
2024-10-21,0.005025,104.01000213623048,2024-10-21,0.003464,2723.10009765625,2024-10-21,0.001758,20519.5,2024-10-21,-0.001651,5896.25,2024-10-21,0.026762,4.182000160217285,2024-10-21,0.018857,18.3700008392334,2024-10-21,0.019359,70.55999755859375,2024-10-21,-0.023678,67367.8515625,2024-10-21,-0.029367,2665.712158203125,2024-10-21,-0.003331,149.60000610351562,2024-10-21,,2024-10-21,0.0,0.003227,WTI,0.4935,0.1624,neutral,elevated,unknown,up,down,retrospective_derived,2026-08-31T03:54:07Z
2024-10-22,0.000673,104.08000183105467,2024-10-22,0.007748,2744.199951171875,2024-10-22,0.001097,20542.0,2024-10-22,-0.000636,5892.5,2024-10-22,0.005261,4.203999996185303,2024-10-22,-0.009254,18.200000762939453,2024-10-22,0.021684,72.08999633789062,2024-10-22,-9.6e-05,67361.40625,2024-10-22,-0.017074,2620.197509765625,2024-10-22,0.006718,150.60499572753906,2024-10-22,0.022,2024-10-22,-0.001651,-0.001651,WTI,0.5304,0.1816,neutral,elevated,up,flat,flat,retrospective_derived,2026-08-31T03:54:07Z
2024-10-23,0.003363,104.43000030517578,2024-10-23,-0.010859,2714.39990234375,2024-10-23,-0.015651,20220.5,2024-10-23,-0.009291,5837.75,2024-10-23,0.009039,4.242000102996826,2024-10-23,0.057143,19.239999771118164,2024-10-23,-0.01831,70.7699966430664,2024-10-23,-0.013794,66432.1953125,2024-10-23,-0.042401,2509.098876953125,2024-10-23,0.003539,151.13800048828125,2024-10-23,0.038,2024-10-23,-0.000636,-0.000636,WTI,0.3615,0.0094,risk_off,elevated,up,up,down,retrospective_derived,2026-08-31T03:54:07Z
2024-10-24,-0.003543,104.05999755859376,2024-10-24,0.007552,2734.89990234375,2024-10-24,0.0079,20380.25,2024-10-24,0.001927,5849.0,2024-10-24,-0.009901,4.199999809265137,2024-10-24,-0.008316,19.07999992370605,2024-10-24,-0.008195,70.19000244140625,2024-10-24,0.026024,68161.0546875,2024-10-24,0.010123,2534.49853515625,2024-10-24,0.010791,152.7689971923828,2024-10-24,-0.042,2024-10-24,-0.009291,-0.009291,WTI,0.3867,0.0903,neutral,elevated,down,down,up,retrospective_derived,2026-08-31T03:54:07Z
2024-10-25,0.001922,104.26000213623048,2024-10-25,0.002194,2740.89990234375,2024-10-25,0.005814,20498.75,2024-10-25,-0.000513,5846.0,2024-10-25,0.007619,4.23199987411499,2024-10-25,0.065514,20.32999992370605,2024-10-25,0.022653,71.77999877929688,2024-10-25,-0.02228,66642.4140625,2024-10-25,-0.038889,2435.93408203125,2024-10-25,-0.006454,151.7830047607422,2024-10-25,0.032,2024-10-25,0.001927,0.001927,WTI,0.3806,0.0705,neutral,elevated,up,up,down,retrospective_derived,2026-08-31T03:54:07Z
2024-10-26,,,,,,,,,,,,,,,,,,,,,,0.005586,67014.6953125,2024-10-26,0.017927,2479.603271484375,2024-10-26,,,,,2024-10-26,-0.000513,-0.000513,WTI,0.3767,0.0716,unknown,unknown,unknown,unknown,up,retrospective_derived,2026-08-31T03:54:07Z
2024-10-27,,,,,,,,,,,,,,,,,,,,,,0.013648,67929.296875,2024-10-27,0.010622,2505.940673828125,2024-10-27,,,,,2024-10-27,0.0,-0.000513,ETH,0.3362,0.0213,unknown,unknown,unknown,unknown,up,retrospective_derived,2026-08-31T03:54:07Z
2024-10-28,0.000575,104.31999969482422,2024-10-28,0.00073,2742.89990234375,2024-10-28,-8.5e-05,20497.0,2024-10-28,0.002651,5861.5,2024-10-28,0.01087,4.277999877929688,2024-10-28,-0.02607,19.799999237060547,2024-10-28,-0.061298,67.37999725341797,2024-10-28,0.029125,69907.7578125,2024-10-28,0.023707,2565.34814453125,2024-10-28,0.007702,152.95199584960938,2024-10-28,,2024-10-28,0.0,-0.000513,BTC,0.3736,0.0049,neutral,elevated,unknown,flat,up,retrospective_derived,2026-08-31T03:54:07Z
2024-10-29,-0.000383,104.27999877929688,2024-10-29,0.009297,2768.39990234375,2024-10-29,0.009733,20696.5,2024-10-29,0.001621,5871.0,2024-10-29,-0.000935,4.27400016784668,2024-10-29,-0.023232,19.34000015258789,2024-10-29,-0.002523,67.20999908447266,2024-10-29,0.040235,72720.4921875,2024-10-29,0.028304,2637.95751953125,2024-10-29,0.001484,153.1790008544922,2024-10-29,-0.004,2024-10-29,0.002651,0.002651,BTC,0.4232,0.0319,neutral,elevated,flat,flat,up,retrospective_derived,2026-08-31T03:54:07Z
2024-10-30,-0.002781,103.98999786376952,2024-10-30,0.007261,2788.5,2024-10-30,-0.007815,20534.75,2024-10-30,-0.003236,5852.0,2024-10-30,-0.001872,4.265999794006348,2024-10-30,0.052223,20.350000381469727,2024-10-30,0.02083,68.61000061035156,2024-10-30,-0.005239,72339.5390625,2024-10-30,0.00736,2657.37255859375,2024-10-30,0.00062,153.2740020751953,2024-10-30,-0.008,2024-10-30,0.001621,0.001621,BTC,0.4226,0.0382,risk_off,elevated,flat,down,down,retrospective_derived,2026-08-31T03:54:07Z
2024-10-31,-9.6e-05,103.9800033569336,2024-10-31,-0.018002,2738.300048828125,2024-10-31,-0.024982,20021.75,2024-10-31,-0.019395,5738.5,2024-10-31,0.004219,4.283999919891357,2024-10-31,0.138084,23.15999984741211,2024-10-31,0.009474,69.26000213623047,2024-10-31,-0.029366,70215.1875,2024-10-31,-0.053276,2515.79931640625,2024-10-31,-0.000457,153.20399475097656,2024-10-31,0.018,2024-10-31,-0.003236,-0.003236,ETH,0.4585,0.0005,risk_off,elevated,flat,flat,down,retrospective_derived,2026-08-31T03:54:07Z
2024-11-01,0.002885,104.27999877929688,2024-11-01,0.00011,2738.60009765625,2024-11-01,0.006568,20153.25,2024-11-01,0.003442,5758.25,2024-11-01,0.017974,4.361000061035156,2024-11-01,-0.055268,21.8799991607666,2024-11-01,0.003321,69.48999786376953,2024-11-01,-0.010435,69482.46875,2024-11-01,-0.001556,2511.885498046875,2024-11-01,-0.007989,151.97999572753906,2024-11-01,0.077,2024-11-01,-0.019395,-0.019395,BTC,0.4508,0.012,risk_on,elevated,up,up,down,retrospective_derived,2026-08-31T03:54:07Z
2024-11-02,,,,,,,,,,,,,,,,,,,,,,-0.00278,69289.2734375,2024-11-02,-0.008287,2491.068603515625,2024-11-02,,,,,2024-11-02,0.003442,0.003442,BTC,0.448,0.0016,unknown,unknown,unknown,unknown,down,retrospective_derived,2026-08-31T03:54:07Z
2024-11-03,,,,,,,,,,,,,,,,,,,,,,-0.007911,68741.1171875,2024-11-03,-0.013907,2456.42529296875,2024-11-03,,,,,2024-11-03,0.0,0.003442,GOLD,0.4521,0.0075,unknown,unknown,unknown,unknown,down,retrospective_derived,2026-08-31T03:54:07Z
2024-11-04,-0.00374,103.88999938964844,2024-11-04,-0.000913,2736.10009765625,2024-11-04,-0.003337,20086.0,2024-11-04,-0.002605,5743.25,2024-11-04,-0.011924,4.309000015258789,2024-11-04,0.00457,21.979999542236328,2024-11-04,0.028493,71.47000122070312,2024-11-04,-0.013523,67811.5078125,2024-11-04,-0.024181,2397.0263671875,2024-11-04,0.00202,152.28700256347656,2024-11-04,,2024-11-04,0.0,0.003442,ETH,0.4651,0.0268,neutral,elevated,unknown,down,down,retrospective_derived,2026-08-31T03:54:07Z
2024-11-05,-0.004524,103.41999816894533,2024-11-05,0.001535,2740.300048828125,2024-11-05,0.012733,20341.75,2024-11-05,0.012014,5812.25,2024-11-05,-0.004641,4.289000034332275,2024-11-05,-0.067789,20.489999771118164,2024-11-05,0.007276,71.98999786376953,2024-11-05,0.022829,69359.5625,2024-11-05,0.01069,2422.650634765625,2024-11-05,-7.2e-05,152.2760009765625,2024-11-05,-0.02,2024-11-05,-0.002605,-0.002605,ETH,0.4883,0.0295,risk_on,elevated,flat,down,up,retrospective_derived,2026-08-31T03:54:07Z
2024-11-06,0.016148,105.08999633789062,2024-11-06,-0.02653,2667.60009765625,2024-11-06,0.027149,20894.0,2024-11-06,0.025119,5958.25,2024-11-06,0.031942,4.426000118255615,2024-11-06,-0.205954,16.270000457763672,2024-11-06,-0.004167,71.69000244140625,2024-11-06,0.090536,75639.078125,2024-11-06,0.124458,2724.169189453125,2024-11-06,-0.005523,151.43499755859375,2024-11-06,0.137,2024-11-06,0.012014,0.012014,DXY,0.5934,0.0072,risk_on,elevated,up,up,up,retrospective_derived,2026-08-31T03:54:07Z
2024-11-07,-0.005519,104.51000213623048,2024-11-07,0.011546,2698.39990234375,2024-11-07,0.01583,21224.75,2024-11-07,0.007636,6003.75,2024-11-07,-0.019205,4.341000080108643,2024-11-07,-0.065765,15.199999809265137,2024-11-07,0.009346,72.36000061035156,2024-11-07,0.003514,75904.859375,2024-11-07,0.062924,2895.58544921875,2024-11-07,0.019051,154.32000732421875,2024-11-07,-0.085,2024-11-07,0.025119,0.025119,DXY,0.5821,0.0111,risk_on,calm,down,down,up,retrospective_derived,2026-08-31T03:54:07Z
2024-11-08,0.004689,105.0,2024-11-08,-0.004039,2687.5,2024-11-08,0.000306,21231.25,2024-11-08,0.003581,6025.25,2024-11-08,-0.008063,4.306000232696533,2024-11-08,-0.017105,14.9399995803833,2024-11-08,-0.027363,70.37999725341797,2024-11-08,0.00844,76545.4765625,2024-11-08,0.023039,2962.296630859375,2024-11-08,-0.007387,153.17999267578125,2024-11-08,-0.035,2024-11-08,0.007636,0.007636,DXY,0.5935,0.0128,neutral,calm,down,up,up,retrospective_derived,2026-08-31T03:54:07Z
2024-11-09,,,,,,,,,,,,,,,,,,,,,,0.003049,76778.8671875,2024-11-09,0.056999,3131.14453125,2024-11-09,,,,,2024-11-09,0.003581,0.003581,DXY,0.5944,0.0073,unknown,unknown,unknown,unknown,up,retrospective_derived,2026-08-31T03:54:07Z
2024-11-10,,,,,,,,,,,,,,,,,,,,,,0.048129,80474.1875,2024-11-10,0.019222,3191.331298828125,2024-11-10,,,,,2024-11-10,0.0,0.003581,DXY,0.6229,0.0356,unknown,unknown,unknown,unknown,up,retrospective_derived,2026-08-31T03:54:07Z
2024-11-11,0.005143,105.54000091552734,2024-11-11,-0.028391,2611.199951171875,2024-11-11,-0.000636,21217.75,2024-11-11,0.001079,6031.75,2024-11-11,0.000464,4.308000087738037,2024-11-11,0.002008,14.970000267028809,2024-11-11,-0.033248,68.04000091552734,2024-11-11,0.102235,88701.484375,2024-11-11,0.057494,3374.81298828125,2024-11-11,-0.001802,152.9040069580078,2024-11-11,,2024-11-11,0.0,0.003581,DXY,0.6776,0.0541,neutral,calm,unknown,up,up,retrospective_derived,2026-08-31T03:54:07Z
2024-11-12,0.004548,106.0199966430664,2024-11-12,-0.004289,2600.0,2024-11-12,-0.001331,21189.5,2024-11-12,-0.003109,6013.0,2024-11-12,0.028784,4.432000160217285,2024-11-12,-0.017368,14.710000038146973,2024-11-12,0.001176,68.12000274658203,2024-11-12,-0.008407,87955.8125,2024-11-12,-0.038093,3246.25732421875,2024-11-12,0.003767,153.47999572753906,2024-11-12,0.124,2024-11-12,0.001079,0.001079,DXY,0.6844,0.0762,neutral,calm,up,up,down,retrospective_derived,2026-08-31T03:54:07Z
2024-11-13,0.004339,106.4800033569336,2024-11-13,-0.007385,2580.800048828125,2024-11-13,-0.001416,21159.5,2024-11-13,0.000499,6016.0,2024-11-13,0.004287,4.451000213623047,2024-11-13,-0.046907,14.020000457763672,2024-11-13,0.004551,68.43000030517578,2024-11-13,0.029883,90584.1640625,2024-11-13,-0.01653,3192.595947265625,2024-11-13,0.007656,154.65499877929688,2024-11-13,0.019,2024-11-13,-0.003109,-0.003109,DXY,0.6729,0.0721,neutral,calm,flat,up,up,retrospective_derived,2026-08-31T03:54:07Z
2024-11-14,0.001784,106.66999816894533,2024-11-14,-0.004882,2568.199951171875,2024-11-14,-0.006983,21011.75,2024-11-14,-0.006275,5978.25,2024-11-14,-0.007414,4.418000221252441,2024-11-14,0.020685,14.3100004196167,2024-11-14,0.003946,68.69999694824219,2024-11-14,-0.036803,87250.4296875,2024-11-14,-0.041862,3058.94873046875,2024-11-14,0.005005,155.4290008544922,2024-11-14,-0.033,2024-11-14,0.000499,0.000499,DXY,0.6807,0.0417,neutral,calm,down,up,down,retrospective_derived,2026-08-31T03:54:07Z
2024-11-15,0.000188,106.69000244140624,2024-11-15,-0.000973,2565.699951171875,2024-11-15,-0.024653,20493.75,2024-11-15,-0.013675,5896.5,2024-11-15,0.002263,4.427999973297119,2024-11-15,0.127883,16.139999389648438,2024-11-15,-0.024454,67.0199966430664,2024-11-15,0.043731,91066.0078125,2024-11-15,0.014414,3103.04052734375,2024-11-15,0.006685,156.46800231933594,2024-11-15,0.01,2024-11-15,-0.006275,-0.006275,DXY,0.6342,0.0392,risk_off,elevated,flat,flat,up,retrospective_derived,2026-08-31T03:54:07Z
2024-11-16,,,,,,,,,,,,,,,,,,,,,,-0.005573,90558.4765625,2024-11-16,0.009743,3133.27392578125,2024-11-16,,,,,2024-11-16,-0.013675,-0.013675,DXY,0.6323,0.0378,unknown,unknown,unknown,unknown,down,retrospective_derived,2026-08-31T03:54:07Z
2024-11-17,,,,,,,,,,,,,,,,,,,,,,-0.007869,89845.8515625,2024-11-17,-0.018387,3075.66162109375,2024-11-17,,,,,2024-11-17,0.0,-0.013675,DXY,0.7004,0.1082,unknown,unknown,unknown,unknown,down,retrospective_derived,2026-08-31T03:54:07Z
2024-11-18,-0.003843,106.27999877929688,2024-11-18,0.0175,2610.60009765625,2024-11-18,0.006819,20633.5,2024-11-18,0.003985,5920.0,2024-11-18,-0.003162,4.414000034332275,2024-11-18,-0.034696,15.579999923706056,2024-11-18,0.031931,69.16000366210938,2024-11-18,0.007755,90542.640625,2024-11-18,0.042981,3207.8564453125,2024-11-18,-0.01153,154.66400146484375,2024-11-18,,2024-11-18,0.0,-0.013675,DXY,0.7034,0.1541,risk_on,calm,unknown,down,up,retrospective_derived,2026-08-31T03:54:07Z
2024-11-19,-0.000659,106.20999908447266,2024-11-19,0.00632,2627.10009765625,2024-11-19,0.006506,20767.75,2024-11-19,0.003167,5938.75,2024-11-19,-0.007929,4.379000186920166,2024-11-19,0.049422,16.350000381469727,2024-11-19,0.003326,69.38999938964844,2024-11-19,0.019893,92343.7890625,2024-11-19,-0.030074,3111.384033203125,2024-11-19,-0.000304,154.61700439453125,2024-11-19,-0.035,2024-11-19,0.003985,0.003985,DXY,0.662,0.1012,mixed,elevated,down,flat,up,retrospective_derived,2026-08-31T03:54:07Z
2024-11-20,0.004425,106.68000030517578,2024-11-20,0.008032,2648.199951171875,2024-11-20,-0.000903,20749.0,2024-11-20,-0.000168,5937.75,2024-11-20,0.006166,4.406000137329102,2024-11-20,0.049541,17.15999984741211,2024-11-20,-0.007494,68.87000274658203,2024-11-20,0.021612,94339.4921875,2024-11-20,-0.012598,3072.18798828125,2024-11-20,0.000653,154.71800231933594,2024-11-20,0.027,2024-11-20,0.003167,0.003167,DXY,0.6934,0.1769,neutral,elevated,up,up,up,retrospective_derived,2026-08-31T03:54:07Z
2024-11-21,0.002718,106.97000122070312,2024-11-21,0.009025,2672.10009765625,2024-11-21,0.00388,20829.5,2024-11-21,0.005516,5970.5,2024-11-21,0.005901,4.432000160217285,2024-11-21,-0.0169,16.8700008392334,2024-11-21,0.01786,70.0999984741211,2024-11-21,0.044152,98504.7265625,2024-11-21,0.094026,3361.053955078125,2024-11-21,0.003729,155.2949981689453,2024-11-21,0.026,2024-11-21,-0.000168,-0.000168,DXY,0.6825,0.1219,neutral,elevated,up,up,up,retrospective_derived,2026-08-31T03:54:07Z
2024-11-22,0.004861,107.48999786376952,2024-11-22,0.014146,2709.89990234375,2024-11-22,0.000972,20849.75,2024-11-22,0.002764,5987.0,2024-11-22,-0.004964,4.409999847412109,2024-11-22,-0.096621,15.239999771118164,2024-11-22,0.016262,71.23999786376953,2024-11-22,0.005004,98997.6640625,2024-11-22,-0.008763,3331.600830078125,2024-11-22,-0.006935,154.21800231933594,2024-11-22,-0.022,2024-11-22,0.005516,0.005516,DXY,0.6452,0.0976,neutral,calm,down,up,up,retrospective_derived,2026-08-31T03:54:07Z
2024-11-23,,,,,,,,,,,,,,,,,,,,,,-0.012327,97777.28125,2024-11-23,0.019397,3396.223388671875,2024-11-23,,,,,2024-11-23,0.002764,0.002764,DXY,0.6385,0.0856,unknown,unknown,unknown,unknown,down,retrospective_derived,2026-08-31T03:54:07Z
2024-11-24,,,,,,,,,,,,,,,,,,,,,,0.002419,98013.8203125,2024-11-24,-0.009588,3363.659912109375,2024-11-24,,,,,2024-11-24,0.0,0.002764,DXY,0.6122,0.0638,unknown,unknown,unknown,unknown,up,retrospective_derived,2026-08-31T03:54:07Z
2024-11-25,-0.006233,106.81999969482422,2024-11-25,-0.034355,2616.800048828125,2024-11-25,0.001463,20880.25,2024-11-25,0.003257,6006.5,2024-11-25,-0.03288,4.264999866485596,2024-11-25,-0.041995,14.600000381469728,2024-11-25,-0.032285,68.94000244140625,2024-11-25,-0.050111,93102.296875,2024-11-25,0.01483,3413.5439453125,2024-11-25,-0.000467,154.14599609375,2024-11-25,,2024-11-25,0.0,0.002764,DXY,0.5769,0.0996,risk_on,calm,unknown,down,down,retrospective_derived,2026-08-31T03:54:07Z
2024-11-26,0.001779,107.01000213623048,2024-11-26,0.001338,2620.300048828125,2024-11-26,0.005424,20993.5,2024-11-26,0.005286,6038.25,2024-11-26,0.008675,4.302000045776367,2024-11-26,-0.034247,14.100000381469728,2024-11-26,-0.002466,68.7699966430664,2024-11-26,-0.011997,91985.3203125,2024-11-26,-0.025495,3326.517333984375,2024-11-26,0.001505,154.3780059814453,2024-11-26,0.037,2024-11-26,0.003257,0.003257,DXY,0.2951,0.0284,risk_on,calm,up,up,down,retrospective_derived,2026-08-31T03:54:07Z
2024-11-27,-0.008691,106.08000183105467,2024-11-27,0.00748,2639.89990234375,2024-11-27,-0.008598,20813.0,2024-11-27,-0.00385,6015.0,2024-11-27,-0.013947,4.242000102996826,2024-11-27,0.0,14.100000381469728,2024-11-27,-0.000727,68.72000122070312,2024-11-27,0.043237,95962.53125,2024-11-27,0.099423,3657.249267578125,2024-11-27,-0.008868,153.00900268554688,2024-11-27,-0.06,2024-11-27,0.005286,0.005286,GOLD,0.2666,0.0115,neutral,calm,down,down,up,retrospective_derived,2026-08-31T03:54:07Z
2024-11-28,,,,,,,,,,,,,,,,,,,,,,-0.003231,95652.46875,2024-11-28,-0.021174,3579.8115234375,2024-11-28,-0.010934,151.33599853515625,2024-11-28,,2024-11-28,-0.00385,-0.00385,GOLD,0.2952,0.0228,unknown,unknown,unknown,unknown,down,retrospective_derived,2026-08-31T03:54:07Z
2024-11-29,-0.003205,105.73999786376952,2024-11-29,0.006478,2657.0,2024-11-29,0.008672,20993.5,2024-11-29,0.006068,6051.5,2024-11-29,-0.015087,4.177999973297119,2024-11-29,-0.041844,13.510000228881836,2024-11-29,-0.010477,68.0,2024-11-29,0.018913,97461.5234375,2024-11-29,0.003822,3593.494384765625,2024-11-29,-0.00107,151.1739959716797,2024-11-29,,2024-11-29,0.0,-0.00385,GOLD,0.2853,0.0237,risk_on,calm,unknown,down,up,retrospective_derived,2026-08-31T03:54:07Z
2024-11-30,,,,,,,,,,,,,,,,,,,,,,-0.010388,96449.0546875,2024-11-30,0.031226,3705.705322265625,2024-11-30,,,,,2024-11-30,0.006068,0.006068,GOLD,0.2837,0.0201,unknown,unknown,unknown,unknown,down,retrospective_derived,2026-08-31T03:54:07Z
2024-12-01,,,,,,,,,,,,,,,,,,,,,,0.008613,97279.7890625,2024-12-01,0.001473,3711.1650390625,2024-12-01,,,,,2024-12-01,0.0,0.006068,GOLD,0.4064,0.0972,unknown,unknown,unknown,unknown,up,retrospective_derived,2026-08-31T03:54:07Z
2024-12-02,0.006715,106.4499969482422,2024-12-02,-0.008318,2634.89990234375,2024-12-02,0.010694,21218.0,2024-12-02,0.001694,6061.75,2024-12-02,0.004308,4.196000099182129,2024-12-02,-0.012583,13.34000015258789,2024-12-02,0.001471,68.0999984741211,2024-12-02,-0.01454,95865.3046875,2024-12-02,-0.018045,3644.198486328125,2024-12-02,-0.008441,149.8979949951172,2024-12-02,,2024-12-02,0.0,0.006068,GOLD,0.3938,0.1008,neutral,calm,unknown,up,down,retrospective_derived,2026-08-31T03:54:07Z
2024-12-03,-0.000751,106.37000274658205,2024-12-03,0.003719,2644.699951171875,2024-12-03,0.002993,21281.5,2024-12-03,0.000247,6063.25,2024-12-03,0.006435,4.2230000495910645,2024-12-03,-0.002998,13.300000190734863,2024-12-03,0.027019,69.94000244140625,2024-12-03,0.001428,96002.1640625,2024-12-03,-0.006445,3620.711669921875,2024-12-03,-0.002602,149.50799560546875,2024-12-03,0.027,2024-12-03,0.001694,0.001694,GOLD,0.4021,0.1177,neutral,calm,up,flat,flat,retrospective_derived,2026-08-31T03:54:07Z
2024-12-04,-0.000282,106.33999633789062,2024-12-04,0.003441,2653.800048828125,2024-12-04,0.011982,21536.5,2024-12-04,0.005814,6098.5,2024-12-04,-0.010182,4.179999828338623,2024-12-04,0.011278,13.449999809265137,2024-12-04,-0.020017,68.54000091552734,2024-12-04,0.028816,98768.53125,2024-12-04,0.060933,3841.3310546875,2024-12-04,0.00093,149.64700317382812,2024-12-04,-0.043,2024-12-04,0.000247,0.000247,GOLD,0.3688,0.0451,neutral,calm,down,flat,up,retrospective_derived,2026-08-31T03:54:07Z
2024-12-05,-0.005924,105.70999908447266,2024-12-05,-0.010249,2626.60009765625,2024-12-05,-0.002937,21473.25,2024-12-05,-0.001599,6088.75,2024-12-05,0.0,4.179999828338623,2024-12-05,0.006691,13.539999961853027,2024-12-05,-0.003502,68.30000305175781,2024-12-05,-0.022021,96593.5703125,2024-12-05,-0.007894,3811.00830078125,2024-12-05,0.006148,150.56700134277344,2024-12-05,0.0,2024-12-05,0.005814,0.005814,GOLD,0.4383,0.1131,neutral,calm,flat,down,down,retrospective_derived,2026-08-31T03:54:07Z
2024-12-06,0.00246,105.97000122070312,2024-12-06,0.004569,2638.60009765625,2024-12-06,0.008546,21656.75,2024-12-06,0.001683,6099.0,2024-12-06,-0.006938,4.151000022888184,2024-12-06,-0.056869,12.770000457763672,2024-12-06,-0.016106,67.19999694824219,2024-12-06,0.034445,99920.7109375,2024-12-06,0.051116,4005.810546875,2024-12-06,-0.002391,150.20700073242188,2024-12-06,-0.029,2024-12-06,-0.001599,-0.001599,GOLD,0.4198,0.1095,neutral,calm,down,up,up,retrospective_derived,2026-08-31T03:54:07Z
2024-12-07,,,,,,,,,,,,,,,,,,,,,,2.6e-05,99923.3359375,2024-12-07,-0.000778,4002.692626953125,2024-12-07,,,,,2024-12-07,0.001683,0.001683,GOLD,0.4176,0.1102,unknown,unknown,unknown,unknown,flat,retrospective_derived,2026-08-31T03:54:07Z
2024-12-08,,,,,,,,,,,,,,,,,,,,,,0.013137,101236.015625,2024-12-08,0.000752,4005.70458984375,2024-12-08,,,,,2024-12-08,0.0,0.001683,DXY,0.3739,0.0012,unknown,unknown,unknown,unknown,up,retrospective_derived,2026-08-31T03:54:07Z
2024-12-09,0.001699,106.1500015258789,2024-12-09,0.009967,2664.89990234375,2024-12-09,-0.007988,21483.75,2024-12-09,-0.005452,6065.75,2024-12-09,0.011563,4.198999881744385,2024-12-09,0.111198,14.1899995803833,2024-12-09,0.017411,68.37000274658203,2024-12-09,-0.037569,97432.71875,2024-12-09,-0.071651,3718.6904296875,2024-12-09,-0.001178,150.02999877929688,2024-12-09,,2024-12-09,0.0,0.001683,GOLD,0.3886,0.0353,risk_off,calm,unknown,up,down,retrospective_derived,2026-08-31T03:54:07Z
2024-12-10,0.002355,106.4000015258789,2024-12-10,0.012271,2697.60009765625,2024-12-10,-0.003654,21405.25,2024-12-10,-0.003215,6046.25,2024-12-10,0.005239,4.2210001945495605,2024-12-10,-0.000705,14.18000030517578,2024-12-10,0.003218,68.58999633789062,2024-12-10,-0.007772,96675.4296875,2024-12-10,-0.023357,3631.833740234375,2024-12-10,0.009185,151.4080047607422,2024-12-10,0.022,2024-12-10,-0.005452,-0.005452,GOLD,0.3811,0.0195,neutral,calm,up,up,down,retrospective_derived,2026-08-31T03:54:07Z
2024-12-11,0.002914,106.70999908447266,2024-12-11,0.013419,2733.800048828125,2024-12-11,0.018138,21793.5,2024-12-11,0.007691,6092.75,2024-12-11,0.011845,4.270999908447266,2024-12-11,-0.042313,13.579999923706056,2024-12-11,0.024785,70.29000091552734,2024-12-11,0.046523,101173.03125,2024-12-11,0.055341,3832.822021484375,2024-12-11,0.002635,151.8070068359375,2024-12-11,0.05,2024-12-11,-0.003215,-0.003215,US10Y,0.3681,0.0061,risk_on,calm,up,up,up,retrospective_derived,2026-08-31T03:54:07Z
2024-12-12,0.002343,106.95999908447266,2024-12-12,-0.016936,2687.5,2024-12-12,-0.006527,21651.25,2024-12-12,-0.005252,6060.75,2024-12-12,0.012409,4.323999881744385,2024-12-12,0.025037,13.920000076293944,2024-12-12,-0.003841,70.0199966430664,2024-12-12,-0.011169,100043.0,2024-12-12,0.013118,3883.1015625,2024-12-12,0.002885,152.2449951171875,2024-12-12,0.053,2024-12-12,0.007691,0.007691,US10Y,0.3899,0.0274,neutral,calm,up,up,down,retrospective_derived,2026-08-31T03:54:07Z
2024-12-13,0.000374,107.0,2024-12-13,-0.011721,2656.0,2024-12-13,0.006674,21795.75,2024-12-13,-0.000866,6055.5,2024-12-13,0.017345,4.39900016784668,2024-12-13,-0.007902,13.8100004196167,2024-12-13,0.018138,71.29000091552734,2024-12-13,0.014156,101459.2578125,2024-12-13,0.007237,3911.205322265625,2024-12-13,0.002246,152.58700561523438,2024-12-13,0.075,2024-12-13,-0.005252,-0.005252,US10Y,0.3976,0.0417,neutral,calm,up,flat,up,retrospective_derived,2026-08-31T03:54:07Z
2024-12-14,,,,,,,,,,,,,,,,,,,,,,-0.00085,101372.96875,2024-12-14,-0.010943,3868.4052734375,2024-12-14,,,,,2024-12-14,-0.000866,-0.000866,US10Y,0.397,0.0401,unknown,unknown,unknown,unknown,flat,retrospective_derived,2026-08-31T03:54:07Z
2024-12-15,,,,,,,,,,,,,,,,,,,,,,0.028861,104298.6953125,2024-12-15,0.021594,3951.941162109375,2024-12-15,,,,,2024-12-15,0.0,-0.000866,ETH,0.4046,0.0015,unknown,unknown,unknown,unknown,up,retrospective_derived,2026-08-31T03:54:07Z
2024-12-16,-0.001308,106.86000061035156,2024-12-16,-0.001732,2651.39990234375,2024-12-16,0.014429,22110.25,2024-12-16,0.004128,6080.5,2024-12-16,-0.000455,4.396999835968018,2024-12-16,0.063722,14.6899995803833,2024-12-16,-0.008136,70.70999908447266,2024-12-16,0.016597,106029.71875,2024-12-16,0.008993,3987.48095703125,2024-12-16,0.005675,153.4530029296875,2024-12-16,,2024-12-16,0.0,-0.000866,BTC,0.4144,0.0137,mixed,calm,unknown,flat,up,retrospective_derived,2026-08-31T03:54:07Z
2024-12-17,0.000936,106.95999908447266,2024-12-17,-0.00264,2644.39990234375,2024-12-17,-0.004319,22014.75,2024-12-17,-0.004399,6053.75,2024-12-17,-0.002729,4.385000228881836,2024-12-17,0.080327,15.869999885559082,2024-12-17,-0.00891,70.08000183105469,2024-12-17,0.001046,106140.6015625,2024-12-17,-0.025258,3886.76611328125,2024-12-17,0.004125,154.08599853515625,2024-12-17,-0.012,2024-12-17,0.004128,0.004128,NASDAQ,0.4418,0.0756,risk_off,calm,flat,flat,flat,retrospective_derived,2026-08-31T03:54:07Z
2024-12-18,0.010004,108.02999877929688,2024-12-18,-0.002987,2636.5,2024-12-18,-0.036158,21218.75,2024-12-18,-0.029981,5872.25,2024-12-18,0.024857,4.49399995803833,2024-12-18,0.740391,27.6200008392334,2024-12-18,0.007135,70.58000183105469,2024-12-18,-0.057462,100041.5390625,2024-12-18,-0.068945,3618.791259765625,2024-12-18,-0.003336,153.57200622558594,2024-12-18,0.109,2024-12-18,-0.004399,-0.004399,VIX,0.7275,0.078,risk_off,stressed,up,up,down,retrospective_derived,2026-08-31T03:54:07Z
2024-12-19,0.003518,108.41000366210938,2024-12-19,-0.016803,2592.199951171875,2024-12-19,-0.004996,21112.75,2024-12-19,-0.000596,5868.75,2024-12-19,0.016911,4.570000171661377,2024-12-19,-0.127806,24.09000015258789,2024-12-19,-0.009493,69.91000366210938,2024-12-19,-0.025495,97490.953125,2024-12-19,-0.055506,3417.927978515625,2024-12-19,0.007169,154.67300415039062,2024-12-19,0.076,2024-12-19,-0.029981,-0.029981,VIX,0.6848,0.0739,neutral,stressed,up,up,down,retrospective_derived,2026-08-31T03:54:07Z
2024-12-20,-0.007287,107.62000274658205,2024-12-20,0.014081,2628.699951171875,2024-12-20,-0.007804,20947.98046875,2024-12-20,-0.004855,5840.259765625,2024-12-20,-0.010066,4.52400016784668,2024-12-20,-0.237858,18.36000061035156,2024-12-20,-0.006437,69.45999908447266,2024-12-20,0.002718,97755.9296875,2024-12-20,0.015982,3472.553466796875,2024-12-20,0.019208,157.6439971923828,2024-12-20,-0.046,2024-12-20,-0.000596,-0.000596,VIX,0.7705,0.2298,mixed,elevated,down,down,up,retrospective_derived,2026-08-31T03:54:07Z
2024-12-21,,,,,,,,,,,,,,,,,,,,,,-0.005434,97224.7265625,2024-12-21,-0.038972,3337.222412109375,2024-12-21,,,,,2024-12-21,-0.004855,-0.004855,VIX,0.7751,0.2324,unknown,unknown,unknown,unknown,down,retrospective_derived,2026-08-31T03:54:07Z
2024-12-22,,,,,,,,,,,,,,,,,,,,,,-0.021803,95104.9375,2024-12-22,-0.017885,3277.53515625,2024-12-22,,,,,2024-12-22,0.0,-0.004855,VIX,0.8633,0.295,unknown,unknown,unknown,unknown,down,retrospective_derived,2026-08-31T03:54:07Z
2024-12-23,0.003903,108.04000091552734,2024-12-23,-0.006239,2612.300048828125,2024-12-23,0.038441,21753.25,2024-12-23,0.033516,6036.0,2024-12-23,0.016578,4.598999977111816,2024-12-23,-0.086057,16.780000686645508,2024-12-23,-0.003167,69.23999786376953,2024-12-23,-0.004402,94686.2421875,2024-12-23,0.042181,3415.785400390625,2024-12-23,-0.007047,156.5330047607422,2024-12-23,,2024-12-23,0.0,-0.004855,VIX,0.8299,0.238,risk_on,elevated,unknown,up,down,retrospective_derived,2026-08-31T03:54:07Z
2024-12-24,0.002036,108.26000213623048,2024-12-24,0.002948,2620.0,2024-12-24,0.012653,22028.5,2024-12-24,0.010272,6098.0,2024-12-24,-0.001739,4.591000080108643,2024-12-24,-0.149583,14.270000457763672,2024-12-24,0.012421,70.0999984741211,2024-12-24,0.042138,98676.09375,2024-12-24,0.022327,3492.0498046875,2024-12-24,0.004037,157.1649932861328,2024-12-24,-0.008,2024-12-24,0.033516,0.033516,VIX,0.9057,0.3313,risk_on,calm,flat,up,up,retrospective_derived,2026-08-31T03:54:07Z
2024-12-25,,,,,,,,,,,,,,,,,,,,,,0.006315,99299.1953125,2024-12-25,0.000339,3493.2353515625,2024-12-25,-0.000369,157.10699462890625,2024-12-25,,2024-12-25,0.010272,0.010272,VIX,0.9945,0.3815,unknown,unknown,unknown,unknown,up,retrospective_derived,2026-08-31T03:54:07Z
2024-12-26,-0.001201,108.12999725341795,2024-12-26,0.007176,2638.800048828125,2024-12-26,-0.000931,22008.0,2024-12-26,-0.000451,6095.25,2024-12-26,-0.002614,4.578999996185303,2024-12-26,0.032235,14.729999542236328,2024-12-26,-0.006847,69.62000274658203,2024-12-26,-0.035284,95795.515625,2024-12-26,-0.046378,3331.225830078125,2024-12-26,0.000165,157.13299560546875,2024-12-26,,2024-12-26,0.0,0.010272,VIX,0.9767,0.3921,neutral,calm,unknown,flat,down,retrospective_derived,2026-08-31T03:54:07Z
2024-12-27,-0.001202,108.0,2024-12-27,-0.008186,2617.199951171875,2024-12-27,-0.014063,21698.5,2024-12-27,-0.011197,6027.0,2024-12-27,0.008736,4.61899995803833,2024-12-27,0.082824,15.949999809265137,2024-12-27,0.014076,70.5999984741211,2024-12-27,-0.017022,94164.859375,2024-12-27,-0.000693,3328.9169921875,2024-12-27,0.003914,157.7480010986328,2024-12-27,0.04,2024-12-27,-0.000451,-0.000451,VIX,0.9473,0.385,risk_off,calm,up,flat,down,retrospective_derived,2026-08-31T03:54:07Z
2024-12-28,,,,,,,,,,,,,,,,,,,,,,0.01061,95163.9296875,2024-12-28,0.020723,3397.90234375,2024-12-28,,,,,2024-12-28,-0.011197,-0.011197,VIX,0.9431,0.3784,unknown,unknown,unknown,unknown,up,retrospective_derived,2026-08-31T03:54:07Z
2024-12-29,,,,,,,,,,,,,,,,,,,,,,-0.017167,93530.2265625,2024-12-29,-0.014241,3349.513427734375,2024-12-29,,,,,2024-12-29,0.0,-0.011197,VIX,0.9544,0.3522,unknown,unknown,unknown,unknown,down,retrospective_derived,2026-08-31T03:54:07Z
2024-12-30,0.001204,108.12999725341795,2024-12-30,-0.004241,2606.10009765625,2024-12-30,-0.013008,21416.25,2024-12-30,-0.011324,5958.75,2024-12-30,-0.016021,4.545000076293945,2024-12-30,0.090909,17.399999618530273,2024-12-30,0.005524,70.98999786376953,2024-12-30,-0.009484,92643.2109375,2024-12-30,0.002054,3356.392578125,2024-12-30,0.000792,157.8730010986328,2024-12-30,,2024-12-30,0.0,-0.011197,VIX,0.9826,0.3768,risk_off,elevated,unknown,flat,down,retrospective_derived,2026-08-31T03:54:07Z
2024-12-31,0.003329,108.48999786376952,2024-12-31,0.008864,2629.199951171875,2024-12-31,-0.00886,21226.5,2024-12-31,-0.00386,5935.75,2024-12-31,0.006161,4.572999954223633,2024-12-31,-0.002874,17.350000381469727,2024-12-31,0.010283,71.72000122070312,2024-12-31,0.008484,93429.203125,2024-12-31,-0.007109,3332.53173828125,2024-12-31,-0.005561,156.9949951171875,2024-12-31,0.028,2024-12-31,-0.011324,-0.011324,VIX,0.9882,0.4203,neutral,elevated,up,up,up,retrospective_derived,2026-08-31T03:54:07Z
2025-01-01,,,,,,,,,,,,,,,,,,,,,,0.010602,94419.7578125,2025-01-01,0.006293,3353.504150390625,2025-01-01,,,,,2025-01-01,-0.00386,-0.00386,VIX,1.1344,0.5159,unknown,unknown,unknown,unknown,up,retrospective_derived,2026-08-31T03:54:07Z
2025-01-02,0.008296,109.38999938964844,2025-01-02,0.011296,2658.89990234375,2025-01-02,-0.00278,21167.5,2025-01-02,-0.003243,5916.5,2025-01-02,0.000437,4.574999809265137,2025-01-02,0.033429,17.93000030517578,2025-01-02,0.01966,73.12999725341797,2025-01-02,0.026129,96886.875,2025-01-02,0.02919,3451.392578125,2025-01-02,0.004612,157.718994140625,2025-01-02,,2025-01-02,0.0,-0.00386,VIX,1.1371,0.5166,risk_off,elevated,unknown,up,up,retrospective_derived,2026-08-31T03:54:07Z
2025-01-03,-0.004022,108.9499969482422,2025-01-03,-0.005228,2645.0,2025-01-03,0.016488,21516.5,2025-01-03,0.012338,5989.5,2025-01-03,0.00459,4.5960001945495605,2025-01-03,-0.10039,16.1299991607666,2025-01-03,0.01135,73.95999908447266,2025-01-03,0.012598,98107.4296875,2025-01-03,0.044509,3605.009765625,2025-01-03,-0.002263,157.36199951171875,2025-01-03,0.021,2025-01-03,-0.003243,-0.003243,VIX,1.0821,0.4344,risk_on,elevated,up,down,up,retrospective_derived,2026-08-31T03:54:07Z
2025-01-04,,,,,,,,,,,,,,,,,,,,,,0.001313,98236.2265625,2025-01-04,0.014618,3657.706787109375,2025-01-04,,,,,2025-01-04,0.012338,0.012338,VIX,1.0958,0.4338,unknown,unknown,unknown,unknown,flat,retrospective_derived,2026-08-31T03:54:07Z
2025-01-05,,,,,,,,,,,,,,,,,,,,,,0.000801,98314.9609375,2025-01-05,-0.006453,3634.103759765625,2025-01-05,,,,,2025-01-05,0.0,0.012338,VIX,1.1801,0.4882,unknown,unknown,unknown,unknown,flat,retrospective_derived,2026-08-31T03:54:07Z
2025-01-06,-0.006333,108.26000213623048,2025-01-06,-0.002495,2638.39990234375,2025-01-06,0.010597,21744.5,2025-01-06,0.005176,6020.5,2025-01-06,0.004787,4.618000030517578,2025-01-06,-0.00558,16.040000915527344,2025-01-06,-0.005408,73.55999755859375,2025-01-06,0.038276,102078.0859375,2025-01-06,0.014999,3688.611328125,2025-01-06,0.000756,157.4810028076172,2025-01-06,,2025-01-06,0.0,0.012338,VIX,1.1343,0.415,neutral,elevated,unknown,down,up,retrospective_derived,2026-08-31T03:54:07Z
2025-01-07,0.002586,108.54000091552734,2025-01-07,0.006936,2656.699951171875,2025-01-07,-0.017694,21359.75,2025-01-07,-0.011004,5954.25,2025-01-07,0.014075,4.683000087738037,2025-01-07,0.110972,17.81999969482422,2025-01-07,0.00938,74.25,2025-01-07,-0.050504,96922.703125,2025-01-07,-0.083238,3381.577392578125,2025-01-07,0.001664,157.7429962158203,2025-01-07,0.065,2025-01-07,0.005176,0.005176,SPX,0.6179,0.0343,risk_off,elevated,up,up,down,retrospective_derived,2026-08-31T03:54:07Z
2025-01-08,0.005067,109.08999633789062,2025-01-08,0.002936,2664.5,2025-01-08,4.7e-05,21360.75,2025-01-08,0.00084,5959.25,2025-01-08,0.002135,4.692999839782715,2025-01-08,-0.006734,17.700000762939453,2025-01-08,-0.012525,73.31999969482422,2025-01-08,-0.019388,95043.5234375,2025-01-08,-0.016338,3326.329345703125,2025-01-08,0.003125,158.23599243164062,2025-01-08,0.01,2025-01-08,-0.011004,-0.011004,SPX,0.662,0.0473,neutral,elevated,flat,up,down,retrospective_derived,2026-08-31T03:54:07Z
2025-01-09,0.000825,109.18000030517578,2025-01-09,0.007243,2683.800048828125,2025-01-09,-0.002774,21301.5,2025-01-09,-0.002433,5944.75,2025-01-09,,,,,,,0.008183,73.91999816894531,2025-01-09,-0.02693,92484.0390625,2025-01-09,-0.032137,3219.4306640625,2025-01-09,-0.000278,158.19200134277344,2025-01-09,,2025-01-09,0.00084,0.00084,SPX,0.692,0.0207,unknown,unknown,unknown,flat,down,retrospective_derived,2026-08-31T03:54:07Z
2025-01-10,0.004305,109.6500015258789,2025-01-10,0.009203,2708.5,2025-01-10,-0.013403,21016.0,2025-01-10,-0.013205,5866.25,2025-01-10,0.017686,4.776000022888184,2025-01-10,0.103955,19.540000915527344,2025-01-10,0.03585,76.56999969482422,2025-01-10,0.023976,94701.453125,2025-01-10,0.014928,3267.489990234375,2025-01-10,-0.00091,158.04800415039062,2025-01-10,,2025-01-10,-0.002433,-0.002433,SPX,0.7286,0.0527,risk_off,elevated,unknown,up,up,retrospective_derived,2026-08-31T03:54:07Z
2025-01-11,,,,,,,,,,,,,,,,,,,,,,-0.001424,94566.59375,2025-01-11,0.004507,3282.2177734375,2025-01-11,,,,,2025-01-11,-0.013205,-0.013205,SPX,0.7272,0.0553,unknown,unknown,unknown,unknown,flat,retrospective_derived,2026-08-31T03:54:07Z
2025-01-12,,,,,,,,,,,,,,,,,,,,,,-0.000826,94488.4375,2025-01-12,-0.004956,3265.951171875,2025-01-12,,,,,2025-01-12,0.0,-0.013205,NASDAQ,0.4924,0.0029,unknown,unknown,unknown,unknown,flat,retrospective_derived,2026-08-31T03:54:07Z
2025-01-13,0.002827,109.95999908447266,2025-01-13,-0.012922,2673.5,2025-01-13,-0.003271,20947.25,2025-01-13,0.001406,5874.5,2025-01-13,0.005653,4.802999973297119,2025-01-13,-0.017912,19.190000534057617,2025-01-13,0.029385,78.81999969482422,2025-01-13,0.000297,94516.5234375,2025-01-13,-0.039943,3135.499755859375,2025-01-13,-0.001019,157.88699340820312,2025-01-13,,2025-01-13,0.0,-0.013205,NASDAQ,0.4626,0.0132,neutral,elevated,unknown,up,flat,retrospective_derived,2026-08-31T03:54:07Z
2025-01-14,-0.006275,109.2699966430664,2025-01-14,0.001496,2677.5,2025-01-14,-0.001325,20919.5,2025-01-14,0.001319,5882.25,2025-01-14,-0.003123,4.788000106811523,2025-01-14,-0.025013,18.709999084472656,2025-01-14,-0.016747,77.5,2025-01-14,0.021346,96534.046875,2025-01-14,0.028125,3223.6845703125,2025-01-14,-0.003312,157.36399841308594,2025-01-14,-0.015,2025-01-14,0.001406,0.001406,SPX,0.4728,0.0217,neutral,elevated,flat,down,up,retrospective_derived,2026-08-31T03:54:07Z
2025-01-15,-0.001647,109.08999633789062,2025-01-15,0.013072,2712.5,2025-01-15,0.022981,21400.25,2025-01-15,0.018148,5989.0,2025-01-15,-0.028196,4.652999877929688,2025-01-15,-0.138429,16.1200008392334,2025-01-15,0.032774,80.04000091552734,2025-01-15,0.04113,100504.4921875,2025-01-15,0.070371,3450.53759765625,2025-01-15,0.004359,158.0500030517578,2025-01-15,-0.135,2025-01-15,0.001319,0.001319,SPX,0.5588,0.0006,risk_on,elevated,down,down,up,retrospective_derived,2026-08-31T03:54:07Z
2025-01-16,-0.001192,108.95999908447266,2025-01-16,0.012498,2746.39990234375,2025-01-16,-0.007033,21249.75,2025-01-16,-0.002254,5975.5,2025-01-16,-0.010101,4.605999946594238,2025-01-16,0.029777,16.600000381469727,2025-01-16,-0.016992,78.68000030517578,2025-01-16,-0.007438,99756.90625,2025-01-16,-0.041209,3308.34521484375,2025-01-16,-0.011357,156.2550048828125,2025-01-16,-0.047,2025-01-16,0.018148,0.018148,NASDAQ,0.5504,0.021,neutral,elevated,down,flat,down,retrospective_derived,2026-08-31T03:54:07Z
2025-01-17,0.003579,109.3499984741211,2025-01-17,-0.000765,2744.300048828125,2025-01-17,0.016235,21594.75,2025-01-17,0.009706,6033.5,2025-01-17,0.000651,4.609000205993652,2025-01-17,-0.037952,15.970000267028809,2025-01-17,-0.010168,77.87999725341797,2025-01-17,0.047166,104462.0390625,2025-01-17,0.050104,3474.107177734375,2025-01-17,-0.005753,155.3560028076172,2025-01-17,0.003,2025-01-17,-0.002254,-0.002254,NASDAQ,0.5595,0.0127,risk_on,calm,flat,up,up,retrospective_derived,2026-08-31T03:54:07Z
2025-01-18,,,,,,,,,,,,,,,,,,,,,,-0.000517,104408.0703125,2025-01-18,-0.048449,3305.78955078125,2025-01-18,,,,,2025-01-18,0.009706,0.009706,NASDAQ,0.5544,0.0107,unknown,unknown,unknown,unknown,flat,retrospective_derived,2026-08-31T03:54:07Z
2025-01-19,,,,,,,,,,,,,,,,,,,,,,-0.031784,101089.609375,2025-01-19,-0.02929,3208.96435546875,2025-01-19,,,,,2025-01-19,0.0,0.009706,NASDAQ,0.5864,0.0101,unknown,unknown,unknown,unknown,down,retrospective_derived,2026-08-31T03:54:07Z
2025-01-20,,,,,,,,,,,,,,,,,,,,,,0.009171,102016.6640625,2025-01-20,0.021524,3278.035400390625,2025-01-20,0.006115,156.30599975585938,2025-01-20,,2025-01-20,0.0,0.009706,NASDAQ,0.5018,0.018,unknown,unknown,unknown,unknown,up,retrospective_derived,2026-08-31T03:54:07Z
2025-01-21,-0.011797,108.05999755859376,2025-01-21,0.003899,2755.0,2025-01-21,0.005314,21709.5,2025-01-21,0.008411,6084.25,2025-01-21,-0.007594,4.573999881744385,2025-01-21,-0.056982,15.0600004196167,2025-01-21,-0.025552,75.88999938964844,2025-01-21,0.04048,106146.265625,2025-01-21,0.015061,3327.40625,2025-01-21,-0.006762,155.24899291992188,2025-01-21,,2025-01-21,0.0,0.009706,SPX,0.6239,0.0638,risk_on,calm,unknown,down,up,retrospective_derived,2026-08-31T03:54:07Z
2025-01-22,0.001018,108.16999816894533,2025-01-22,0.004574,2767.60009765625,2025-01-22,0.013404,22000.5,2025-01-22,0.005958,6120.5,2025-01-22,0.005466,4.598999977111816,2025-01-22,0.002656,15.100000381469728,2025-01-22,-0.00593,75.44000244140625,2025-01-22,-0.023488,103653.0703125,2025-01-22,-0.026201,3240.224609375,2025-01-22,0.003382,155.7740020751953,2025-01-22,0.025,2025-01-22,0.008411,0.008411,SPX,0.6198,0.0465,neutral,calm,up,flat,down,retrospective_derived,2026-08-31T03:54:07Z
2025-01-23,-0.001109,108.0500030517578,2025-01-23,-0.001626,2763.10009765625,2025-01-23,0.001716,22038.25,2025-01-23,0.005147,6152.0,2025-01-23,0.00848,4.638000011444092,2025-01-23,-0.005298,15.020000457763672,2025-01-23,-0.01087,74.62000274658203,2025-01-23,0.002963,103960.171875,2025-01-23,0.029161,3334.714111328125,2025-01-23,0.004275,156.44000244140625,2025-01-23,0.039,2025-01-23,0.005958,0.005958,SPX,0.5694,0.0712,neutral,calm,up,flat,up,retrospective_derived,2026-08-31T03:54:07Z
2025-01-24,-0.005646,107.44000244140624,2025-01-24,0.005139,2777.300048828125,2025-01-24,-0.005763,21911.25,2025-01-24,-0.003048,6133.25,2025-01-24,-0.002587,4.625999927520752,2025-01-24,-0.011318,14.850000381469728,2025-01-24,0.000536,74.66000366210938,2025-01-24,0.008266,104819.484375,2025-01-24,-0.007545,3309.554931640625,2025-01-24,-0.001822,156.15499877929688,2025-01-24,-0.012,2025-01-24,0.005147,0.005147,SPX,0.5355,0.0597,neutral,calm,flat,down,up,retrospective_derived,2026-08-31T03:54:07Z
2025-01-25,,,,,,,,,,,,,,,,,,,,,,-0.001,104714.6484375,2025-01-25,0.002331,3317.26953125,2025-01-25,,,,,2025-01-25,-0.003048,-0.003048,SPX,0.5314,0.0559,unknown,unknown,unknown,unknown,flat,retrospective_derived,2026-08-31T03:54:07Z
2025-01-26,,,,,,,,,,,,,,,,,,,,,,-0.019407,102682.5,2025-01-26,-0.024458,3236.13427734375,2025-01-26,,,,,2025-01-26,0.0,-0.003048,SPX,0.5328,0.0491,unknown,unknown,unknown,unknown,down,retrospective_derived,2026-08-31T03:54:07Z
2025-01-27,-0.000931,107.33999633789062,2025-01-27,-0.01433,2737.5,2025-01-27,-0.029791,21258.5,2025-01-27,-0.014103,6046.75,2025-01-27,-0.021185,4.527999877929688,2025-01-27,0.205387,17.899999618530273,2025-01-27,-0.019957,73.16999816894531,2025-01-27,-0.005793,102087.6875,2025-01-27,-0.01768,3178.92041015625,2025-01-27,-0.002632,155.74400329589844,2025-01-27,,2025-01-27,0.0,-0.003048,SPX,0.4605,0.0195,risk_off,elevated,unknown,flat,down,retrospective_derived,2026-08-31T03:54:07Z
2025-01-28,0.004938,107.87000274658205,2025-01-28,0.010703,2766.800048828125,2025-01-28,0.015206,21581.75,2025-01-28,0.00831,6097.0,2025-01-28,0.00508,4.551000118255615,2025-01-28,-0.08324,16.40999984741211,2025-01-28,0.0082,73.7699966430664,2025-01-28,-0.007398,101332.4765625,2025-01-28,-0.032026,3077.112548828125,2025-01-28,-0.005361,154.90899658203125,2025-01-28,0.023,2025-01-28,-0.014103,-0.014103,SPX,0.4645,0.003,risk_on,elevated,up,up,down,retrospective_derived,2026-08-31T03:54:07Z
2025-01-29,0.001205,108.0,2025-01-29,0.000831,2769.10009765625,2025-01-29,-0.002711,21523.25,2025-01-29,-0.004838,6067.5,2025-01-29,0.000879,4.554999828338623,2025-01-29,0.009141,16.559999465942383,2025-01-29,-0.015589,72.62000274658203,2025-01-29,0.023396,103703.2109375,2025-01-29,0.011662,3112.9990234375,2025-01-29,0.004196,155.5590057373047,2025-01-29,0.004,2025-01-29,0.00831,0.00831,SPX,0.4685,0.0027,neutral,elevated,flat,flat,up,retrospective_derived,2026-08-31T03:54:07Z
2025-01-30,-0.001852,107.8000030517578,2025-01-30,0.019465,2823.0,2025-01-30,0.004716,21624.75,2025-01-30,0.005233,6099.25,2025-01-30,-0.00944,4.51200008392334,2025-01-30,-0.043478,15.84000015258789,2025-01-30,0.001515,72.7300033569336,2025-01-30,0.009952,104735.3046875,2025-01-30,0.043296,3247.780029296875,2025-01-30,-0.002501,155.1699981689453,2025-01-30,-0.043,2025-01-30,-0.004838,-0.004838,NASDAQ,0.5215,0.0364,risk_on,calm,down,down,up,retrospective_derived,2026-08-31T03:54:07Z
2025-01-31,0.005288,108.37000274658205,2025-01-31,-0.003719,2812.5,2025-01-31,-0.001642,21589.25,2025-01-31,-0.005247,6067.25,2025-01-31,0.012633,4.568999767303467,2025-01-31,0.037247,16.43000030517578,2025-01-31,-0.00275,72.52999877929688,2025-01-31,-0.022249,102405.0234375,2025-01-31,0.015544,3298.26513671875,2025-01-31,-0.006915,154.0970001220703,2025-01-31,0.057,2025-01-31,0.005233,0.005233,SPX,0.5014,0.0234,risk_off,elevated,up,up,down,retrospective_derived,2026-08-31T03:54:07Z
2025-02-01,,,,,,,,,,,,,,,,,,,,,,-0.01708,100655.90625,2025-02-01,-0.054555,3118.32861328125,2025-02-01,,,,,2025-02-01,-0.005247,-0.005247,SPX,0.504,0.024,unknown,unknown,unknown,unknown,down,retrospective_derived,2026-08-31T03:54:07Z
2025-02-02,,,,,,,,,,,,,,,,,,,,,,-0.029476,97688.9765625,2025-02-02,-0.080054,2868.69287109375,2025-02-02,,,,,2025-02-02,0.0,-0.005247,SPX,0.5584,0.0235,unknown,unknown,unknown,unknown,down,retrospective_derived,2026-08-31T03:54:07Z
2025-02-03,0.005721,108.98999786376952,2025-02-03,0.007609,2833.89990234375,2025-02-03,-0.008534,21405.0,2025-02-03,-0.007417,6022.25,2025-02-03,-0.00569,4.543000221252441,2025-02-03,0.133293,18.6200008392334,2025-02-03,0.008686,73.16000366210938,2025-02-03,0.038044,101405.421875,2025-02-03,0.005533,2884.566650390625,2025-02-03,0.008216,155.36300659179688,2025-02-03,,2025-02-03,0.0,-0.005247,SPX,0.537,0.0336,risk_off,elevated,unknown,up,up,retrospective_derived,2026-08-31T03:54:07Z
2025-02-04,-0.00945,107.95999908447266,2025-02-04,0.006846,2853.300048828125,2025-02-04,0.012392,21670.25,2025-02-04,0.006767,6063.0,2025-02-04,-0.006604,4.513000011444092,2025-02-04,-0.075725,17.209999084472656,2025-02-04,-0.006288,72.69999694824219,2025-02-04,-0.034846,97871.8203125,2025-02-04,-0.051833,2735.05126953125,2025-02-04,-0.000554,155.27699279785156,2025-02-04,-0.03,2025-02-04,-0.007417,-0.007417,SPX,0.401,0.0031,risk_on,elevated,down,down,down,retrospective_derived,2026-08-31T03:54:07Z
2025-02-05,-0.00352,107.58000183105467,2025-02-05,0.006414,2871.60009765625,2025-02-05,0.00428,21763.0,2025-02-05,0.003876,6086.5,2025-02-05,-0.020164,4.421999931335449,2025-02-05,-0.083672,15.770000457763672,2025-02-05,-0.022971,71.02999877929688,2025-02-05,-0.012837,96615.4453125,2025-02-05,0.019279,2787.779052734375,2025-02-05,-0.007367,154.13299560546875,2025-02-05,-0.091,2025-02-05,0.006767,0.006767,SPX,0.408,0.0133,risk_on,calm,down,down,down,retrospective_derived,2026-08-31T03:54:07Z
2025-02-06,0.001023,107.69000244140624,2025-02-06,-0.005433,2856.0,2025-02-06,0.004997,21871.75,2025-02-06,0.003204,6106.0,2025-02-06,0.004071,4.440000057220459,2025-02-06,-0.017121,15.5,2025-02-06,-0.005913,70.61000061035156,2025-02-06,-0.000229,96593.296875,2025-02-06,-0.035648,2688.40087890625,2025-02-06,-0.009907,152.6060028076172,2025-02-06,0.018,2025-02-06,0.003876,0.003876,NASDAQ,0.4146,0.012,neutral,calm,flat,flat,flat,retrospective_derived,2026-08-31T03:54:07Z
2025-02-07,0.00325,108.04000091552734,2025-02-07,0.003957,2867.300048828125,2025-02-07,-0.012848,21590.75,2025-02-07,-0.009253,6049.5,2025-02-07,0.010586,4.486999988555908,2025-02-07,0.067097,16.540000915527344,2025-02-07,0.005523,71.0,2025-02-07,-0.000665,96529.0859375,2025-02-07,-0.02462,2622.211181640625,2025-02-07,-0.009259,151.1929931640625,2025-02-07,0.047,2025-02-07,0.003204,0.003204,SPX,0.3722,0.0011,risk_off,elevated,up,up,flat,retrospective_derived,2026-08-31T03:54:07Z
2025-02-08,,,,,,,,,,,,,,,,,,,,,,-0.000483,96482.453125,2025-02-08,0.003851,2632.308349609375,2025-02-08,,,,,2025-02-08,-0.009253,-0.009253,SPX,0.3715,0.0044,unknown,unknown,unknown,unknown,flat,retrospective_derived,2026-08-31T03:54:07Z
2025-02-09,,,,,,,,,,,,,,,,,,,,,,0.000183,96500.09375,2025-02-09,-0.001363,2628.72119140625,2025-02-09,,,,,2025-02-09,0.0,-0.009253,SPX,0.3715,0.0044,unknown,unknown,unknown,unknown,flat,retrospective_derived,2026-08-31T03:54:07Z
2025-02-10,0.002592,108.31999969482422,2025-02-10,0.016392,2914.300048828125,2025-02-10,0.011845,21846.5,2025-02-10,0.006488,6088.75,2025-02-10,0.001337,4.493000030517578,2025-02-10,-0.044135,15.8100004196167,2025-02-10,0.018592,72.31999969482422,2025-02-10,0.009715,97437.5546875,2025-02-10,0.012343,2661.166748046875,2025-02-10,0.004319,151.8459930419922,2025-02-10,,2025-02-10,0.0,-0.009253,NASDAQ,0.4175,0.0274,risk_on,calm,unknown,up,up,retrospective_derived,2026-08-31T03:54:07Z
2025-02-11,-0.003323,107.95999908447266,2025-02-11,-0.000618,2912.5,2025-02-11,-0.002735,21786.75,2025-02-11,0.000575,6092.25,2025-02-11,0.009793,4.537000179290772,2025-02-11,0.013283,16.020000457763672,2025-02-11,0.013827,73.31999969482422,2025-02-11,-0.017346,95747.4296875,2025-02-11,-0.02194,2602.781982421875,2025-02-11,-0.000573,151.75900268554688,2025-02-11,0.044,2025-02-11,0.006488,0.006488,VIX,0.3718,0.0063,neutral,elevated,up,down,down,retrospective_derived,2026-08-31T03:54:07Z
2025-02-12,-0.000185,107.94000244140624,2025-02-12,-0.001202,2909.0,2025-02-12,0.000826,21804.75,2025-02-12,-0.003201,6072.75,2025-02-12,0.022041,4.63700008392334,2025-02-12,-0.008115,15.890000343322754,2025-02-12,-0.026596,71.37000274658203,2025-02-12,0.022334,97885.859375,2025-02-12,0.05153,2736.902099609375,2025-02-12,0.006458,152.73899841308594,2025-02-12,0.1,2025-02-12,0.000575,0.000575,SPX,0.3826,0.013,neutral,calm,up,flat,up,retrospective_derived,2026-08-31T03:54:07Z
2025-02-13,-0.005837,107.30999755859376,2025-02-13,0.00581,2925.89990234375,2025-02-13,0.014148,22113.25,2025-02-13,0.010292,6135.25,2025-02-13,-0.024154,4.525000095367432,2025-02-13,-0.049717,15.100000381469728,2025-02-13,-0.001121,71.29000091552734,2025-02-13,-0.012892,96623.8671875,2025-02-13,-0.022288,2675.902587890625,2025-02-13,0.009925,154.2550048828125,2025-02-13,-0.112,2025-02-13,-0.003201,-0.003201,SPX,0.4599,0.0621,risk_on,calm,down,down,down,retrospective_derived,2026-08-31T03:54:07Z
2025-02-14,-0.006896,106.56999969482422,2025-02-14,-0.014457,2883.60009765625,2025-02-14,0.003753,22196.25,2025-02-14,-0.00053,6132.0,2025-02-14,-0.011713,4.4720001220703125,2025-02-14,-0.021854,14.770000457763672,2025-02-14,-0.007715,70.73999786376953,2025-02-14,0.00916,97508.96875,2025-02-14,0.018756,2726.091552734375,2025-02-14,-0.008207,152.98899841308594,2025-02-14,-0.053,2025-02-14,0.010292,0.010292,SPX,0.4181,0.0572,neutral,calm,down,down,up,retrospective_derived,2026-08-31T03:54:07Z
2025-02-15,,,,,,,,,,,,,,,,,,,,,,0.000732,97580.3515625,2025-02-15,-0.011933,2693.559814453125,2025-02-15,,,,,2025-02-15,-0.00053,-0.00053,SPX,0.4157,0.0564,unknown,unknown,unknown,unknown,flat,retrospective_derived,2026-08-31T03:54:07Z
2025-02-16,,,,,,,,,,,,,,,,,,,,,,-0.014402,96175.03125,2025-02-16,-0.011228,2663.31591796875,2025-02-16,,,,,2025-02-16,0.0,-0.00053,SPX,0.4044,0.0355,unknown,unknown,unknown,unknown,down,retrospective_derived,2026-08-31T03:54:07Z
2025-02-17,,,,,,,,,,,,,,,,,,,,,,-0.004176,95773.3828125,2025-02-17,0.029994,2743.19970703125,2025-02-17,-0.006314,152.0229949951172,2025-02-17,,2025-02-17,0.0,-0.00053,DXY,0.4382,0.0409,unknown,unknown,unknown,unknown,down,retrospective_derived,2026-08-31T03:54:07Z
2025-02-18,0.004504,107.0500030517578,2025-02-18,0.016646,2931.60009765625,2025-02-18,0.001622,22232.25,2025-02-18,0.002405,6146.75,2025-02-18,0.0161,4.544000148773193,2025-02-18,0.039269,15.350000381469728,2025-02-18,0.015691,71.8499984741211,2025-02-18,-0.002442,95539.546875,2025-02-18,-0.026925,2669.3388671875,2025-02-18,-0.003809,151.44400024414062,2025-02-18,,2025-02-18,0.0,-0.00053,DXY,0.4771,0.1128,neutral,calm,unknown,up,down,retrospective_derived,2026-08-31T03:54:07Z
2025-02-19,0.001121,107.16999816894533,2025-02-19,-0.004162,2919.39990234375,2025-02-19,0.000821,22250.5,2025-02-19,0.002644,6163.0,2025-02-19,-0.001981,4.534999847412109,2025-02-19,-0.005212,15.270000457763672,2025-02-19,0.005567,72.25,2025-02-19,0.011472,96635.609375,2025-02-19,0.017395,2715.77099609375,2025-02-19,0.003216,151.93099975585938,2025-02-19,-0.009,2025-02-19,0.002405,0.002405,DXY,0.4823,0.1327,neutral,calm,flat,flat,up,retrospective_derived,2026-08-31T03:54:07Z
2025-02-20,-0.007745,106.33999633789062,2025-02-20,0.007056,2940.0,2025-02-20,-0.004888,22141.75,2025-02-20,-0.0043,6136.5,2025-02-20,-0.007718,4.5,2025-02-20,0.02554,15.65999984741211,2025-02-20,0.004429,72.56999969482422,2025-02-20,0.017575,98333.9375,2025-02-20,0.009064,2740.386474609375,2025-02-20,-0.00468,151.22000122070312,2025-02-20,-0.035,2025-02-20,0.002644,0.002644,DXY,0.4322,0.1054,neutral,calm,down,down,up,retrospective_derived,2026-08-31T03:54:07Z
2025-02-21,0.002539,106.61000061035156,2025-02-21,-0.000816,2937.60009765625,2025-02-21,-0.020888,21679.25,2025-02-21,-0.017518,6029.0,2025-02-21,-0.017778,4.420000076293945,2025-02-21,0.162835,18.209999084472656,2025-02-21,-0.029902,70.4000015258789,2025-02-21,-0.022458,96125.546875,2025-02-21,-0.02946,2659.655517578125,2025-02-21,-0.011983,149.4080047607422,2025-02-21,-0.08,2025-02-21,-0.0043,-0.0043,DXY,0.3556,0.0055,risk_off,elevated,down,up,down,retrospective_derived,2026-08-31T03:54:07Z
2025-02-22,,,,,,,,,,,,,,,,,,,,,,0.004704,96577.7578125,2025-02-22,0.039243,2764.029296875,2025-02-22,,,,,2025-02-22,-0.017518,-0.017518,DXY,0.3535,0.0032,unknown,unknown,unknown,unknown,up,retrospective_derived,2026-08-31T03:54:07Z
2025-02-23,,,,,,,,,,,,,,,,,,,,,,-0.003146,96273.921875,2025-02-23,0.020724,2821.310302734375,2025-02-23,,,,,2025-02-23,0.0,-0.017518,USDJPY,0.4185,0.0713,unknown,unknown,unknown,unknown,down,retrospective_derived,2026-08-31T03:54:07Z
2025-02-24,-9.4e-05,106.5999984741211,2025-02-24,0.003506,2947.89990234375,2025-02-24,-0.011947,21420.25,2025-02-24,-0.004686,6000.75,2025-02-24,-0.006109,4.39300012588501,2025-02-24,0.042284,18.979999542236328,2025-02-24,0.004261,70.69999694824219,2025-02-24,-0.050437,91418.171875,2025-02-24,-0.108988,2513.8212890625,2025-02-24,-0.000141,149.38699340820312,2025-02-24,,2025-02-24,0.0,-0.017518,USDJPY,0.3781,0.0212,risk_off,elevated,unknown,flat,down,retrospective_derived,2026-08-31T03:54:07Z
2025-02-25,-0.00272,106.30999755859376,2025-02-25,-0.014722,2904.5,2025-02-25,-0.012663,21149.0,2025-02-25,-0.005124,5970.0,2025-02-25,-0.021625,4.297999858856201,2025-02-25,0.023709,19.43000030517578,2025-02-25,-0.025035,68.93000030517578,2025-02-25,-0.029338,88736.171875,2025-02-25,-0.008047,2493.592529296875,2025-02-25,0.003193,149.86399841308594,2025-02-25,-0.095,2025-02-25,-0.004686,-0.004686,NASDAQ,0.4065,0.0348,neutral,elevated,down,down,down,retrospective_derived,2026-08-31T03:54:07Z
2025-02-26,0.001035,106.41999816894533,2025-02-26,0.004235,2916.800048828125,2025-02-26,0.001797,21187.0,2025-02-26,0.000126,5970.75,2025-02-26,-0.011401,4.249000072479248,2025-02-26,-0.016984,19.100000381469727,2025-02-26,-0.004497,68.62000274658203,2025-02-26,-0.049463,84347.0234375,2025-02-26,-0.065023,2331.45263671875,2025-02-26,-0.005245,149.0780029296875,2025-02-26,-0.049,2025-02-26,-0.005124,-0.005124,NASDAQ,0.3953,0.033,neutral,elevated,down,flat,down,retrospective_derived,2026-08-31T03:54:07Z
2025-02-27,0.007705,107.23999786376952,2025-02-27,-0.01152,2883.199951171875,2025-02-27,-0.027434,20605.75,2025-02-27,-0.015827,5876.25,2025-02-27,0.008473,4.284999847412109,2025-02-27,0.106283,21.1299991607666,2025-02-27,0.025211,70.3499984741211,2025-02-27,0.004235,84704.2265625,2025-02-27,-0.011138,2305.484375,2025-02-27,-0.00161,148.83799743652344,2025-02-27,0.036,2025-02-27,0.000126,0.000126,NASDAQ,0.4012,0.0337,risk_off,elevated,up,up,up,retrospective_derived,2026-08-31T03:54:07Z
2025-02-28,0.00345,107.61000061035156,2025-02-28,-0.016093,2836.800048828125,2025-02-28,0.015226,20919.5,2025-02-28,0.014805,5963.25,2025-02-28,-0.012602,4.230999946594238,2025-02-28,-0.070989,19.6299991607666,2025-02-28,-0.008387,69.76000213623047,2025-02-28,-0.00391,84373.0078125,2025-02-28,-0.029312,2237.9052734375,2025-02-28,0.007888,150.01199340820312,2025-02-28,-0.054,2025-02-28,-0.015827,-0.015827,NASDAQ,0.389,0.0298,risk_on,elevated,down,up,down,retrospective_derived,2026-08-31T03:54:07Z
2025-03-01,,,,,,,,,,,,,,,,,,,,,,0.019662,86031.9140625,2025-03-01,-0.009501,2216.643310546875,2025-03-01,,,,,2025-03-01,0.014805,0.014805,NASDAQ,0.3876,0.0304,unknown,unknown,unknown,unknown,up,retrospective_derived,2026-08-31T03:54:07Z
2025-03-02,,,,,,,,,,,,,,,,,,,,,,0.095505,94248.3515625,2025-03-02,0.136716,2519.694580078125,2025-03-02,,,,,2025-03-02,0.0,0.014805,NASDAQ,0.3633,0.0288,unknown,unknown,unknown,unknown,up,retrospective_derived,2026-08-31T03:54:07Z
2025-03-03,-0.007992,106.75,2025-03-03,0.018824,2890.199951171875,2025-03-03,-0.021571,20468.25,2025-03-03,-0.017189,5860.75,2025-03-03,-0.012054,4.179999828338623,2025-03-03,0.160469,22.780000686645508,2025-03-03,-0.019925,68.37000274658203,2025-03-03,-0.08682,86065.671875,2025-03-03,-0.148479,2145.573974609375,2025-03-03,0.00506,150.77099609375,2025-03-03,,2025-03-03,0.0,0.014805,ETH,0.4619,0.008,risk_off,elevated,unknown,down,down,retrospective_derived,2026-08-31T03:54:07Z
2025-03-04,-0.009461,105.73999786376952,2025-03-04,0.006712,2909.60009765625,2025-03-04,-0.003383,20399.0,2025-03-04,-0.012157,5789.5,2025-03-04,0.007177,4.210000038146973,2025-03-04,0.032046,23.51000022888184,2025-03-04,-0.001609,68.26000213623047,2025-03-04,0.013438,87222.1953125,2025-03-04,0.011391,2170.01513671875,2025-03-04,-0.009723,149.30499267578125,2025-03-04,0.03,2025-03-04,-0.017189,-0.017189,SPX,0.4881,0.0442,risk_off,elevated,up,down,up,retrospective_derived,2026-08-31T03:54:07Z
2025-03-05,0.0,105.73999786376952,2025-03-05,0.001959,2915.300048828125,2025-03-05,0.01304,20665.0,2025-03-05,0.010666,5851.25,2025-03-05,0.013064,4.264999866485596,2025-03-05,-0.067205,21.93000030517578,2025-03-05,-0.028567,66.30999755859375,2025-03-05,0.038997,90623.5625,2025-03-05,0.033162,2241.977294921875,2025-03-05,0.003309,149.7989959716797,2025-03-05,0.055,2025-03-05,-0.012157,-0.012157,SPX,0.5166,0.0277,risk_on,elevated,up,flat,up,retrospective_derived,2026-08-31T03:54:07Z
2025-03-06,-0.015888,104.05999755859376,2025-03-06,0.000446,2916.60009765625,2025-03-06,-0.027861,20089.25,2025-03-06,-0.017945,5746.25,2025-03-06,0.004924,4.285999774932861,2025-03-06,0.134063,24.8700008392334,2025-03-06,0.000754,66.36000061035156,2025-03-06,-0.007303,89961.7265625,2025-03-06,-0.017619,2202.476806640625,2025-03-06,-0.006015,148.8979949951172,2025-03-06,0.021,2025-03-06,0.010666,0.010666,SPX,0.6291,0.1018,risk_off,stressed,up,down,down,retrospective_derived,2026-08-31T03:54:07Z
2025-03-07,-0.002114,103.83999633789062,2025-03-07,-0.00408,2904.699951171875,2025-03-07,0.006994,20229.75,2025-03-07,0.005177,5776.0,2025-03-07,0.007233,4.316999912261963,2025-03-07,-0.060314,23.3700008392334,2025-03-07,0.010247,67.04000091552734,2025-03-07,-0.035782,86742.671875,2025-03-07,-0.028826,2138.987548828125,2025-03-07,-0.005306,148.10800170898438,2025-03-07,0.031,2025-03-07,-0.017945,-0.017945,SPX,0.5918,0.0958,risk_on,elevated,up,down,down,retrospective_derived,2026-08-31T03:54:07Z
2025-03-08,,,,,,,,,,,,,,,,,,,,,,-0.00678,86154.59375,2025-03-08,0.02923,2201.51025390625,2025-03-08,,,,,2025-03-08,0.005177,0.005177,SPX,0.5885,0.0984,unknown,unknown,unknown,unknown,down,retrospective_derived,2026-08-31T03:54:07Z
2025-03-09,,,,,,,,,,,,,,,,,,,,,,-0.06446,80601.0390625,2025-03-09,-0.084488,2015.5091552734373,2025-03-09,,,,,2025-03-09,0.0,0.005177,SPX,0.5885,0.0977,unknown,unknown,unknown,unknown,down,retrospective_derived,2026-08-31T03:54:07Z
2025-03-10,0.000674,103.91000366210938,2025-03-10,-0.004716,2891.0,2025-03-10,-0.038409,19452.75,2025-03-10,-0.026878,5620.75,2025-03-10,-0.024091,4.2129998207092285,2025-03-10,0.192127,27.86000061035156,2025-03-10,-0.015066,66.02999877929688,2025-03-10,-0.02567,78532.0,2025-03-10,-0.076585,1861.1513671875,2025-03-10,-0.003376,147.60800170898438,2025-03-10,,2025-03-10,0.0,0.005177,SPX,0.6987,0.1089,risk_off,stressed,unknown,flat,down,retrospective_derived,2026-08-31T03:54:07Z
2025-03-11,-0.004523,103.44000244140624,2025-03-11,0.007575,2912.89990234375,2025-03-11,-0.002763,19399.0,2025-03-11,-0.007784,5577.0,2025-03-11,0.017802,4.288000106811523,2025-03-11,-0.03374,26.920000076293945,2025-03-11,0.003332,66.25,2025-03-11,0.055139,82862.2109375,2025-03-11,0.031536,1919.844970703125,2025-03-11,-0.003652,147.06900024414062,2025-03-11,0.075,2025-03-11,-0.026878,-0.026878,SPX,0.6524,0.0749,mixed,stressed,up,down,up,retrospective_derived,2026-08-31T03:54:07Z
2025-03-12,0.001643,103.61000061035156,2025-03-12,0.008995,2939.10009765625,2025-03-12,0.011315,19618.5,2025-03-12,0.004976,5604.75,2025-03-12,0.006996,4.317999839782715,2025-03-12,-0.099926,24.229999542236328,2025-03-12,0.021585,67.68000030517578,2025-03-12,0.01038,83722.359375,2025-03-12,-0.005658,1908.982666015625,2025-03-12,0.006616,148.04200744628906,2025-03-12,0.03,2025-03-12,-0.007784,-0.007784,SPX,0.6947,0.0561,risk_on,stressed,up,up,up,retrospective_derived,2026-08-31T03:54:07Z
2025-03-13,0.002123,103.83000183105467,2025-03-13,0.015379,2984.300048828125,2025-03-13,-0.018834,19249.0,2025-03-13,-0.013783,5527.5,2025-03-13,-0.01019,4.27400016784668,2025-03-13,0.017747,24.65999984741211,2025-03-13,-0.016696,66.55000305175781,2025-03-13,-0.03172,81066.703125,2025-03-13,-0.024103,1862.9696044921875,2025-03-13,0.001601,148.2790069580078,2025-03-13,-0.044,2025-03-13,0.004976,0.004976,SPX,0.6437,0.0445,neutral,stressed,down,up,down,retrospective_derived,2026-08-31T03:54:07Z
2025-03-14,-0.001059,103.72000122070312,2025-03-14,0.003418,2994.5,2025-03-14,0.024053,19712.0,2025-03-14,0.020353,5640.0,2025-03-14,0.007955,4.308000087738037,2025-03-14,-0.117194,21.770000457763672,2025-03-14,0.009467,67.18000030517578,2025-03-14,0.035803,83969.1015625,2025-03-14,0.024959,1909.467529296875,2025-03-14,-0.002226,147.94900512695312,2025-03-14,0.034,2025-03-14,-0.013783,-0.013783,SPX,0.6997,0.0316,risk_on,elevated,up,flat,up,retrospective_derived,2026-08-31T03:54:07Z
2025-03-15,,,,,,,,,,,,,,,,,,,,,,0.004454,84343.109375,2025-03-15,0.014626,1937.3946533203125,2025-03-15,,,,,2025-03-15,0.020353,0.020353,SPX,0.7074,0.0255,unknown,unknown,unknown,unknown,up,retrospective_derived,2026-08-31T03:54:07Z
2025-03-16,,,,,,,,,,,,,,,,,,,,,,-0.020908,82579.6875,2025-03-16,-0.025787,1887.43505859375,2025-03-16,,,,,2025-03-16,0.0,0.020353,SPX,0.7501,0.0777,unknown,unknown,unknown,unknown,down,retrospective_derived,2026-08-31T03:54:07Z
2025-03-17,-0.003374,103.37000274658205,2025-03-17,0.001837,3000.0,2025-03-17,0.006075,19831.75,2025-03-17,0.007137,5680.25,2025-03-17,-0.000464,4.306000232696533,2025-03-17,-0.057878,20.51000022888184,2025-03-17,0.005954,67.58000183105469,2025-03-17,0.018116,84075.6875,2025-03-17,0.020964,1927.0029296875,2025-03-17,0.004387,148.59800720214844,2025-03-17,,2025-03-17,0.0,0.020353,SPX,0.7891,0.1125,risk_on,elevated,unknown,down,up,retrospective_derived,2026-08-31T03:54:07Z
2025-03-18,-0.001258,103.23999786376952,2025-03-18,0.0117,3035.10009765625,2025-03-18,-0.016892,19496.75,2025-03-18,-0.010959,5618.0,2025-03-18,-0.005806,4.281000137329102,2025-03-18,0.058021,21.700000762939453,2025-03-18,-0.010062,66.9000015258789,2025-03-18,-0.016142,82718.5,2025-03-18,0.002875,1932.54345703125,2025-03-18,0.005256,149.37899780273438,2025-03-18,-0.025,2025-03-18,0.007137,0.007137,SPX,0.8559,0.1101,risk_off,elevated,down,flat,down,retrospective_derived,2026-08-31T03:54:07Z
2025-03-19,0.00184,103.43000030517578,2025-03-19,0.000264,3035.89990234375,2025-03-19,0.012823,19746.75,2025-03-19,0.010769,5678.5,2025-03-19,-0.00584,4.25600004196167,2025-03-19,-0.082949,19.899999618530277,2025-03-19,0.003886,67.16000366210938,2025-03-19,0.049998,86854.2265625,2025-03-19,0.064788,2057.7490234375,2025-03-19,0.000489,149.45199584960938,2025-03-19,-0.025,2025-03-19,-0.010959,-0.010959,SPX,0.9545,0.1119,risk_on,elevated,down,up,up,retrospective_derived,2026-08-31T03:54:07Z
2025-03-20,0.004061,103.8499984741211,2025-03-20,0.001351,3040.0,2025-03-20,-0.003456,19678.5,2025-03-20,-0.002818,5662.5,2025-03-20,-0.005404,4.232999801635742,2025-03-20,-0.005025,19.799999237060547,2025-03-20,0.016379,68.26000213623047,2025-03-20,-0.030937,84167.1953125,2025-03-20,-0.036763,1982.099853515625,2025-03-20,-0.006437,148.49000549316406,2025-03-20,-0.023,2025-03-20,0.010769,0.010769,SPX,0.876,0.0958,neutral,elevated,down,up,down,retrospective_derived,2026-08-31T03:54:07Z
2025-03-21,0.002311,104.08999633789062,2025-03-21,-0.007171,3018.199951171875,2025-03-21,-0.01157,19450.810546875,2025-03-21,-0.007894,5617.7998046875,2025-03-21,0.004489,4.251999855041504,2025-03-21,-0.026263,19.280000686645508,2025-03-21,0.000293,68.27999877929688,2025-03-21,-0.001473,84043.2421875,2025-03-21,-0.008704,1964.8475341796875,2025-03-21,0.000714,148.5959930419922,2025-03-21,0.019,2025-03-21,-0.002818,-0.002818,SPX,0.829,0.0743,neutral,elevated,flat,up,flat,retrospective_derived,2026-08-31T03:54:07Z
2025-03-22,,,,,,,,,,,,,,,,,,,,,,-0.002508,83832.484375,2025-03-22,0.007731,1980.037841796875,2025-03-22,,,,,2025-03-22,-0.007894,-0.007894,SPX,0.8225,0.0937,unknown,unknown,unknown,unknown,down,retrospective_derived,2026-08-31T03:54:07Z
2025-03-23,,,,,,,,,,,,,,,,,,,,,,0.026504,86054.375,2025-03-23,0.012758,2005.2991943359373,2025-03-23,,,,,2025-03-23,0.0,-0.007894,SPX,0.7598,0.0675,unknown,unknown,unknown,unknown,up,retrospective_derived,2026-08-31T03:54:07Z
2025-03-24,0.001633,104.26000213623048,2025-03-24,-0.00169,3013.10009765625,2025-03-24,0.047476,20374.25,2025-03-24,0.035192,5815.5,2025-03-24,0.018579,4.330999851226807,2025-03-24,-0.093361,17.479999542236328,2025-03-24,0.012156,69.11000061035156,2025-03-24,0.016786,87498.9140625,2025-03-24,0.035995,2077.47900390625,2025-03-24,0.007275,149.677001953125,2025-03-24,,2025-03-24,0.0,-0.007894,SPX,0.9019,0.0262,risk_on,elevated,unknown,up,up,retrospective_derived,2026-08-31T03:54:07Z
2025-03-25,-0.000767,104.18000030517578,2025-03-25,0.003518,3023.699951171875,2025-03-25,0.005608,20488.5,2025-03-25,0.001891,5826.5,2025-03-25,-0.005541,4.307000160217285,2025-03-25,-0.018879,17.149999618530273,2025-03-25,-0.001592,69.0,2025-03-25,-0.000311,87471.703125,2025-03-25,-0.004676,2067.76416015625,2025-03-25,0.007329,150.7740020751953,2025-03-25,-0.024,2025-03-25,0.035192,0.035192,SPX,0.8813,0.0156,neutral,elevated,down,flat,flat,retrospective_derived,2026-08-31T03:54:07Z
2025-03-26,0.003552,104.5500030517578,2025-03-26,-0.000926,3020.89990234375,2025-03-26,-0.018157,20116.5,2025-03-26,-0.011499,5759.5,2025-03-26,0.007198,4.3379998207092285,2025-03-26,0.068805,18.32999992370605,2025-03-26,0.00942,69.6500015258789,2025-03-26,-0.006526,86900.8828125,2025-03-26,-0.028328,2009.1893310546875,2025-03-26,-0.005465,149.9499969482422,2025-03-26,0.031,2025-03-26,0.001891,0.001891,SPX,0.8007,0.0166,risk_off,elevated,up,up,down,retrospective_derived,2026-08-31T03:54:07Z
2025-03-27,-0.004591,104.06999969482422,2025-03-27,0.013009,3060.199951171875,2025-03-27,-0.006276,19990.25,2025-03-27,-0.003516,5739.25,2025-03-27,0.007146,4.36899995803833,2025-03-27,0.01964,18.690000534057617,2025-03-27,0.003876,69.91999816894531,2025-03-27,0.003179,87177.1015625,2025-03-27,-0.0034,2002.357421875,2025-03-27,0.003488,150.47300720214844,2025-03-27,0.031,2025-03-27,-0.011499,-0.011499,SPX,0.8034,0.011,neutral,elevated,up,down,up,retrospective_derived,2026-08-31T03:54:07Z
2025-03-28,-0.000288,104.04000091552734,2025-03-28,0.008594,3086.5,2025-03-28,-0.026676,19457.0,2025-03-28,-0.020255,5623.0,2025-03-28,-0.026093,4.255000114440918,2025-03-28,0.158373,21.649999618530277,2025-03-28,-0.008009,69.36000061035156,2025-03-28,-0.032393,84353.1484375,2025-03-28,-0.053364,1895.5029296875,2025-03-28,0.002485,150.8470001220703,2025-03-28,-0.114,2025-03-28,-0.003516,-0.003516,SPX,0.8551,0.0183,risk_off,elevated,down,flat,down,retrospective_derived,2026-08-31T03:54:07Z
2025-03-29,,,,,,,,,,,,,,,,,,,,,,-0.020812,82597.5859375,2025-03-29,-0.035971,1827.3203125,2025-03-29,,,,,2025-03-29,-0.020255,-0.020255,SPX,0.8525,0.0181,unknown,unknown,unknown,unknown,down,retrospective_derived,2026-08-31T03:54:07Z
2025-03-30,,,,,,,,,,,,,,,,,,,,,,-0.003185,82334.5234375,2025-03-30,-0.011548,1806.2186279296875,2025-03-30,,,,,2025-03-30,0.0,-0.020255,SPX,0.7529,0.0262,unknown,unknown,unknown,unknown,down,retrospective_derived,2026-08-31T03:54:07Z
2025-03-31,0.001634,104.20999908447266,2025-03-31,0.011761,3122.800048828125,2025-03-31,-0.000899,19439.5,2025-03-31,0.00538,5653.25,2025-03-31,-0.002115,4.245999813079834,2025-03-31,0.029099,22.280000686645508,2025-03-31,0.030565,71.4800033569336,2025-03-31,0.002604,82548.9140625,2025-03-31,0.009557,1823.47998046875,2025-03-31,-0.008154,149.61700439453125,2025-03-31,,2025-03-31,0.0,-0.020255,SPX,0.7768,0.0335,neutral,elevated,unknown,up,up,retrospective_derived,2026-08-31T03:54:07Z
2025-04-01,0.00048,104.26000213623048,2025-04-01,-0.001249,3118.89990234375,2025-04-01,0.008488,19604.5,2025-04-01,0.003759,5674.5,2025-04-01,-0.021196,4.156000137329102,2025-04-01,-0.02289,21.770000457763672,2025-04-01,-0.003917,71.19999694824219,2025-04-01,0.031742,85169.171875,2025-04-01,0.044975,1905.491455078125,2025-04-01,0.001978,149.91299438476562,2025-04-01,-0.09,2025-04-01,0.00538,0.00538,SPX,0.7508,0.0371,neutral,elevated,down,flat,up,retrospective_derived,2026-08-31T03:54:07Z
2025-04-02,-0.004316,103.80999755859376,2025-04-02,0.006733,3139.89990234375,2025-04-02,0.00783,19758.0,2025-04-02,0.006653,5712.25,2025-04-02,0.009625,4.196000099182129,2025-04-02,-0.011943,21.51000022888184,2025-04-02,0.007163,71.70999908447266,2025-04-02,-0.031507,82485.7109375,2025-04-02,-0.057821,1795.313232421875,2025-04-02,-0.000867,149.7830047607422,2025-04-02,0.04,2025-04-02,0.003759,0.003759,SPX,0.6434,0.0336,neutral,elevated,up,down,down,retrospective_derived,2026-08-31T03:54:07Z
2025-04-03,-0.016761,102.06999969482422,2025-04-03,-0.013663,3097.0,2025-04-03,-0.054788,18675.5,2025-04-03,-0.04893,5432.75,2025-04-03,-0.033603,4.054999828338623,2025-04-03,0.39563,30.020000457763672,2025-04-03,-0.066378,66.94999694824219,2025-04-03,0.007482,83102.828125,2025-04-03,0.011321,1815.63720703125,2025-04-03,-0.012759,147.8719940185547,2025-04-03,-0.141,2025-04-03,0.006653,0.006653,SPX,0.8864,0.0877,risk_off,stressed,down,down,up,retrospective_derived,2026-08-31T03:54:07Z
2025-04-04,0.009307,103.0199966430664,2025-04-04,-0.027446,3012.0,2025-04-04,-0.060855,17539.0,2025-04-04,-0.059362,5110.25,2025-04-04,-0.017263,3.984999895095825,2025-04-04,0.509327,45.310001373291016,2025-04-04,-0.074085,61.9900016784668,2025-04-04,0.008916,83843.8046875,2025-04-04,-0.000166,1815.335205078125,2025-04-04,-0.011097,146.2310028076172,2025-04-04,-0.07,2025-04-04,-0.04893,-0.04893,SPX,0.9924,0.1034,risk_off,stressed,down,up,up,retrospective_derived,2026-08-31T03:54:07Z
2025-04-05,,,,,,,,,,,,,,,,,,,,,,-0.004043,83504.796875,2025-04-05,-0.005157,1805.9732666015625,2025-04-05,,,,,2025-04-05,-0.059362,-0.059362,SPX,0.9824,0.0969,unknown,unknown,unknown,unknown,down,retrospective_derived,2026-08-31T03:54:07Z
2025-04-06,,,,,,,,,,,,,,,,,,,,,,-0.063353,78214.484375,2025-04-06,-0.126937,1576.72802734375,2025-04-06,,,,,2025-04-06,0.0,-0.059362,SPX,1.0142,0.0907,unknown,unknown,unknown,unknown,down,retrospective_derived,2026-08-31T03:54:07Z
2025-04-07,0.00233,103.26000213623048,2025-04-07,-0.020153,2951.300048828125,2025-04-07,0.001383,17563.25,2025-04-07,-0.002544,5097.25,2025-04-07,0.04266,4.15500020980835,2025-04-07,0.036857,46.97999954223633,2025-04-07,-0.02081,60.70000076293945,2025-04-07,0.013052,79235.3359375,2025-04-07,-0.013628,1555.240966796875,2025-04-07,-0.005457,145.43299865722656,2025-04-07,,2025-04-07,0.0,-0.059362,SPX,0.9528,0.095,neutral,stressed,unknown,up,up,retrospective_derived,2026-08-31T03:54:07Z
2025-04-08,-0.002905,102.95999908447266,2025-04-08,0.005794,2968.39990234375,2025-04-08,-0.018191,17243.75,2025-04-08,-0.015106,5020.25,2025-04-08,0.025752,4.26200008392334,2025-04-08,0.113878,52.33000183105469,2025-04-08,-0.018451,59.58000183105469,2025-04-08,-0.0374,76271.953125,2025-04-08,-0.053167,1472.5531005859375,2025-04-08,0.0162,147.78900146484375,2025-04-08,0.107,2025-04-08,-0.002544,-0.002544,SPX,0.8813,0.0854,risk_off,stressed,up,down,down,retrospective_derived,2026-08-31T03:54:07Z
2025-04-09,-0.000583,102.9000015258789,2025-04-09,0.029679,3056.5,2025-04-09,0.118594,19288.75,2025-04-09,0.09377,5491.0,2025-04-09,0.032379,4.400000095367432,2025-04-09,-0.357539,33.619998931884766,2025-04-09,0.046492,62.34999847412109,2025-04-09,0.082625,82573.953125,2025-04-09,0.132754,1668.0400390625,2025-04-09,-0.013154,145.84500122070312,2025-04-09,0.138,2025-04-09,-0.015106,-0.015106,SPX,1.2911,0.096,risk_on,stressed,up,flat,up,retrospective_derived,2026-08-31T03:54:07Z
2025-04-10,-0.019728,100.87000274658205,2025-04-10,0.032292,3155.199951171875,2025-04-10,-0.041695,18484.5,2025-04-10,-0.03442,5302.0,2025-04-10,-0.001364,4.394000053405762,2025-04-10,0.211184,40.720001220703125,2025-04-10,-0.036568,60.06999969482422,2025-04-10,-0.035699,79626.140625,2025-04-10,-0.087241,1522.518798828125,2025-04-10,0.010655,147.3990020751953,2025-04-10,-0.006,2025-04-10,0.09377,0.09377,SPX,1.3706,0.0924,risk_off,stressed,flat,down,down,retrospective_derived,2026-08-31T03:54:07Z
2025-04-11,-0.010806,99.77999877929688,2025-04-11,0.021235,3222.199951171875,2025-04-11,0.017474,18807.5,2025-04-11,0.016833,5391.25,2025-04-11,0.022531,4.493000030517578,2025-04-11,-0.077603,37.560001373291016,2025-04-11,0.023806,61.5,2025-04-11,0.047455,83404.8359375,2025-04-11,0.029314,1567.1497802734375,2025-04-11,-0.024776,143.7469940185547,2025-04-11,0.099,2025-04-11,-0.03442,-0.03442,SPX,1.3377,0.1022,risk_on,stressed,up,down,up,retrospective_derived,2026-08-31T03:54:07Z
2025-04-12,,,,,,,,,,,,,,,,,,,,,,0.022568,85287.109375,2025-04-12,0.048737,1643.528564453125,2025-04-12,,,,,2025-04-12,0.016833,0.016833,SPX,1.3226,0.0953,unknown,unknown,unknown,unknown,up,retrospective_derived,2026-08-31T03:54:07Z
2025-04-13,,,,,,,,,,,,,,,,,,,,,,-0.018785,83684.9765625,2025-04-13,-0.028501,1596.685791015625,2025-04-13,,,,,2025-04-13,0.0,0.016833,SPX,1.2947,0.1047,unknown,unknown,unknown,unknown,down,retrospective_derived,2026-08-31T03:54:07Z
2025-04-14,-0.001403,99.63999938964844,2025-04-14,-0.0054,3204.800048828125,2025-04-14,0.006766,18934.75,2025-04-14,0.009182,5440.75,2025-04-14,-0.028711,4.363999843597412,2025-04-14,-0.177583,30.88999938964844,2025-04-14,0.000488,61.52999877929688,2025-04-14,0.010246,84542.390625,2025-04-14,0.016336,1622.7698974609375,2025-04-14,-0.000355,143.6959991455078,2025-04-14,,2025-04-14,0.0,0.016833,SPX,1.3053,0.1186,risk_on,stressed,unknown,flat,up,retrospective_derived,2026-08-31T03:54:07Z
2025-04-15,0.005821,100.22000122070312,2025-04-15,0.004337,3218.699951171875,2025-04-15,0.001347,18960.25,2025-04-15,-0.002297,5428.25,2025-04-15,-0.009395,4.322999954223633,2025-04-15,-0.024927,30.1200008392334,2025-04-15,-0.00325,61.33000183105469,2025-04-15,-0.010331,83668.9921875,2025-04-15,-0.021037,1588.6324462890625,2025-04-15,-0.003306,143.2209930419922,2025-04-15,-0.041,2025-04-15,0.009182,0.009182,SPX,1.2764,0.1206,neutral,stressed,down,up,down,retrospective_derived,2026-08-31T03:54:07Z
2025-04-16,-0.008382,99.37999725341795,2025-04-16,0.033523,3326.60009765625,2025-04-16,-0.030327,18385.25,2025-04-16,-0.022567,5305.75,2025-04-16,-0.010178,4.27899980545044,2025-04-16,0.083665,32.63999938964844,2025-04-16,0.018588,62.470001220703125,2025-04-16,0.004361,84033.8671875,2025-04-16,-0.006627,1578.1053466796875,2025-04-16,-0.000279,143.18099975585938,2025-04-16,-0.044,2025-04-16,-0.002297,-0.002297,SPX,1.294,0.1226,risk_off,stressed,down,down,up,retrospective_derived,2026-08-31T03:54:07Z
2025-04-17,0.0,99.37999725341795,2025-04-17,-0.005381,3308.699951171875,2025-04-17,-0.000245,18380.75,2025-04-17,0.001319,5312.75,2025-04-17,0.01262,4.333000183105469,2025-04-17,-0.091605,29.649999618530277,2025-04-17,0.035377,64.68000030517578,2025-04-17,0.010256,84895.75,2025-04-17,0.002815,1582.54833984375,2025-04-17,-0.008751,141.92799377441406,2025-04-17,0.054,2025-04-17,-0.022567,-0.022567,SPX,1.25,0.1358,neutral,stressed,up,flat,up,retrospective_derived,2026-08-31T03:54:07Z
2025-04-18,,,,,,,,,,,,,,,,,,,,,,-0.005241,84450.8046875,2025-04-18,0.004029,1588.9246826171875,2025-04-18,,,,,2025-04-18,0.001319,0.001319,SPX,1.2355,0.1302,unknown,unknown,unknown,unknown,down,retrospective_derived,2026-08-31T03:54:07Z
2025-04-19,,,,,,,,,,,,,,,,,,,,,,0.007254,85063.4140625,2025-04-19,0.015103,1612.9228515625,2025-04-19,,,,,2025-04-19,0.0,0.001319,SPX,1.2269,0.1278,unknown,unknown,unknown,unknown,up,retrospective_derived,2026-08-31T03:54:07Z
2025-04-20,,,,,,,,,,,,,,,,,,,,,,0.001304,85174.3046875,2025-04-20,-0.015753,1587.5142822265625,2025-04-20,,,,,2025-04-20,0.0,0.001319,SPX,1.301,0.1134,unknown,unknown,unknown,unknown,flat,retrospective_derived,2026-08-31T03:54:07Z
2025-04-21,-0.011069,98.27999877929688,2025-04-21,0.029468,3406.199951171875,2025-04-21,-0.024945,17922.25,2025-04-21,-0.024093,5184.75,2025-04-21,0.016617,4.40500020980835,2025-04-21,0.140641,33.81999969482422,2025-04-21,-0.024737,63.08000183105469,2025-04-21,0.027527,87518.90625,2025-04-21,-0.004901,1579.7344970703125,2025-04-21,,,,,2025-04-21,0.0,0.001319,SPX,1.3512,0.1306,risk_off,stressed,unknown,down,up,retrospective_derived,2026-08-31T03:54:07Z
2025-04-22,0.006512,98.91999816894533,2025-04-22,-0.001585,3400.800048828125,2025-04-22,0.02582,18385.0,2025-04-22,0.025074,5314.75,2025-04-22,-0.003632,4.388999938964844,2025-04-22,-0.096097,30.56999969482422,2025-04-22,0.019499,64.30999755859375,2025-04-22,0.067677,93441.890625,2025-04-22,0.112422,1757.3316650390625,2025-04-22,-0.007412,140.87600708007812,2025-04-22,-0.016,2025-04-22,-0.024093,-0.024093,SPX,1.4852,0.16,risk_on,stressed,flat,up,up,retrospective_derived,2026-08-31T03:54:07Z
2025-04-23,0.0093,99.83999633789062,2025-04-23,-0.036609,3276.300048828125,2025-04-23,0.02279,18804.0,2025-04-23,0.01637,5401.75,2025-04-23,-0.000456,4.38700008392334,2025-04-23,-0.069349,28.450000762939453,2025-04-23,-0.031721,62.27000045776367,2025-04-23,0.002753,93699.109375,2025-04-23,0.022063,1796.104248046875,2025-04-23,0.012862,142.68800354003906,2025-04-23,-0.002,2025-04-23,0.025074,0.025074,SPX,1.244,0.1259,risk_on,stressed,flat,up,up,retrospective_derived,2026-08-31T03:54:07Z
2025-04-24,-0.005509,99.29000091552734,2025-04-24,0.017001,3332.0,2025-04-24,0.027547,19322.0,2025-04-24,0.020271,5511.25,2025-04-24,-0.018692,4.304999828338623,2025-04-24,-0.069596,26.46999931335449,2025-04-24,0.008351,62.790000915527344,2025-04-24,0.002611,93943.796875,2025-04-24,-0.014628,1769.8316650390625,2025-04-24,0.003749,143.22300720214844,2025-04-24,-0.082,2025-04-24,0.01637,0.01637,SPX,1.1208,0.0917,risk_on,stressed,down,down,up,retrospective_derived,2026-08-31T03:54:07Z
2025-04-25,0.001813,99.47000122070312,2025-04-25,-0.014886,3282.39990234375,2025-04-25,0.011037,19535.25,2025-04-25,0.006986,5549.75,2025-04-25,-0.009059,4.265999794006348,2025-04-25,-0.061579,24.84000015258789,2025-04-25,0.003663,63.02000045776367,2025-04-25,0.008268,94720.5,2025-04-25,0.009494,1786.634521484375,2025-04-25,-0.002402,142.87899780273438,2025-04-25,-0.039,2025-04-25,0.020271,0.020271,SPX,1.0565,0.0797,risk_on,stressed,down,up,up,retrospective_derived,2026-08-31T03:54:07Z
2025-04-26,,,,,,,,,,,,,,,,,,,,,,-0.000777,94646.9296875,2025-04-26,0.019728,1821.881103515625,2025-04-26,,,,,2025-04-26,0.006986,0.006986,SPX,1.0561,0.0799,unknown,unknown,unknown,unknown,flat,retrospective_derived,2026-08-31T03:54:07Z
2025-04-27,,,,,,,,,,,,,,,,,,,,,,-0.009425,93754.84375,2025-04-27,-0.015926,1792.864990234375,2025-04-27,,,,,2025-04-27,0.0,0.006986,SPX,1.1618,0.0879,unknown,unknown,unknown,unknown,down,retrospective_derived,2026-08-31T03:54:07Z
2025-04-28,-0.004625,99.01000213623048,2025-04-28,0.015263,3332.5,2025-04-28,-0.000371,19528.0,2025-04-28,0.000586,5553.0,2025-04-28,-0.011721,4.216000080108643,2025-04-28,0.01248,25.149999618530277,2025-04-28,-0.015392,62.04999923706055,2025-04-28,0.013054,94978.75,2025-04-28,0.003339,1798.851806640625,2025-04-28,0.006733,143.84100341796875,2025-04-28,,2025-04-28,0.0,0.006986,SPX,1.1338,0.0864,neutral,stressed,unknown,down,up,retrospective_derived,2026-08-31T03:54:07Z
2025-04-29,0.002323,99.23999786376952,2025-04-29,-0.004111,3318.800048828125,2025-04-29,0.005838,19642.0,2025-04-29,0.005538,5583.75,2025-04-29,-0.010199,4.172999858856201,2025-04-29,-0.038966,24.170000076293945,2025-04-29,-0.026269,60.41999816894531,2025-04-29,-0.007306,94284.7890625,2025-04-29,0.00018,1799.1756591796875,2025-04-29,-0.011561,142.17799377441406,2025-04-29,-0.043,2025-04-29,0.000586,0.000586,SPX,0.7373,0.0049,risk_on,stressed,down,up,down,retrospective_derived,2026-08-31T03:54:07Z
2025-04-30,0.002318,99.47000122070312,2025-04-30,-0.004158,3305.0,2025-04-30,0.00084,19658.5,2025-04-30,0.000582,5587.0,2025-04-30,0.000959,4.177000045776367,2025-04-30,0.021928,24.700000762939453,2025-04-30,-0.036577,58.209999084472656,2025-04-30,-0.000822,94207.3125,2025-04-30,-0.003002,1793.775390625,2025-04-30,0.000851,142.2989959716797,2025-04-30,0.004,2025-04-30,0.005538,0.005538,GOLD,0.6656,0.1579,neutral,stressed,flat,up,flat,retrospective_derived,2026-08-31T03:54:07Z
2025-05-01,0.007842,100.25,2025-05-01,-0.028744,3210.0,2025-05-01,0.010797,19870.75,2025-05-01,0.006488,5623.25,2025-05-01,0.012928,4.230999946594238,2025-05-01,-0.004049,24.600000381469727,2025-05-01,0.017695,59.2400016784668,2025-05-01,0.024255,96492.3359375,2025-05-01,0.025335,1839.2215576171875,2025-05-01,0.00499,143.00900268554688,2025-05-01,0.054,2025-05-01,0.000582,0.000582,GOLD,0.6214,0.1577,neutral,stressed,up,up,up,retrospective_derived,2026-08-31T03:54:07Z
2025-05-02,-0.002494,100.0,2025-05-02,0.006822,3231.89990234375,2025-05-02,0.016331,20195.25,2025-05-02,0.015249,5709.0,2025-05-02,0.021508,4.322000026702881,2025-05-02,-0.078049,22.68000030517578,2025-05-02,-0.016036,58.290000915527344,2025-05-02,0.004329,96910.0703125,2025-05-02,0.001896,1842.7078857421875,2025-05-02,0.017055,145.447998046875,2025-05-02,0.091,2025-05-02,0.006488,0.006488,GOLD,0.546,0.1002,risk_on,elevated,up,down,up,retrospective_derived,2026-08-31T03:54:07Z
2025-05-03,,,,,,,,,,,,,,,,,,,,,,-0.010507,95891.796875,2025-05-03,-0.004813,1833.8397216796875,2025-05-03,,,,,2025-05-03,0.015249,0.015249,GOLD,0.543,0.0967,unknown,unknown,unknown,unknown,down,retrospective_derived,2026-08-31T03:54:07Z
2025-05-04,,,,,,,,,,,,,,,,,,,,,,-0.016433,94315.9765625,2025-05-04,-0.013766,1808.59423828125,2025-05-04,,,,,2025-05-04,0.0,0.015249,GOLD,0.5912,0.1323,unknown,unknown,unknown,unknown,down,retrospective_derived,2026-08-31T03:54:07Z
2025-05-05,-0.0017,99.83000183105467,2025-05-05,0.024568,3311.300048828125,2025-05-05,-0.00692,20055.5,2025-05-05,-0.006525,5671.75,2025-05-05,0.004859,4.3429999351501465,2025-05-05,0.042328,23.63999938964844,2025-05-05,-0.0199,57.130001068115234,2025-05-05,0.004581,94748.0546875,2025-05-05,0.006139,1819.697509765625,2025-05-05,-0.005665,144.62399291992188,2025-05-05,,2025-05-05,0.0,0.015249,GOLD,0.6504,0.154,risk_off,elevated,unknown,down,up,retrospective_derived,2026-08-31T03:54:07Z
2025-05-06,-0.00591,99.23999786376952,2025-05-06,0.03023,3411.39990234375,2025-05-06,-0.008925,19876.5,2025-05-06,-0.00811,5625.75,2025-05-06,-0.008059,4.308000087738037,2025-05-06,0.047377,24.76000022888184,2025-05-06,0.034308,59.09000015258789,2025-05-06,0.021683,96802.4765625,2025-05-06,-0.002533,1815.0875244140625,2025-05-06,-0.006707,143.6540069580078,2025-05-06,-0.035,2025-05-06,-0.006525,-0.006525,GOLD,0.6209,0.1643,risk_off,stressed,down,down,up,retrospective_derived,2026-08-31T03:54:07Z
2025-05-07,0.003728,99.61000061035156,2025-05-07,-0.008794,3381.39990234375,2025-05-07,0.004251,19961.0,2025-05-07,0.004666,5652.0,2025-05-07,-0.00766,4.275000095367432,2025-05-07,-0.048869,23.549999237060547,2025-05-07,-0.017262,58.06999969482422,2025-05-07,0.002374,97032.3203125,2025-05-07,-0.001918,1811.606689453125,2025-05-07,-0.004309,143.03500366210938,2025-05-07,-0.033,2025-05-07,-0.00811,-0.00811,GOLD,0.6426,0.1642,risk_on,elevated,down,up,up,retrospective_derived,2026-08-31T03:54:07Z
2025-05-08,0.01034,100.63999938964844,2025-05-08,-0.025078,3296.60009765625,2025-05-08,0.009368,20148.0,2025-05-08,0.00575,5684.5,2025-05-08,0.022924,4.373000144958496,2025-05-08,-0.045435,22.479999542236328,2025-05-08,0.031686,59.90999984741211,2025-05-08,0.06399,103241.4609375,2025-05-08,0.217988,2206.5146484375,2025-05-08,0.005684,143.84800720214844,2025-05-08,0.098,2025-05-08,0.004666,0.004666,GOLD,0.6857,0.1302,risk_on,elevated,up,up,up,retrospective_derived,2026-08-31T03:54:07Z
2025-05-09,-0.002981,100.33999633789062,2025-05-09,0.01177,3335.39990234375,2025-05-09,-0.000558,20136.75,2025-05-09,-0.001143,5678.0,2025-05-09,0.000457,4.375,2025-05-09,-0.025801,21.899999618530277,2025-05-09,0.018528,61.02000045776367,2025-05-09,-0.002621,102970.8515625,2025-05-09,0.062992,2345.50732421875,2025-05-09,0.015064,146.01499938964844,2025-05-09,0.002,2025-05-09,0.00575,0.00575,GOLD,0.6428,0.1259,neutral,elevated,flat,down,down,retrospective_derived,2026-08-31T03:54:07Z
2025-05-10,,,,,,,,,,,,,,,,,,,,,,0.016757,104696.328125,2025-05-10,0.101008,2582.422607421875,2025-05-10,,,,,2025-05-10,-0.001143,-0.001143,GOLD,0.642,0.1251,unknown,unknown,unknown,unknown,up,retrospective_derived,2026-08-31T03:54:07Z
2025-05-11,,,,,,,,,,,,,,,,,,,,,,-0.005635,104106.359375,2025-05-11,-0.027952,2510.23779296875,2025-05-11,,,,,2025-05-11,0.0,-0.001143,GOLD,0.6041,0.1674,unknown,unknown,unknown,unknown,down,retrospective_derived,2026-08-31T03:54:07Z
2025-05-12,0.014451,101.79000091552734,2025-05-12,-0.034599,3220.0,2025-05-12,0.040324,20948.75,2025-05-12,0.032934,5865.0,2025-05-12,0.018743,4.456999778747559,2025-05-12,-0.160274,18.38999938964844,2025-05-12,0.015241,61.95000076293945,2025-05-12,-0.012424,102812.953125,2025-05-12,-0.005513,2496.397705078125,2025-05-12,-0.00139,145.81199645996094,2025-05-12,,2025-05-12,0.0,-0.001143,GOLD,0.7333,0.2313,risk_on,elevated,unknown,up,down,retrospective_derived,2026-08-31T03:54:07Z
2025-05-13,-0.007761,101.0,2025-05-13,0.006304,3240.300048828125,2025-05-13,0.015717,21278.0,2025-05-13,0.006735,5904.5,2025-05-13,0.009423,4.499000072479248,2025-05-13,-0.009244,18.21999931335449,2025-05-13,0.027764,63.66999816894531,2025-05-13,0.013197,104169.8125,2025-05-13,0.073599,2680.129638671875,2025-05-13,0.017132,148.30999755859375,2025-05-13,0.042,2025-05-13,0.032934,0.032934,GOLD,0.6452,0.1825,neutral,elevated,up,down,up,retrospective_derived,2026-08-31T03:54:07Z
2025-05-14,0.000396,101.04000091552734,2025-05-14,-0.018177,3181.39990234375,2025-05-14,0.005381,21392.5,2025-05-14,0.000677,5908.5,2025-05-14,0.006446,4.527999877929688,2025-05-14,0.021954,18.6200008392334,2025-05-14,-0.008167,63.150001525878906,2025-05-14,-0.006052,103539.4140625,2025-05-14,-0.026143,2610.063232421875,2025-05-14,-0.005273,147.5279998779297,2025-05-14,0.029,2025-05-14,0.006735,0.006735,GOLD,0.6442,0.1699,neutral,elevated,up,flat,down,retrospective_derived,2026-08-31T03:54:07Z
2025-05-15,-0.001584,100.87999725341795,2025-05-15,0.012353,3220.699951171875,2025-05-15,0.000362,21400.25,2025-05-15,0.004189,5933.25,2025-05-15,-0.016122,4.454999923706055,2025-05-15,-0.042428,17.829999923706055,2025-05-15,-0.024228,61.619998931884766,2025-05-15,0.001982,103744.640625,2025-05-15,-0.024216,2546.85693359375,2025-05-15,-0.005951,146.64999389648438,2025-05-15,-0.073,2025-05-15,0.000677,0.000677,GOLD,0.6554,0.1761,risk_on,elevated,down,down,up,retrospective_derived,2026-08-31T03:54:07Z
2025-05-16,0.002082,101.08999633789062,2025-05-16,-0.012016,3182.0,2025-05-16,0.004942,21506.0,2025-05-16,0.007121,5975.5,2025-05-16,-0.003143,4.440999984741211,2025-05-16,-0.03309,17.239999771118164,2025-05-16,0.014119,62.4900016784668,2025-05-16,-0.002461,103489.2890625,2025-05-16,-0.004146,2536.297607421875,2025-05-16,-0.007071,145.61300659179688,2025-05-16,-0.014,2025-05-16,0.004189,0.004189,GOLD,0.6382,0.1808,risk_on,elevated,flat,up,down,retrospective_derived,2026-08-31T03:54:07Z
2025-05-17,,,,,,,,,,,,,,,,,,,,,,-0.002881,103191.0859375,2025-05-17,-0.023871,2475.75439453125,2025-05-17,,,,,2025-05-17,0.007121,0.007121,GOLD,0.631,0.1747,unknown,unknown,unknown,unknown,down,retrospective_derived,2026-08-31T03:54:07Z
2025-05-18,,,,,,,,,,,,,,,,,,,,,,0.031543,106446.0078125,2025-05-18,0.00908,2498.233642578125,2025-05-18,,,,,2025-05-18,0.0,0.007121,GOLD,0.6089,0.1704,unknown,unknown,unknown,unknown,up,retrospective_derived,2026-08-31T03:54:07Z
2025-05-19,-0.006529,100.43000030517578,2025-05-19,0.014739,3228.89990234375,2025-05-19,0.000976,21527.0,2025-05-19,0.001171,5982.5,2025-05-19,0.007656,4.474999904632568,2025-05-19,0.052204,18.13999938964844,2025-05-19,0.0032,62.68999862670898,2025-05-19,-0.00789,105606.1796875,2025-05-19,0.012382,2529.166748046875,2025-05-19,-0.002163,145.29800415039062,2025-05-19,,2025-05-19,0.0,0.007121,GOLD,0.655,0.1794,neutral,elevated,unknown,down,down,retrospective_derived,2026-08-31T03:54:07Z
2025-05-20,-0.003087,100.12000274658205,2025-05-20,0.015919,3280.300048828125,2025-05-20,-0.003705,21447.25,2025-05-20,-0.003803,5959.75,2025-05-20,0.001341,4.480999946594238,2025-05-20,-0.002756,18.09000015258789,2025-05-20,-0.002074,62.560001373291016,2025-05-20,0.01122,106791.0859375,2025-05-20,-0.001974,2524.173095703125,2025-05-20,-0.002223,144.97500610351562,2025-05-20,0.006,2025-05-20,0.001171,0.001171,GOLD,0.7189,0.2148,neutral,elevated,flat,down,up,retrospective_derived,2026-08-31T03:54:07Z
2025-05-21,-0.005593,99.55999755859376,2025-05-21,0.008841,3309.300048828125,2025-05-21,-0.013545,21156.75,2025-05-21,-0.016528,5861.25,2025-05-21,0.025664,4.5960001945495605,2025-05-21,0.153676,20.8700008392334,2025-05-21,-0.015825,61.56999969482422,2025-05-21,0.027034,109678.078125,2025-05-21,0.011162,2552.34716796875,2025-05-21,-0.004463,144.3280029296875,2025-05-21,0.115,2025-05-21,-0.003803,-0.003803,GOLD,0.6055,0.1377,risk_off,elevated,up,down,up,retrospective_derived,2026-08-31T03:54:07Z
2025-05-22,0.004018,99.95999908447266,2025-05-22,-0.005137,3292.300048828125,2025-05-22,0.001016,21178.25,2025-05-22,-0.000768,5856.75,2025-05-22,-0.009356,4.552999973297119,2025-05-22,-0.02827,20.280000686645508,2025-05-22,-0.006009,61.20000076293945,2025-05-22,0.018191,111673.28125,2025-05-22,0.043807,2664.156982421875,2025-05-22,-0.00397,143.7550048828125,2025-05-22,-0.043,2025-05-22,-0.016528,-0.016528,GOLD,0.6226,0.1408,neutral,elevated,down,up,up,retrospective_derived,2026-08-31T03:54:07Z
2025-05-23,-0.008503,99.11000061035156,2025-05-23,0.021657,3363.60009765625,2025-05-23,-0.009597,20975.0,2025-05-23,-0.006787,5817.0,2025-05-23,-0.009664,4.508999824523926,2025-05-23,0.099112,22.290000915527344,2025-05-23,0.005392,61.52999877929688,2025-05-23,-0.039271,107287.796875,2025-05-23,-0.051692,2526.44189453125,2025-05-23,0.000716,143.85800170898438,2025-05-23,-0.044,2025-05-23,-0.000768,-0.000768,GOLD,0.6722,0.1282,risk_off,elevated,down,down,down,retrospective_derived,2026-08-31T03:54:07Z
2025-05-24,,,,,,,,,,,,,,,,,,,,,,0.004692,107791.15625,2025-05-24,0.001664,2530.646240234375,2025-05-24,,,,,2025-05-24,-0.006787,-0.006787,GOLD,0.6678,0.1221,unknown,unknown,unknown,unknown,up,retrospective_derived,2026-08-31T03:54:07Z
2025-05-25,,,,,,,,,,,,,,,,,,,,,,0.011543,109035.390625,2025-05-25,0.008345,2551.763916015625,2025-05-25,,,,,2025-05-25,0.0,-0.006787,GOLD,0.6369,0.0587,unknown,unknown,unknown,unknown,up,retrospective_derived,2026-08-31T03:54:07Z
2025-05-26,-0.001816,98.93000030517578,2025-05-26,,,,,,,,,,,,,,,,,,,0.003714,109440.3671875,2025-05-26,0.004849,2564.138427734375,2025-05-26,-0.006889,142.86700439453125,2025-05-26,,2025-05-26,0.0,-0.006787,GOLD,0.6518,0.0818,unknown,unknown,unknown,down,up,retrospective_derived,2026-08-31T03:54:07Z
2025-05-27,0.005964,99.5199966430664,2025-05-27,-0.019176,3299.10009765625,2025-05-27,0.023147,21460.5,2025-05-27,0.020156,5934.25,2025-05-27,-0.016633,4.434000015258789,2025-05-27,-0.149394,18.959999084472656,2025-05-27,-0.010401,60.88999938964844,2025-05-27,-0.004073,108994.640625,2025-05-27,0.038583,2663.06982421875,2025-05-27,-0.001484,142.65499877929688,2025-05-27,,2025-05-27,0.0,-0.006787,GOLD,0.6705,0.0969,risk_on,elevated,unknown,up,down,retrospective_derived,2026-08-31T03:54:07Z
2025-05-28,0.003617,99.87999725341795,2025-05-28,-0.001667,3293.60009765625,2025-05-28,-0.003763,21379.75,2025-05-28,-0.005308,5902.75,2025-05-28,0.009698,4.477000236511231,2025-05-28,0.01846,19.309999465942383,2025-05-28,0.015602,61.84000015258789,2025-05-28,-0.010939,107802.328125,2025-05-28,0.007188,2682.212890625,2025-05-28,0.010669,144.177001953125,2025-05-28,0.043,2025-05-28,0.020156,0.020156,GOLD,0.4948,0.0838,neutral,elevated,up,up,down,retrospective_derived,2026-08-31T03:54:07Z
2025-05-29,-0.006007,99.27999877929688,2025-05-29,0.007135,3317.10009765625,2025-05-29,0.001345,21408.5,2025-05-29,0.003388,5922.75,2025-05-29,-0.011838,4.423999786376953,2025-05-29,-0.006732,19.18000030517578,2025-05-29,-0.014554,60.93999862670898,2025-05-29,-0.020042,105641.7578125,2025-05-29,-0.018477,2632.65478515625,2025-05-29,0.010543,145.69700622558594,2025-05-29,-0.053,2025-05-29,-0.005308,-0.005308,GOLD,0.5072,0.0588,neutral,elevated,down,down,down,retrospective_derived,2026-08-31T03:54:07Z
2025-05-30,0.000504,99.33000183105467,2025-05-30,-0.008501,3288.89990234375,2025-05-30,-0.001483,21376.75,2025-05-30,-0.00114,5916.0,2025-05-30,-0.001808,4.415999889373779,2025-05-30,-0.031804,18.56999969482422,2025-05-30,-0.002461,60.790000915527344,2025-05-30,-0.015554,103998.5703125,2025-05-30,-0.039014,2529.943603515625,2025-05-30,-0.013164,143.7790069580078,2025-05-30,-0.008,2025-05-30,0.003388,0.003388,GOLD,0.4896,0.0733,neutral,elevated,flat,flat,down,retrospective_derived,2026-08-31T03:54:07Z
2025-05-31,,,,,,,,,,,,,,,,,,,,,,0.006149,104638.09375,2025-05-31,-0.000338,2529.08740234375,2025-05-31,,,,,2025-05-31,-0.00114,-0.00114,GOLD,0.4856,0.0685,unknown,unknown,unknown,unknown,up,retrospective_derived,2026-08-31T03:54:07Z
2025-06-01,,,,,,,,,,,,,,,,,,,,,,0.009691,105652.1015625,2025-06-01,0.002839,2536.266357421875,2025-06-01,,,,,2025-06-01,0.0,-0.00114,GOLD,0.3511,0.023,unknown,unknown,unknown,unknown,up,retrospective_derived,2026-08-31T03:54:07Z
2025-06-02,-0.006343,98.6999969482422,2025-06-02,0.024841,3370.60009765625,2025-06-02,0.00738,21534.5,2025-06-02,0.005282,5947.25,2025-06-02,0.010417,4.461999893188477,2025-06-02,-0.011309,18.36000061035156,2025-06-02,0.028459,62.52000045776367,2025-06-02,0.002172,105881.53125,2025-06-02,0.027927,2607.097412109375,2025-06-02,0.00025,143.81500244140625,2025-06-02,,2025-06-02,0.0,-0.00114,GOLD,0.3925,0.0393,neutral,elevated,unknown,down,up,retrospective_derived,2026-08-31T03:54:07Z
2025-06-03,0.005572,99.25,2025-06-03,-0.006052,3350.199951171875,2025-06-03,0.007964,21706.0,2025-06-03,0.005759,5981.5,2025-06-03,-0.000448,4.460000038146973,2025-06-03,-0.036492,17.690000534057617,2025-06-03,0.014235,63.40999984741211,2025-06-03,-0.004241,105432.46875,2025-06-03,-0.0053,2593.2802734375,2025-06-03,-0.009477,142.45199584960938,2025-06-03,-0.002,2025-06-03,0.005282,0.005282,GOLD,0.4059,0.005,risk_on,elevated,flat,up,down,retrospective_derived,2026-08-31T03:54:07Z
2025-06-04,-0.004635,98.79000091552734,2025-06-04,0.006955,3373.5,2025-06-04,0.002787,21766.5,2025-06-04,-8.4e-05,5981.0,2025-06-04,-0.021301,4.364999771118164,2025-06-04,-0.004522,17.610000610351562,2025-06-04,-0.008831,62.84999847412109,2025-06-04,-0.006644,104731.984375,2025-06-04,0.005924,2608.64306640625,2025-06-04,0.009723,143.83700561523438,2025-06-04,-0.095,2025-06-04,0.005759,0.005759,DXY,0.4247,0.0073,neutral,elevated,down,down,down,retrospective_derived,2026-08-31T03:54:07Z
2025-06-05,-0.000506,98.73999786376952,2025-06-05,-0.006759,3350.699951171875,2025-06-05,-0.008465,21582.25,2025-06-05,-0.005852,5946.0,2025-06-05,0.006644,4.394000053405762,2025-06-05,0.049404,18.479999542236328,2025-06-05,0.008274,63.369998931884766,2025-06-05,-0.030134,101575.953125,2025-06-05,-0.073738,2416.28564453125,2025-06-05,-0.007682,142.73199462890625,2025-06-05,0.029,2025-06-05,-8.4e-05,-8.4e-05,DXY,0.3759,0.0356,risk_off,elevated,up,flat,down,retrospective_derived,2026-08-31T03:54:07Z
2025-06-06,0.004557,99.19000244140624,2025-06-06,-0.008356,3322.699951171875,2025-06-06,0.009603,21789.5,2025-06-06,0.010217,6006.75,2025-06-06,0.0264,4.510000228881836,2025-06-06,-0.092532,16.770000457763672,2025-06-06,0.019094,64.58000183105469,2025-06-06,0.027707,104390.34375,2025-06-06,0.025208,2477.19482421875,2025-06-06,0.005675,143.54200744628906,2025-06-06,0.116,2025-06-06,-0.005852,-0.005852,DXY,0.392,0.0584,risk_on,elevated,up,up,up,retrospective_derived,2026-08-31T03:54:07Z
2025-06-07,,,,,,,,,,,,,,,,,,,,,,0.011737,105615.625,2025-06-07,0.019906,2526.50537109375,2025-06-07,,,,,2025-06-07,0.010217,0.010217,DXY,0.3907,0.0575,unknown,unknown,unknown,unknown,up,retrospective_derived,2026-08-31T03:54:07Z
2025-06-08,,,,,,,,,,,,,,,,,,,,,,0.001686,105793.6484375,2025-06-08,-0.006221,2510.787109375,2025-06-08,,,,,2025-06-08,0.0,0.010217,DXY,0.394,0.0597,unknown,unknown,unknown,unknown,up,retrospective_derived,2026-08-31T03:54:07Z
2025-06-09,-0.00252,98.94000244140624,2025-06-09,0.002829,3332.10009765625,2025-06-09,0.001469,21821.5,2025-06-09,0.000583,6010.25,2025-06-09,-0.006209,4.48199987411499,2025-06-09,0.023256,17.15999984741211,2025-06-09,0.010994,65.29000091552734,2025-06-09,0.04254,110294.1015625,2025-06-09,0.067999,2681.51708984375,2025-06-09,0.008005,144.6909942626953,2025-06-09,,2025-06-09,0.0,0.010217,DXY,0.3761,0.0452,neutral,elevated,unknown,down,up,retrospective_derived,2026-08-31T03:54:07Z
2025-06-10,0.001112,99.0500030517578,2025-06-10,-0.003361,3320.89990234375,2025-06-10,0.006462,21962.5,2025-06-10,0.005782,6045.0,2025-06-10,-0.001785,4.473999977111816,2025-06-10,-0.012238,16.950000762939453,2025-06-10,-0.004748,64.9800033569336,2025-06-10,-0.000334,110257.234375,2025-06-10,0.049226,2813.517578125,2025-06-10,-0.001044,144.5399932861328,2025-06-10,-0.008,2025-06-10,0.000583,0.000583,DXY,0.3654,0.0524,neutral,elevated,flat,flat,flat,retrospective_derived,2026-08-31T03:54:07Z
2025-06-11,-0.00424,98.62999725341795,2025-06-11,0.00012,3321.300048828125,2025-06-11,-0.003415,21887.5,2025-06-11,-0.002647,6029.0,2025-06-11,-0.013858,4.412000179290772,2025-06-11,0.018289,17.260000228881836,2025-06-11,0.048784,68.1500015258789,2025-06-11,-0.014245,108686.625,2025-06-11,-0.014213,2773.529296875,2025-06-11,0.002062,144.83799743652344,2025-06-11,-0.062,2025-06-11,0.005782,0.005782,DXY,0.3853,0.0961,neutral,elevated,down,down,down,retrospective_derived,2026-08-31T03:54:07Z
2025-06-12,-0.007199,97.91999816894533,2025-06-12,0.017945,3380.89990234375,2025-06-12,0.002056,21932.5,2025-06-12,0.0034,6049.5,2025-06-12,-0.012466,4.35699987411499,2025-06-12,0.044032,18.020000457763672,2025-06-12,-0.001614,68.04000091552734,2025-06-12,-0.025372,105929.0546875,2025-06-12,-0.043891,2651.795166015625,2025-06-12,-0.004384,144.2030029296875,2025-06-12,-0.055,2025-06-12,-0.002647,-0.002647,DXY,0.3193,0.057,mixed,elevated,down,down,down,retrospective_derived,2026-08-31T03:54:07Z
2025-06-13,0.002655,98.18000030517578,2025-06-13,0.014878,3431.199951171875,2025-06-13,-0.013143,21644.25,2025-06-13,-0.011613,5979.25,2025-06-13,0.015378,4.423999786376953,2025-06-13,0.155383,20.81999969482422,2025-06-13,0.072604,72.9800033569336,2025-06-13,0.001529,106090.96875,2025-06-13,-0.027268,2579.486083984375,2025-06-13,-0.006997,143.19400024414062,2025-06-13,0.067,2025-06-13,0.0034,0.0034,WTI,0.3715,0.0777,risk_off,elevated,up,up,up,retrospective_derived,2026-08-31T03:54:07Z
2025-06-14,,,,,,,,,,,,,,,,,,,,,,-0.00583,105472.40625,2025-06-14,-0.017849,2533.444091796875,2025-06-14,,,,,2025-06-14,-0.011613,-0.011613,WTI,0.3691,0.0761,unknown,unknown,unknown,unknown,down,retrospective_derived,2026-08-31T03:54:07Z
2025-06-15,,,,,,,,,,,,,,,,,,,,,,0.000755,105552.0234375,2025-06-15,0.005287,2546.837158203125,2025-06-15,,,,,2025-06-15,0.0,-0.011613,WTI,0.3691,0.073,unknown,unknown,unknown,unknown,flat,retrospective_derived,2026-08-31T03:54:07Z
2025-06-16,-0.001833,98.0,2025-06-16,-0.010142,3396.39990234375,2025-06-16,0.013733,21941.5,2025-06-16,0.009449,6035.75,2025-06-16,0.006329,4.452000141143799,2025-06-16,-0.082133,19.11000061035156,2025-06-16,-0.01658,71.7699966430664,2025-06-16,0.011793,106796.7578125,2025-06-16,-0.002447,2540.60498046875,2025-06-16,0.006264,144.09100341796875,2025-06-16,,2025-06-16,0.0,-0.011613,WTI,0.379,0.0841,risk_on,elevated,unknown,down,up,retrospective_derived,2026-08-31T03:54:07Z
2025-06-17,0.008367,98.81999969482422,2025-06-17,-0.002885,3386.60009765625,2025-06-17,-0.009616,21730.5,2025-06-17,-0.008408,5985.0,2025-06-17,-0.013252,4.39300012588501,2025-06-17,0.130298,21.600000381469727,2025-06-17,0.042776,74.83999633789062,2025-06-17,-0.020559,104601.1171875,2025-06-17,-0.011747,2510.761474609375,2025-06-17,0.004428,144.72900390625,2025-06-17,-0.059,2025-06-17,0.009449,0.009449,WTI,0.415,0.1181,risk_off,elevated,down,up,down,retrospective_derived,2026-08-31T03:54:07Z
2025-06-18,0.000911,98.91000366210938,2025-06-18,0.000945,3389.800048828125,2025-06-18,-0.000472,21720.25,2025-06-18,-0.000585,5981.5,2025-06-18,0.00091,4.396999835968018,2025-06-18,-0.067593,20.13999938964844,2025-06-18,0.004009,75.13999938964844,2025-06-18,0.002698,104883.328125,2025-06-18,0.005393,2524.301513671875,2025-06-18,0.00447,145.37600708007812,2025-06-18,0.004,2025-06-18,-0.008408,-0.008408,WTI,0.3921,0.0741,neutral,elevated,flat,flat,up,retrospective_derived,2026-08-31T03:54:07Z
2025-06-19,,,,,,,,,,,,,,,,,,,,,,-0.001898,104684.2890625,2025-06-19,-0.001049,2521.653564453125,2025-06-19,-0.002896,144.9550018310547,2025-06-19,,2025-06-19,-0.000585,-0.000585,WTI,0.4568,0.1103,unknown,unknown,unknown,unknown,down,retrospective_derived,2026-08-31T03:54:07Z
2025-06-20,-0.002022,98.70999908447266,2025-06-20,-0.006402,3368.10009765625,2025-06-20,0.00781,21889.890625,2025-06-20,0.0048,6010.2099609375,2025-06-20,-0.005003,4.375,2025-06-20,0.023833,20.6200008392334,2025-06-20,-0.002795,74.93000030517578,2025-06-20,-0.013132,103309.6015625,2025-06-20,-0.045347,2407.30419921875,2025-06-20,0.001814,145.21800231933594,2025-06-20,,2025-06-20,0.0,-0.000585,WTI,0.4217,0.0979,neutral,elevated,unknown,down,down,retrospective_derived,2026-08-31T03:54:07Z
2025-06-21,,,,,,,,,,,,,,,,,,,,,,-0.010185,102257.40625,2025-06-21,-0.044369,2300.49560546875,2025-06-21,,,,,2025-06-21,0.0048,0.0048,WTI,0.4254,0.0972,unknown,unknown,unknown,unknown,down,retrospective_derived,2026-08-31T03:54:07Z
2025-06-22,,,,,,,,,,,,,,,,,,,,,,-0.012422,100987.140625,2025-06-22,-0.03142,2228.213134765625,2025-06-22,,,,,2025-06-22,0.0,0.0048,WTI,0.4382,0.0775,unknown,unknown,unknown,unknown,down,retrospective_derived,2026-08-31T03:54:07Z
2025-06-23,-0.002938,98.41999816894533,2025-06-23,0.00285,3377.699951171875,2025-06-23,0.008388,22073.5,2025-06-23,0.011113,6077.0,2025-06-23,-0.012571,4.320000171661377,2025-06-23,-0.038312,19.82999992370605,2025-06-23,-0.08568,68.51000213623047,2025-06-23,0.045458,105577.7734375,2025-06-23,0.086891,2421.824951171875,2025-06-23,0.006927,146.2239990234375,2025-06-23,,2025-06-23,0.0,0.0048,WTI,0.6473,0.2648,risk_on,elevated,unknown,down,up,retrospective_derived,2026-08-31T03:54:07Z
2025-06-24,-0.00569,97.86000061035156,2025-06-24,-0.017852,3317.39990234375,2025-06-24,0.015369,22412.75,2025-06-24,0.011395,6146.25,2025-06-24,-0.00625,4.293000221252441,2025-06-24,-0.118507,17.479999542236328,2025-06-24,-0.060429,64.37000274658203,2025-06-24,0.004431,106045.6328125,2025-06-24,0.010812,2448.0087890625,2025-06-24,-0.002024,145.92799377441406,2025-06-24,-0.027,2025-06-24,0.011113,0.011113,WTI,0.7727,0.3194,risk_on,elevated,down,down,up,retrospective_derived,2026-08-31T03:54:07Z
2025-06-25,-0.001839,97.68000030517578,2025-06-25,0.002924,3327.10009765625,2025-06-25,0.002153,22461.0,2025-06-25,0.000122,6147.0,2025-06-25,0.0,4.293000221252441,2025-06-25,-0.04119,16.760000228881836,2025-06-25,0.008544,64.91999816894531,2025-06-25,0.012406,107361.2578125,2025-06-25,-0.011723,2419.310302734375,2025-06-25,-0.006654,144.95700073242188,2025-06-25,0.0,2025-06-25,0.011395,0.011395,WTI,0.8049,0.3738,neutral,elevated,flat,down,up,retrospective_derived,2026-08-31T03:54:07Z
2025-06-26,-0.005426,97.1500015258789,2025-06-26,0.001924,3333.5,2025-06-26,0.009272,22669.25,2025-06-26,0.007809,6195.0,2025-06-26,-0.009318,4.252999782562256,2025-06-26,-0.010143,16.59000015258789,2025-06-26,0.004929,65.23999786376953,2025-06-26,-0.003737,106960.0,2025-06-26,-0.001308,2416.146728515625,2025-06-26,-0.000366,144.9040069580078,2025-06-26,-0.04,2025-06-26,0.000122,0.000122,WTI,0.8253,0.4456,neutral,elevated,down,down,down,retrospective_derived,2026-08-31T03:54:07Z
2025-06-27,0.002573,97.4000015258789,2025-06-27,-0.017939,3273.699951171875,2025-06-27,0.003628,22751.5,2025-06-27,0.004641,6223.75,2025-06-27,0.007054,4.2829999923706055,2025-06-27,-0.016275,16.31999969482422,2025-06-27,0.004292,65.5199966430664,2025-06-27,0.001201,107088.4296875,2025-06-27,0.003195,2423.866943359375,2025-06-27,-0.001449,144.69400024414062,2025-06-27,0.03,2025-06-27,0.007809,0.007809,WTI,0.7711,0.4161,neutral,elevated,up,up,flat,retrospective_derived,2026-08-31T03:54:07Z
2025-06-28,,,,,,,,,,,,,,,,,,,,,,0.002234,107327.703125,2025-06-28,0.005463,2437.109375,2025-06-28,,,,,2025-06-28,0.004641,0.004641,WTI,0.766,0.4113,unknown,unknown,unknown,unknown,up,retrospective_derived,2026-08-31T03:54:07Z
2025-06-29,,,,,,,,,,,,,,,,,,,,,,0.009856,108385.5703125,2025-06-29,0.026199,2500.9599609375,2025-06-29,,,,,2025-06-29,0.0,0.004641,WTI,0.853,0.4574,unknown,unknown,unknown,unknown,up,retrospective_derived,2026-08-31T03:54:07Z
2025-06-30,-0.005339,96.87999725341795,2025-06-30,0.006323,3294.39990234375,2025-06-30,0.00623,22893.25,2025-06-30,0.00482,6253.75,2025-06-30,-0.012374,4.230000019073486,2025-06-30,0.025123,16.729999542236328,2025-06-30,-0.006258,65.11000061035156,2025-06-30,-0.011535,107135.3359375,2025-06-30,-0.005796,2486.46435546875,2025-06-30,-0.001223,144.51699829101562,2025-06-30,,2025-06-30,0.0,0.004641,WTI,0.8659,0.4641,neutral,elevated,unknown,down,down,retrospective_derived,2026-08-31T03:54:07Z
2025-07-01,-0.000619,96.81999969482422,2025-07-01,0.01284,3336.699951171875,2025-07-01,-0.008758,22692.75,2025-07-01,-0.0008,6248.75,2025-07-01,0.004965,4.250999927520752,2025-07-01,0.005977,16.829999923706055,2025-07-01,0.005222,65.44999694824219,2025-07-01,-0.013413,105698.28125,2025-07-01,-0.032444,2405.792724609375,2025-07-01,-0.004961,143.8000030517578,2025-07-01,0.021,2025-07-01,0.00482,0.00482,WTI,0.8101,0.4063,neutral,elevated,up,flat,down,retrospective_derived,2026-08-31T03:54:07Z
2025-07-02,-0.000413,96.77999877929688,2025-07-02,0.003387,3348.0,2025-07-02,0.006621,22843.0,2025-07-02,0.004201,6275.0,2025-07-02,0.00988,4.293000221252441,2025-07-02,-0.011289,16.639999389648438,2025-07-02,0.030558,67.44999694824219,2025-07-02,0.029906,108859.3203125,2025-07-02,0.06881,2571.33544921875,2025-07-02,-0.002768,143.40199279785156,2025-07-02,0.042,2025-07-02,-0.0008,-0.0008,WTI,0.8307,0.4442,neutral,elevated,up,flat,up,retrospective_derived,2026-08-31T03:54:07Z
2025-07-03,0.004133,97.18000030517578,2025-07-03,-0.004898,3331.60009765625,2025-07-03,0.009609,23062.5,2025-07-03,0.007849,6324.25,2025-07-03,0.012812,4.3480000495910645,2025-07-03,-0.015625,16.3799991607666,2025-07-03,-0.006672,67.0,2025-07-03,0.007245,109647.9765625,2025-07-03,0.00765,2591.00732421875,2025-07-03,0.000865,143.5260009765625,2025-07-03,0.055,2025-07-03,0.004201,0.004201,WTI,0.551,0.2772,neutral,elevated,up,up,up,retrospective_derived,2026-08-31T03:54:07Z
2025-07-04,,,,0.00027,3332.5,2025-07-04,-0.006753,22906.75,2025-07-04,-0.006443,6283.5,2025-07-04,,,,,,,-0.007463,66.5,2025-07-04,-0.014717,108034.3359375,2025-07-04,-0.031837,2508.518310546875,2025-07-04,0.008054,144.6820068359375,2025-07-04,,2025-07-04,0.007849,0.007849,WTI,0.496,0.2181,unknown,unknown,unknown,unknown,down,retrospective_derived,2026-08-31T03:54:07Z
2025-07-05,,,,,,,,,,,,,,,,,,,,,,0.001822,108231.1796875,2025-07-05,0.003493,2517.280029296875,2025-07-05,,,,,2025-07-05,-0.006443,-0.006443,WTI,0.4934,0.215,unknown,unknown,unknown,unknown,up,retrospective_derived,2026-08-31T03:54:07Z
2025-07-06,,,,,,,,,,,,,,,,,,,,,,0.009248,109232.0703125,2025-07-06,0.021434,2571.236572265625,2025-07-06,,,,,2025-07-06,0.0,-0.006443,WTI,0.5021,0.204,unknown,unknown,unknown,unknown,up,retrospective_derived,2026-08-31T03:54:07Z
2025-07-07,0.003087,97.4800033569336,2025-07-07,-9e-05,3332.199951171875,2025-07-07,-0.00096,22884.75,2025-07-07,-0.001194,6276.0,2025-07-07,0.01081,4.394999980926514,2025-07-07,0.086081,17.790000915527344,2025-07-07,0.021504,67.93000030517578,2025-07-07,-0.008534,108299.8515625,2025-07-07,-0.010977,2543.01318359375,2025-07-07,-0.001272,144.4980010986328,2025-07-07,,2025-07-07,0.0,-0.006443,WTI,0.4763,0.1948,neutral,elevated,unknown,up,down,retrospective_derived,2026-08-31T03:54:07Z
2025-07-08,0.000308,97.51000213623048,2025-07-08,-0.007563,3307.0,2025-07-08,0.000524,22896.75,2025-07-08,-0.000637,6272.0,2025-07-08,0.004551,4.414999961853027,2025-07-08,-0.055087,16.809999465942383,2025-07-08,0.005888,68.33000183105469,2025-07-08,0.006006,108950.2734375,2025-07-08,0.028507,2615.505859375,2025-07-08,0.009647,145.89199829101562,2025-07-08,0.02,2025-07-08,-0.001194,-0.001194,WTI,0.4663,0.1689,neutral,elevated,flat,flat,up,retrospective_derived,2026-08-31T03:54:07Z
2025-07-09,-0.00041,97.47000122070312,2025-07-09,0.001391,3311.60009765625,2025-07-09,0.006813,23052.75,2025-07-09,0.00562,6307.25,2025-07-09,-0.016535,4.3420000076293945,2025-07-09,-0.051755,15.9399995803833,2025-07-09,0.000732,68.37999725341797,2025-07-09,0.021811,111326.5546875,2025-07-09,0.059366,2770.777587890625,2025-07-09,0.00656,146.8489990234375,2025-07-09,-0.073,2025-07-09,-0.000637,-0.000637,WTI,0.4053,0.0504,risk_on,calm,down,flat,up,retrospective_derived,2026-08-31T03:54:07Z
2025-07-10,0.001847,97.6500015258789,2025-07-10,0.001751,3317.39990234375,2025-07-10,-0.001713,23013.25,2025-07-10,0.002695,6324.25,2025-07-10,0.000921,4.3460001945495605,2025-07-10,-0.010038,15.779999732971191,2025-07-10,-0.02647,66.56999969482422,2025-07-10,0.041865,115987.203125,2025-07-10,0.066432,2954.84521484375,2025-07-10,-0.005005,146.11399841308594,2025-07-10,0.004,2025-07-10,0.00562,0.00562,WTI,0.4265,0.0733,neutral,calm,flat,up,up,retrospective_derived,2026-08-31T03:54:07Z
2025-07-11,0.002048,97.8499984741211,2025-07-11,0.011636,3356.0,2025-07-11,-0.002357,22959.0,2025-07-11,-0.003834,6300.0,2025-07-11,0.017717,4.422999858856201,2025-07-11,0.03929,16.399999618530273,2025-07-11,0.028241,68.44999694824219,2025-07-11,0.013189,117516.9921875,2025-07-11,0.001029,2957.88623046875,2025-07-11,0.001191,146.28799438476562,2025-07-11,0.077,2025-07-11,0.002695,0.002695,WTI,0.4689,0.1325,risk_off,elevated,up,up,up,retrospective_derived,2026-08-31T03:54:07Z
2025-07-12,,,,,,,,,,,,,,,,,,,,,,-0.000696,117435.2265625,2025-07-12,-0.005063,2942.91162109375,2025-07-12,,,,,2025-07-12,-0.003834,-0.003834,WTI,0.4661,0.1455,unknown,unknown,unknown,unknown,flat,retrospective_derived,2026-08-31T03:54:07Z
2025-07-13,,,,,,,,,,,,,,,,,,,,,,0.014313,119116.1171875,2025-07-13,0.010346,2973.35888671875,2025-07-13,,,,,2025-07-13,0.0,-0.003834,WTI,0.2834,0.0282,unknown,unknown,unknown,unknown,up,retrospective_derived,2026-08-31T03:54:07Z
2025-07-14,0.002351,98.08000183105467,2025-07-14,-0.001341,3351.5,2025-07-14,0.003332,23035.5,2025-07-14,0.001746,6311.0,2025-07-14,0.000904,4.427000045776367,2025-07-14,0.048781,17.200000762939453,2025-07-14,-0.021475,66.9800033569336,2025-07-14,0.006159,119849.703125,2025-07-14,0.01345,3013.350830078125,2025-07-14,0.006884,147.2949981689453,2025-07-14,,2025-07-14,0.0,-0.003834,ETH,0.2336,0.007,neutral,elevated,unknown,up,up,retrospective_derived,2026-08-31T03:54:07Z
2025-07-15,0.005506,98.62000274658205,2025-07-15,-0.006475,3329.800048828125,2025-07-15,0.000922,23056.75,2025-07-15,-0.004278,6284.0,2025-07-15,0.014005,4.488999843597412,2025-07-15,0.010465,17.3799991607666,2025-07-15,-0.006868,66.5199966430664,2025-07-15,-0.017293,117777.1875,2025-07-15,0.041993,3139.8896484375,2025-07-15,0.003374,147.79200744628906,2025-07-15,0.062,2025-07-15,0.001746,0.001746,US10Y,0.2575,0.0277,neutral,elevated,up,up,down,retrospective_derived,2026-08-31T03:54:07Z
2025-07-16,-0.002332,98.38999938964844,2025-07-16,0.006817,3352.5,2025-07-16,0.000857,23076.5,2025-07-16,0.003063,6303.25,2025-07-16,-0.007574,4.454999923706055,2025-07-16,-0.012658,17.15999984741211,2025-07-16,-0.002105,66.37999725341797,2025-07-16,0.008162,118738.5078125,2025-07-16,0.073766,3371.5068359375,2025-07-16,0.006556,148.76100158691406,2025-07-16,-0.034,2025-07-16,-0.004278,-0.004278,ETH,0.2805,0.0027,neutral,elevated,down,down,up,retrospective_derived,2026-08-31T03:54:07Z
2025-07-17,0.003456,98.7300033569336,2025-07-17,-0.003699,3340.10009765625,2025-07-17,0.007562,23251.0,2025-07-17,0.00591,6340.5,2025-07-17,0.001796,4.4629998207092285,2025-07-17,-0.037296,16.520000457763672,2025-07-17,0.017475,67.54000091552734,2025-07-17,0.004643,119289.84375,2025-07-17,0.031226,3476.784423828125,2025-07-17,-0.005095,148.0030059814453,2025-07-17,0.008,2025-07-17,0.003063,0.003063,ETH,0.3109,0.0541,risk_on,elevated,flat,up,up,retrospective_derived,2026-08-31T03:54:07Z
2025-07-18,-0.002532,98.4800033569336,2025-07-18,0.003862,3353.0,2025-07-18,-0.00115,23224.25,2025-07-18,-0.000907,6334.75,2025-07-18,-0.006946,4.432000160217285,2025-07-18,-0.006659,16.40999984741211,2025-07-18,-0.002961,67.33999633789062,2025-07-18,-0.010786,118003.2265625,2025-07-18,0.020775,3549.016357421875,2025-07-18,0.002966,148.44200134277344,2025-07-18,-0.031,2025-07-18,0.00591,0.00591,ETH,0.3127,0.0747,neutral,elevated,down,down,down,retrospective_derived,2026-08-31T03:54:07Z
2025-07-19,,,,,,,,,,,,,,,,,,,,,,-0.000536,117939.9765625,2025-07-19,0.013034,3595.273681640625,2025-07-19,,,,,2025-07-19,-0.000907,-0.000907,ETH,0.3049,0.0687,unknown,unknown,unknown,unknown,flat,retrospective_derived,2026-08-31T03:54:07Z
2025-07-20,,,,,,,,,,,,,,,,,,,,,,-0.00542,117300.7890625,2025-07-20,0.04567,3759.471435546875,2025-07-20,,,,,2025-07-20,0.0,-0.000907,ETH,0.3746,0.1292,unknown,unknown,unknown,unknown,down,retrospective_derived,2026-08-31T03:54:07Z
2025-07-21,-0.006397,97.8499984741211,2025-07-21,0.014584,3401.89990234375,2025-07-21,0.00507,23342.0,2025-07-21,0.001579,6344.75,2025-07-21,-0.013538,4.372000217437744,2025-07-21,0.014625,16.649999618530273,2025-07-21,-0.002079,67.19999694824219,2025-07-21,0.001183,117439.5390625,2025-07-21,0.001037,3763.371337890625,2025-07-21,-7.4e-05,148.43099975585938,2025-07-21,,2025-07-21,0.0,-0.000907,ETH,0.3026,0.0404,neutral,elevated,unknown,down,flat,retrospective_derived,2026-08-31T03:54:07Z
2025-07-22,-0.004701,97.38999938964844,2025-07-22,0.010964,3439.199951171875,2025-07-22,-0.004959,23226.25,2025-07-22,0.000315,6346.75,2025-07-22,-0.008234,4.335999965667725,2025-07-22,-0.009009,16.5,2025-07-22,-0.014732,66.20999908447266,2025-07-22,0.021763,119995.4140625,2025-07-22,-0.00378,3749.1455078125,2025-07-22,-0.006885,147.40899658203125,2025-07-22,-0.036,2025-07-22,0.001579,0.001579,US10Y,0.2687,0.0052,neutral,elevated,down,down,up,retrospective_derived,2026-08-31T03:54:07Z
2025-07-23,-0.001848,97.20999908447266,2025-07-23,-0.013113,3394.10009765625,2025-07-23,0.003638,23310.75,2025-07-23,0.007799,6396.25,2025-07-23,0.011993,4.388000011444092,2025-07-23,-0.068485,15.369999885559082,2025-07-23,-0.014499,65.25,2025-07-23,-0.010338,118754.9609375,2025-07-23,-0.031858,3629.70361328125,2025-07-23,-0.004233,146.78500366210938,2025-07-23,0.052,2025-07-23,0.000315,0.000315,US10Y,0.2773,0.0427,risk_on,calm,up,down,down,retrospective_derived,2026-08-31T03:54:07Z
2025-07-24,0.001749,97.37999725341795,2025-07-24,-0.006806,3371.0,2025-07-24,0.002863,23377.5,2025-07-24,0.000821,6401.5,2025-07-24,0.004558,4.4079999923706055,2025-07-24,0.001301,15.390000343322754,2025-07-24,0.011954,66.02999877929688,2025-07-24,-0.003258,118368.0,2025-07-24,0.021573,3708.005615234375,2025-07-24,-0.00297,146.3489990234375,2025-07-24,0.02,2025-07-24,0.007799,0.007799,US10Y,0.2716,0.066,neutral,calm,flat,up,down,retrospective_derived,2026-08-31T03:54:07Z
2025-07-25,0.002773,97.6500015258789,2025-07-25,-0.010976,3334.0,2025-07-25,0.001871,23421.25,2025-07-25,0.003671,6425.0,2025-07-25,-0.004991,4.386000156402588,2025-07-25,-0.02989,14.93000030517578,2025-07-25,-0.013176,65.16000366210938,2025-07-25,-0.006185,117635.8828125,2025-07-25,0.005194,3727.266845703125,2025-07-25,0.004482,147.0050048828125,2025-07-25,-0.022,2025-07-25,0.000821,0.000821,US10Y,0.2536,0.0624,neutral,calm,down,up,down,retrospective_derived,2026-08-31T03:54:07Z
2025-07-26,,,,,,,,,,,,,,,,,,,,,,0.002648,117947.3671875,2025-07-26,0.003791,3741.39599609375,2025-07-26,,,,,2025-07-26,0.003671,0.003671,US10Y,0.2577,0.0703,unknown,unknown,unknown,unknown,up,retrospective_derived,2026-08-31T03:54:07Z
2025-07-27,,,,,,,,,,,,,,,,,,,,,,0.012727,119448.4921875,2025-07-27,0.035776,3875.24658203125,2025-07-27,,,,,2025-07-27,0.0,0.003671,US10Y,0.2175,0.0128,unknown,unknown,unknown,unknown,up,retrospective_derived,2026-08-31T03:54:07Z
2025-07-28,0.010343,98.66000366210938,2025-07-28,-0.007468,3309.10009765625,2025-07-28,0.002989,23491.25,2025-07-28,-0.00035,6422.75,2025-07-28,0.007752,4.420000076293945,2025-07-28,0.006698,15.029999732971191,2025-07-28,0.023788,66.70999908447266,2025-07-28,-0.012759,117924.4765625,2025-07-28,-0.022662,3787.42578125,2025-07-28,0.005496,147.81300354003906,2025-07-28,,2025-07-28,0.0,0.003671,US10Y,0.2442,0.0049,neutral,calm,unknown,up,down,retrospective_derived,2026-08-31T03:54:07Z
2025-07-29,0.002534,98.91000366210938,2025-07-29,0.004321,3323.39990234375,2025-07-29,-0.001671,23452.0,2025-07-29,-0.002608,6406.0,2025-07-29,-0.020362,4.329999923706055,2025-07-29,0.063207,15.979999542236328,2025-07-29,0.037476,69.20999908447266,2025-07-29,-2e-05,117922.1484375,2025-07-29,0.001592,3793.454833984375,2025-07-29,0.004506,148.47900390625,2025-07-29,-0.09,2025-07-29,-0.00035,-0.00035,DXY,0.2424,0.0131,neutral,calm,down,up,flat,retrospective_derived,2026-08-31T03:54:07Z
2025-07-30,0.010413,99.94000244140624,2025-07-30,-0.008305,3295.800048828125,2025-07-30,0.001215,23480.5,2025-07-30,-0.001522,6396.25,2025-07-30,0.010624,4.375999927520752,2025-07-30,-0.031289,15.479999542236328,2025-07-30,0.011415,70.0,2025-07-30,-0.000771,117831.1875,2025-07-30,0.003887,3808.20166015625,2025-07-30,-0.000249,148.44200134277344,2025-07-30,0.046,2025-07-30,-0.002608,-0.002608,DXY,0.294,0.0394,neutral,calm,up,up,flat,retrospective_derived,2026-08-31T03:54:07Z
2025-07-31,0.000901,100.02999877929688,2025-07-31,-0.000789,3293.199951171875,2025-07-31,-0.004919,23365.0,2025-07-31,-0.00344,6374.25,2025-07-31,-0.003656,4.360000133514404,2025-07-31,0.080103,16.719999313354492,2025-07-31,-0.010571,69.26000213623047,2025-07-31,-0.017593,115758.203125,2025-07-31,-0.029277,3696.707763671875,2025-07-31,0.005282,149.2259979248047,2025-07-31,-0.016,2025-07-31,-0.001522,-0.001522,DXY,0.295,0.0421,risk_off,elevated,flat,flat,down,retrospective_derived,2026-08-31T03:54:07Z
2025-08-01,-0.013396,98.69000244140624,2025-08-01,0.016549,3347.699951171875,2025-08-01,-0.020597,22883.75,2025-08-01,-0.017218,6264.5,2025-08-01,-0.03211,4.21999979019165,2025-08-01,0.2189,20.3799991607666,2025-08-01,-0.027866,67.33000183105469,2025-08-01,-0.021062,113320.0859375,2025-08-01,-0.056359,3488.365966796875,2025-08-01,0.01036,150.77200317382812,2025-08-01,-0.14,2025-08-01,-0.00344,-0.00344,DXY,0.4678,0.0317,risk_off,elevated,down,down,down,retrospective_derived,2026-08-31T03:54:07Z
2025-08-02,,,,,,,,,,,,,,,,,,,,,,-0.006999,112526.9140625,2025-08-02,-0.027412,3392.7412109375,2025-08-02,,,,,2025-08-02,-0.017218,-0.017218,DXY,0.474,0.0338,unknown,unknown,unknown,unknown,down,retrospective_derived,2026-08-31T03:54:07Z
2025-08-03,,,,,,,,,,,,,,,,,,,,,,0.015025,114217.671875,2025-08-03,0.030842,3497.379150390625,2025-08-03,,,,,2025-08-03,0.0,-0.017218,DXY,0.5044,0.0253,unknown,unknown,unknown,unknown,up,retrospective_derived,2026-08-31T03:54:07Z
2025-08-04,0.000912,98.77999877929688,2025-08-04,0.007976,3374.39990234375,2025-08-04,0.018037,23296.5,2025-08-04,0.014606,6356.0,2025-08-04,-0.004739,4.199999809265137,2025-08-04,-0.140334,17.520000457763672,2025-08-04,-0.015446,66.29000091552734,2025-08-04,0.007479,115071.8828125,2025-08-04,0.063364,3718.986083984375,2025-08-04,-0.022743,147.34300231933594,2025-08-04,,2025-08-04,0.0,-0.017218,VIX,0.5282,0.0774,risk_on,elevated,unknown,flat,up,retrospective_derived,2026-08-31T03:54:07Z
2025-08-05,0.0,98.77999877929688,2025-08-05,0.002223,3381.89990234375,2025-08-05,-0.007061,23132.0,2025-08-05,-0.004838,6325.25,2025-08-05,-0.000952,4.196000099182129,2025-08-05,0.018836,17.850000381469727,2025-08-05,-0.017046,65.16000366210938,2025-08-05,-0.008086,114141.4453125,2025-08-05,-0.028795,3611.8994140625,2025-08-05,-0.003733,146.79299926757812,2025-08-05,-0.004,2025-08-05,0.014606,0.014606,VIX,0.5469,0.0974,neutral,elevated,flat,flat,down,retrospective_derived,2026-08-31T03:54:07Z
2025-08-06,-0.006074,98.18000030517578,2025-08-06,-0.000562,3380.0,2025-08-06,0.012569,23422.75,2025-08-06,0.007233,6371.0,2025-08-06,0.00572,4.21999979019165,2025-08-06,-0.060504,16.770000457763672,2025-08-06,-0.012431,64.3499984741211,2025-08-06,0.007767,115028.0,2025-08-06,0.01994,3683.920654296875,2025-08-06,0.005225,147.55999755859375,2025-08-06,0.024,2025-08-06,-0.004838,-0.004838,VIX,0.5468,0.1301,risk_on,elevated,up,down,up,retrospective_derived,2026-08-31T03:54:07Z
2025-08-07,0.002241,98.4000015258789,2025-08-07,0.006006,3400.300048828125,2025-08-07,0.003138,23496.25,2025-08-07,-0.000706,6366.5,2025-08-07,0.005687,4.24399995803833,2025-08-07,-0.011926,16.56999969482422,2025-08-07,-0.007304,63.880001068115234,2025-08-07,0.021463,117496.8984375,2025-08-07,0.062543,3914.325927734375,2025-08-07,-0.002487,147.1929931640625,2025-08-07,0.024,2025-08-07,0.007233,0.007233,VIX,0.5829,0.1343,neutral,elevated,up,up,up,retrospective_derived,2026-08-31T03:54:07Z
2025-08-08,-0.002236,98.18000030517578,2025-08-08,0.011411,3439.10009765625,2025-08-08,0.009257,23713.75,2025-08-08,0.007382,6413.5,2025-08-08,0.009661,4.284999847412109,2025-08-08,-0.085697,15.149999618530272,2025-08-08,0.0,63.880001068115234,2025-08-08,-0.006878,116688.7265625,2025-08-08,0.024403,4009.848876953125,2025-08-08,-0.002419,146.83700561523438,2025-08-08,0.041,2025-08-08,-0.000706,-0.000706,VIX,0.6046,0.1272,risk_on,calm,up,down,down,retrospective_derived,2026-08-31T03:54:07Z
2025-08-09,,,,,,,,,,,,,,,,,,,,,,-0.001614,116500.359375,2025-08-09,0.063282,4263.59912109375,2025-08-09,,,,,2025-08-09,0.007382,0.007382,VIX,0.6082,0.1211,unknown,unknown,unknown,unknown,down,retrospective_derived,2026-08-31T03:54:07Z
2025-08-10,,,,,,,,,,,,,,,,,,,,,,0.024089,119306.7578125,2025-08-10,-0.0022,4254.2177734375,2025-08-10,,,,,2025-08-10,0.0,0.007382,VIX,0.6447,0.1553,unknown,unknown,unknown,unknown,up,retrospective_derived,2026-08-31T03:54:07Z
2025-08-11,0.003463,98.5199966430664,2025-08-11,-0.025007,3353.10009765625,2025-08-11,-0.003215,23637.5,2025-08-11,-0.002144,6399.75,2025-08-11,-0.0028,4.2729997634887695,2025-08-11,0.072607,16.25,2025-08-11,0.001252,63.959999084472656,2025-08-11,-0.004822,118731.4453125,2025-08-11,-0.006406,4226.966796875,2025-08-11,0.005632,147.66400146484375,2025-08-11,,2025-08-11,0.0,0.007382,VIX,0.6742,0.1639,neutral,elevated,unknown,up,down,retrospective_derived,2026-08-31T03:54:07Z
2025-08-12,-0.004263,98.0999984741211,2025-08-12,-0.001253,3348.89990234375,2025-08-12,0.012713,23938.0,2025-08-12,0.010743,6468.5,2025-08-12,0.004681,4.293000221252441,2025-08-12,-0.093538,14.729999542236328,2025-08-12,-0.012351,63.16999816894531,2025-08-12,0.012141,120172.90625,2025-08-12,0.086104,4590.9248046875,2025-08-12,0.003122,148.125,2025-08-12,0.02,2025-08-12,-0.002144,-0.002144,VIX,0.7122,0.1614,risk_on,calm,flat,down,up,retrospective_derived,2026-08-31T03:54:07Z
2025-08-13,-0.00265,97.83999633789062,2025-08-13,0.002926,3358.699951171875,2025-08-13,0.000355,23946.5,2025-08-13,0.003131,6488.75,2025-08-13,-0.012812,4.23799991607666,2025-08-13,-0.016293,14.489999771118164,2025-08-13,-0.008232,62.650001525878906,2025-08-13,0.026388,123344.0625,2025-08-13,0.036017,4756.27587890625,2025-08-13,-0.002478,147.75799560546875,2025-08-13,-0.055,2025-08-13,0.010743,0.010743,VIX,0.7081,0.154,neutral,calm,down,down,up,retrospective_derived,2026-08-31T03:54:07Z
2025-08-14,0.004191,98.25,2025-08-14,-0.006997,3335.199951171875,2025-08-14,-0.000668,23930.5,2025-08-14,0.00027,6490.5,2025-08-14,0.012978,4.293000221252441,2025-08-14,0.023464,14.829999923706056,2025-08-14,0.02091,63.959999084472656,2025-08-14,-0.040411,118359.578125,2025-08-14,-0.043755,4548.16650390625,2025-08-14,-0.004318,147.1199951171875,2025-08-14,0.055,2025-08-14,0.003131,0.003131,VIX,0.6835,0.1144,neutral,calm,up,up,down,retrospective_derived,2026-08-31T03:54:07Z
2025-08-15,-0.004071,97.8499984741211,2025-08-15,0.00024,3336.0,2025-08-15,-0.005286,23804.0,2025-08-15,-0.002927,6471.5,2025-08-15,0.008153,4.328000068664551,2025-08-15,0.017532,15.09000015258789,2025-08-15,-0.018136,62.79999923706055,2025-08-15,-0.008121,117398.3515625,2025-08-15,-0.023785,4439.98876953125,2025-08-15,0.003881,147.6909942626953,2025-08-15,0.035,2025-08-15,0.00027,0.00027,VIX,0.6582,0.0928,neutral,calm,up,down,down,retrospective_derived,2026-08-31T03:54:07Z
2025-08-16,,,,,,,,,,,,,,,,,,,,,,0.000792,117491.3515625,2025-08-16,-0.00311,4426.18017578125,2025-08-16,,,,,2025-08-16,-0.002927,-0.002927,VIX,0.6582,0.1218,unknown,unknown,unknown,unknown,flat,retrospective_derived,2026-08-31T03:54:07Z
2025-08-17,,,,,,,,,,,,,,,,,,,,,,-0.000326,117453.0625,2025-08-17,0.010639,4473.271484375,2025-08-17,,,,,2025-08-17,0.0,-0.002927,VIX,0.7129,0.1804,unknown,unknown,unknown,unknown,flat,retrospective_derived,2026-08-31T03:54:07Z
2025-08-18,0.00327,98.16999816894533,2025-08-18,-0.001289,3331.699951171875,2025-08-18,-0.000263,23797.75,2025-08-18,-0.000348,6469.25,2025-08-18,0.003004,4.341000080108643,2025-08-18,-0.006627,14.989999771118164,2025-08-18,0.009873,63.41999816894531,2025-08-18,-0.010223,116252.3125,2025-08-18,-0.035939,4312.5048828125,2025-08-18,-0.002891,147.26400756835938,2025-08-18,,2025-08-18,0.0,-0.002927,VIX,0.705,0.1581,neutral,calm,unknown,up,down,retrospective_derived,2026-08-31T03:54:07Z
2025-08-19,0.001019,98.2699966430664,2025-08-19,-0.005493,3313.39990234375,2025-08-19,-0.013793,23469.5,2025-08-19,-0.005681,6432.5,2025-08-19,-0.008984,4.302000045776367,2025-08-19,0.038692,15.56999969482422,2025-08-19,-0.016872,62.34999847412109,2025-08-19,-0.029429,112831.1796875,2025-08-19,-0.05543,4073.464111328125,2025-08-19,0.004427,147.91600036621094,2025-08-19,-0.039,2025-08-19,-0.000348,-0.000348,VIX,0.7311,0.1276,risk_off,calm,down,flat,down,retrospective_derived,2026-08-31T03:54:07Z
2025-08-20,-0.000509,98.22000122070312,2025-08-20,0.009054,3343.39990234375,2025-08-20,-0.0062,23324.0,2025-08-20,-0.002993,6413.25,2025-08-20,-0.001395,4.296000003814697,2025-08-20,0.007707,15.6899995803833,2025-08-20,0.013793,63.209999084472656,2025-08-20,0.012794,114274.7421875,2025-08-20,0.064082,4334.50048828125,2025-08-20,-0.001251,147.7310028076172,2025-08-20,-0.006,2025-08-20,-0.005681,-0.005681,VIX,0.6682,0.0692,neutral,calm,flat,flat,up,retrospective_derived,2026-08-31T03:54:07Z
2025-08-21,0.004073,98.62000274658205,2025-08-21,-0.001944,3336.89990234375,2025-08-21,-0.00447,23219.75,2025-08-21,-0.003898,6388.25,2025-08-21,0.007914,4.329999923706055,2025-08-21,0.057999,16.600000381469727,2025-08-21,0.004904,63.52000045776367,2025-08-21,-0.016239,112419.03125,2025-08-21,-0.025676,4223.2099609375,2025-08-21,-0.002796,147.3179931640625,2025-08-21,0.034,2025-08-21,-0.002993,-0.002993,ETH,0.6218,0.0776,risk_off,elevated,up,up,down,retrospective_derived,2026-08-31T03:54:07Z
2025-08-22,-0.009126,97.72000122070312,2025-08-22,0.011238,3374.39990234375,2025-08-22,0.015073,23569.75,2025-08-22,0.014871,6483.25,2025-08-22,-0.016166,4.260000228881836,2025-08-22,-0.143373,14.220000267028809,2025-08-22,0.002204,63.65999984741211,2025-08-22,0.039629,116874.0859375,2025-08-22,0.143999,4831.3486328125,2025-08-22,0.00725,148.38600158691406,2025-08-22,-0.07,2025-08-22,-0.003898,-0.003898,ETH,0.7846,0.1367,risk_on,calm,down,down,up,retrospective_derived,2026-08-31T03:54:07Z
2025-08-23,,,,,,,,,,,,,,,,,,,,,,-0.012832,115374.328125,2025-08-23,-0.011437,4776.09033203125,2025-08-23,,,,,2025-08-23,0.014871,0.014871,ETH,0.7669,0.1167,unknown,unknown,unknown,unknown,down,retrospective_derived,2026-08-31T03:54:07Z
2025-08-24,,,,,,,,,,,,,,,,,,,,,,-0.016606,113458.4296875,2025-08-24,0.000745,4779.6474609375,2025-08-24,,,,,2025-08-24,0.0,0.014871,ETH,0.7604,0.1218,unknown,unknown,unknown,unknown,down,retrospective_derived,2026-08-31T03:54:07Z
2025-08-25,0.007266,98.43000030517578,2025-08-25,-0.000178,3373.800048828125,2025-08-25,-0.003034,23498.25,2025-08-25,-0.00428,6455.5,2025-08-25,0.003521,4.275000095367432,2025-08-25,0.040084,14.789999961853027,2025-08-25,0.017908,64.80000305175781,2025-08-25,-0.029386,110124.3515625,2025-08-25,-0.085082,4372.98779296875,2025-08-25,-0.007892,147.21499633789062,2025-08-25,,2025-08-25,0.0,0.014871,ETH,0.8612,0.1322,risk_off,calm,unknown,up,down,retrospective_derived,2026-08-31T03:54:07Z
2025-08-26,-0.002032,98.2300033569336,2025-08-26,0.004387,3388.60009765625,2025-08-26,0.003968,23591.5,2025-08-26,0.004182,6482.5,2025-08-26,-0.003977,4.257999897003174,2025-08-26,-0.011494,14.619999885559082,2025-08-26,-0.02392,63.25,2025-08-26,0.01524,111802.65625,2025-08-26,0.05201,4600.4267578125,2025-08-26,0.004123,147.82200622558594,2025-08-26,-0.017,2025-08-26,-0.00428,-0.00428,ETH,0.9231,0.1591,neutral,calm,flat,down,up,retrospective_derived,2026-08-31T03:54:07Z
2025-08-27,0.0,98.2300033569336,2025-08-27,0.004722,3404.60009765625,2025-08-27,0.001579,23628.75,2025-08-27,0.002083,6496.0,2025-08-27,-0.004697,4.23799991607666,2025-08-27,0.015732,14.850000381469728,2025-08-27,0.014229,64.1500015258789,2025-08-27,-0.005193,111222.0625,2025-08-27,-0.021092,4503.39306640625,2025-08-27,-0.002435,147.46200561523438,2025-08-27,-0.02,2025-08-27,0.004182,0.004182,ETH,0.8919,0.1341,neutral,calm,flat,flat,down,retrospective_derived,2026-08-31T03:54:07Z
2025-08-28,-0.004276,97.80999755859376,2025-08-28,0.007989,3431.800048828125,2025-08-28,0.005936,23769.0,2025-08-28,0.00331,6517.5,2025-08-28,-0.007315,4.206999778747559,2025-08-28,-0.028283,14.43000030517578,2025-08-28,0.007015,64.5999984741211,2025-08-28,0.011893,112544.8046875,2025-08-28,0.00084,4507.177734375,2025-08-28,-0.00099,147.3159942626953,2025-08-28,-0.031,2025-08-28,0.002083,0.002083,ETH,0.8692,0.0697,neutral,calm,down,down,up,retrospective_derived,2026-08-31T03:54:07Z
2025-08-29,-0.000409,97.7699966430664,2025-08-29,0.012209,3473.699951171875,2025-08-29,-0.012927,23461.75,2025-08-29,-0.006866,6472.75,2025-08-29,0.004754,4.227000236511231,2025-08-29,0.064449,15.359999656677246,2025-08-29,-0.009133,64.01000213623047,2025-08-29,-0.036732,108410.8359375,2025-08-29,-0.03262,4360.15283203125,2025-08-29,-0.003571,146.7899932861328,2025-08-29,0.02,2025-08-29,0.00331,0.00331,BTC,0.8527,0.0347,risk_off,calm,flat,flat,down,retrospective_derived,2026-08-31T03:54:07Z
2025-08-30,,,,,,,,,,,,,,,,,,,,,,0.003664,108808.0703125,2025-08-30,0.003211,4374.1533203125,2025-08-30,,,,,2025-08-30,-0.006866,-0.006866,ETH,0.8249,0.015,unknown,unknown,unknown,unknown,up,retrospective_derived,2026-08-31T03:54:07Z
2025-08-31,,,,,,,,,,,,,,,,,,,,,,-0.005251,108236.7109375,2025-08-31,0.003627,4390.01904296875,2025-08-31,,,,,2025-08-31,0.0,-0.006866,ETH,0.8604,0.0044,unknown,unknown,unknown,unknown,down,retrospective_derived,2026-08-31T03:54:07Z
2025-09-01,,,,,,,,,,,,,,,,,,,,,,0.009367,109250.59375,2025-09-01,-0.017209,4314.47021484375,2025-09-01,0.002091,147.0970001220703,2025-09-01,,2025-09-01,0.0,-0.006866,BTC,0.8638,0.088,unknown,unknown,unknown,unknown,up,retrospective_derived,2026-08-31T03:54:07Z
2025-09-02,0.006444,98.4000015258789,2025-09-02,0.021792,3549.39990234375,2025-09-02,-0.00796,23275.0,2025-09-02,-0.0073,6425.5,2025-09-02,0.011829,4.276999950408936,2025-09-02,0.117839,17.170000076293945,2025-09-02,0.024684,65.58999633789062,2025-09-02,0.017849,111200.5859375,2025-09-02,0.002525,4325.36572265625,2025-09-02,-8.8e-05,147.08399963378906,2025-09-02,,2025-09-02,0.0,-0.006866,BTC,0.6924,0.021,risk_off,elevated,unknown,up,up,retrospective_derived,2026-08-31T03:54:07Z
2025-09-03,-0.002642,98.13999938964844,2025-09-03,0.01234,3593.199951171875,2025-09-03,0.007465,23448.75,2025-09-03,0.004941,6457.25,2025-09-03,-0.015431,4.210999965667725,2025-09-03,-0.047758,16.350000381469727,2025-09-03,-0.024699,63.970001220703125,2025-09-03,0.0047,111723.2109375,2025-09-03,0.028905,4450.38916015625,2025-09-03,0.009954,148.54800415039062,2025-09-03,-0.066,2025-09-03,-0.0073,-0.0073,ETH,0.6489,0.0256,risk_on,elevated,down,down,up,retrospective_derived,2026-08-31T03:54:07Z
2025-09-04,0.00214,98.3499984741211,2025-09-04,-0.007625,3565.800048828125,2025-09-04,0.00935,23668.0,2025-09-04,0.008285,6510.75,2025-09-04,-0.008312,4.176000118255615,2025-09-04,-0.06422,15.300000190734863,2025-09-04,-0.00766,63.47999954223633,2025-09-04,-0.008947,110723.6015625,2025-09-04,-0.034075,4298.744140625,2025-09-04,-0.003824,147.97999572753906,2025-09-04,-0.035,2025-09-04,0.004941,0.004941,VIX,0.6248,0.0012,risk_on,calm,down,up,down,retrospective_derived,2026-08-31T03:54:07Z
2025-09-05,-0.005897,97.7699966430664,2025-09-05,0.013293,3613.199951171875,2025-09-05,0.000676,23684.0,2025-09-05,-0.003225,6489.75,2025-09-05,-0.021552,4.085999965667725,2025-09-05,-0.007843,15.18000030517578,2025-09-05,-0.025362,61.869998931884766,2025-09-05,-0.000656,110650.984375,2025-09-05,0.001918,4306.98876953125,2025-09-05,0.002669,148.375,2025-09-05,-0.09,2025-09-05,0.008285,0.008285,ETH,0.6445,0.0362,neutral,calm,down,down,flat,retrospective_derived,2026-08-31T03:54:07Z
2025-09-06,,,,,,,,,,,,,,,,,,,,,,-0.003853,110224.6953125,2025-09-06,-0.007603,4274.2421875,2025-09-06,,,,,2025-09-06,-0.003225,-0.003225,ETH,0.6525,0.0373,unknown,unknown,unknown,unknown,down,retrospective_derived,2026-08-31T03:54:07Z
2025-09-07,,,,,,,,,,,,,,,,,,,,,,0.008555,111167.6171875,2025-09-07,0.007277,4305.34765625,2025-09-07,,,,,2025-09-07,0.0,-0.003225,ETH,0.6326,0.0134,unknown,unknown,unknown,unknown,up,retrospective_derived,2026-08-31T03:54:07Z
2025-09-08,-0.003273,97.4499969482422,2025-09-08,0.006891,3638.10009765625,2025-09-08,0.004887,23799.75,2025-09-08,0.002504,6506.0,2025-09-08,-0.00979,4.046000003814697,2025-09-08,-0.004611,15.109999656677246,2025-09-08,0.006304,62.2599983215332,2025-09-08,0.00813,112071.4296875,2025-09-08,0.000633,4308.072265625,2025-09-08,-0.000209,148.343994140625,2025-09-08,,2025-09-08,0.0,-0.003225,VIX,0.6187,0.0248,neutral,calm,unknown,down,up,retrospective_derived,2026-08-31T03:54:07Z
2025-09-09,0.003489,97.79000091552734,2025-09-09,0.001429,3643.300048828125,2025-09-09,0.00312,23874.0,2025-09-09,0.002421,6521.75,2025-09-09,0.00692,4.073999881744385,2025-09-09,-0.004633,15.039999961853027,2025-09-09,0.005943,62.630001068115234,2025-09-09,-0.004826,111530.546875,2025-09-09,0.000225,4309.04150390625,2025-09-09,-0.006606,147.36399841308594,2025-09-09,0.028,2025-09-09,0.002504,0.002504,DXY,0.6618,0.0239,neutral,calm,up,up,down,retrospective_derived,2026-08-31T03:54:07Z
2025-09-10,-0.000102,97.77999877929688,2025-09-10,8.2e-05,3643.60009765625,2025-09-10,0.000157,23877.75,2025-09-10,0.00276,6539.75,2025-09-10,-0.010309,4.0320000648498535,2025-09-10,0.020612,15.350000381469728,2025-09-10,0.016605,63.66999816894531,2025-09-10,0.021741,113955.359375,2025-09-10,0.009307,4349.14599609375,2025-09-10,0.00019,147.39199829101562,2025-09-10,-0.042,2025-09-10,0.002421,0.002421,SPX,0.6142,0.0192,neutral,calm,down,flat,up,retrospective_derived,2026-08-31T03:54:07Z
2025-09-11,-0.002454,97.54000091552734,2025-09-11,-0.001839,3636.89990234375,2025-09-11,0.005863,24017.75,2025-09-11,0.008066,6592.5,2025-09-11,-0.005208,4.011000156402588,2025-09-11,-0.041694,14.710000038146973,2025-09-11,-0.020418,62.369998931884766,2025-09-11,0.013621,115507.5390625,2025-09-11,0.025772,4461.2333984375,2025-09-11,-0.000407,147.33200073242188,2025-09-11,-0.021,2025-09-11,0.00276,0.00276,SPX,0.4885,0.0229,risk_on,calm,down,down,up,retrospective_derived,2026-08-31T03:54:07Z
2025-09-12,0.000103,97.5500030517578,2025-09-12,0.003437,3649.39990234375,2025-09-12,0.003976,24113.25,2025-09-12,-0.000645,6588.25,2025-09-12,0.012466,4.060999870300293,2025-09-12,0.003399,14.760000228881836,2025-09-12,0.005131,62.68999862670898,2025-09-12,0.005143,116101.578125,2025-09-12,0.056938,4715.24609375,2025-09-12,-0.000733,147.2239990234375,2025-09-12,0.05,2025-09-12,0.008066,0.008066,SPX,0.4484,0.0078,neutral,calm,up,flat,up,retrospective_derived,2026-08-31T03:54:07Z
2025-09-13,,,,,,,,,,,,,,,,,,,,,,-0.001301,115950.5078125,2025-09-13,-0.009982,4668.1796875,2025-09-13,,,,,2025-09-13,-0.000645,-0.000645,SPX,0.4508,0.0112,unknown,unknown,unknown,unknown,flat,retrospective_derived,2026-08-31T03:54:07Z
2025-09-14,,,,,,,,,,,,,,,,,,,,,,-0.004682,115407.65625,2025-09-14,-0.012549,4609.59765625,2025-09-14,,,,,2025-09-14,0.0,-0.000645,NASDAQ,0.43,0.0243,unknown,unknown,unknown,unknown,down,retrospective_derived,2026-08-31T03:54:07Z
2025-09-15,-0.002563,97.3000030517578,2025-09-15,0.008988,3682.199951171875,2025-09-15,0.008128,24309.25,2025-09-15,0.005047,6621.5,2025-09-15,-0.006649,4.033999919891357,2025-09-15,0.063008,15.6899995803833,2025-09-15,0.00973,63.29999923706055,2025-09-15,0.000322,115444.875,2025-09-15,-0.017958,4526.8203125,2025-09-15,0.003002,147.66600036621094,2025-09-15,,2025-09-15,0.0,-0.000645,US10Y,0.4191,0.0026,mixed,calm,unknown,down,flat,retrospective_derived,2026-08-31T03:54:07Z
2025-09-16,-0.006886,96.62999725341795,2025-09-16,0.00182,3688.89990234375,2025-09-16,-0.001039,24284.0,2025-09-16,-0.001623,6610.75,2025-09-16,-0.001983,4.026000022888184,2025-09-16,0.042702,16.360000610351562,2025-09-16,0.019273,64.5199966430664,2025-09-16,0.012112,116843.1875,2025-09-16,-0.005137,4503.564453125,2025-09-16,-0.001768,147.40499877929688,2025-09-16,-0.008,2025-09-16,0.005047,0.005047,NASDAQ,0.4019,0.0003,neutral,elevated,flat,down,up,retrospective_derived,2026-08-31T03:54:07Z
2025-09-17,0.002484,96.87000274658205,2025-09-17,-0.001925,3681.800048828125,2025-09-17,-0.002533,24222.5,2025-09-17,-0.001437,6601.25,2025-09-17,0.012419,4.076000213623047,2025-09-17,-0.03912,15.720000267028809,2025-09-17,-0.007284,64.05000305175781,2025-09-17,-0.003207,116468.5078125,2025-09-17,0.0198,4592.7333984375,2025-09-17,-0.00673,146.41299438476562,2025-09-17,0.05,2025-09-17,-0.001623,-0.001623,US10Y,0.4002,0.0276,neutral,calm,up,up,down,retrospective_derived,2026-08-31T03:54:07Z
2025-09-18,0.004955,97.3499984741211,2025-09-18,-0.010348,3643.699951171875,2025-09-18,0.009815,24460.25,2025-09-18,0.005113,6635.0,2025-09-18,0.006869,4.104000091552734,2025-09-18,-0.001272,15.699999809265137,2025-09-18,-0.007494,63.56999969482422,2025-09-18,0.005741,117137.203125,2025-09-18,-0.000613,4589.9189453125,2025-09-18,0.003265,146.89100646972656,2025-09-18,0.028,2025-09-18,-0.001437,-0.001437,US10Y,0.3837,0.0277,neutral,calm,up,up,up,retrospective_derived,2026-08-31T03:54:07Z
2025-09-19,0.002979,97.63999938964844,2025-09-19,0.00763,3671.5,2025-09-19,0.004408,24568.0703125,2025-09-19,0.003583,6658.77001953125,2025-09-19,0.008528,4.138999938964844,2025-09-19,-0.015924,15.449999809265137,2025-09-19,-0.014,62.68000030517578,2025-09-19,-0.012365,115688.859375,2025-09-19,-0.025927,4470.9169921875,2025-09-19,0.007189,147.94700622558594,2025-09-19,0.035,2025-09-19,0.005113,0.005113,NASDAQ,0.3442,0.011,neutral,calm,up,up,down,retrospective_derived,2026-08-31T03:54:07Z
2025-09-20,,,,,,,,,,,,,,,,,,,,,,0.000286,115721.9609375,2025-09-20,0.002538,4482.265625,2025-09-20,,,,,2025-09-20,0.003583,0.003583,NASDAQ,0.3468,0.013,unknown,unknown,unknown,unknown,flat,retrospective_derived,2026-08-31T03:54:07Z
2025-09-21,,,,,,,,,,,,,,,,,,,,,,-0.003594,115306.09375,2025-09-21,-0.006902,4451.3291015625,2025-09-21,,,,,2025-09-21,0.0,0.003583,NASDAQ,0.3468,0.013,unknown,unknown,unknown,unknown,down,retrospective_derived,2026-08-31T03:54:07Z
2025-09-22,-0.003175,97.33000183105467,2025-09-22,0.018848,3740.699951171875,2025-09-22,0.017703,25003.0,2025-09-22,0.014076,6752.5,2025-09-22,0.000966,4.14300012588501,2025-09-22,0.042071,16.100000381469727,2025-09-22,-0.000638,62.63999938964844,2025-09-22,-0.022181,112748.5078125,2025-09-22,-0.055815,4202.87744140625,2025-09-22,0.001,148.09500122070312,2025-09-22,,2025-09-22,0.0,0.003583,GOLD,0.3033,0.003,mixed,elevated,unknown,down,down,retrospective_derived,2026-08-31T03:54:07Z
2025-09-23,-0.000719,97.26000213623048,2025-09-23,0.010666,3780.60009765625,2025-09-23,-0.007029,24827.25,2025-09-23,-0.005553,6715.0,2025-09-23,-0.005552,4.119999885559082,2025-09-23,0.03354,16.639999389648438,2025-09-23,0.012292,63.40999984741211,2025-09-23,-0.00651,112014.5,2025-09-23,-0.008892,4165.50390625,2025-09-23,-0.002498,147.72500610351562,2025-09-23,-0.023,2025-09-23,0.014076,0.014076,GOLD,0.2749,0.0117,risk_off,elevated,down,flat,down,retrospective_derived,2026-08-31T03:54:07Z
2025-09-24,0.006272,97.87000274658205,2025-09-24,-0.012829,3732.10009765625,2025-09-24,-0.003544,24739.25,2025-09-24,-0.003388,6692.25,2025-09-24,0.006553,4.146999835968018,2025-09-24,-0.027644,16.18000030517578,2025-09-24,0.024917,64.98999786376953,2025-09-24,0.011732,113328.6328125,2025-09-24,-0.002889,4153.46923828125,2025-09-24,-0.000758,147.61300659179688,2025-09-24,0.027,2025-09-24,-0.005553,-0.005553,GOLD,0.4074,0.094,neutral,elevated,up,up,up,retrospective_derived,2026-08-31T03:54:07Z
2025-09-25,0.006948,98.5500030517578,2025-09-25,0.001286,3736.89990234375,2025-09-25,-0.004446,24629.25,2025-09-25,-0.004856,6659.75,2025-09-25,0.006028,4.171999931335449,2025-09-25,0.034611,16.739999771118164,2025-09-25,-0.000154,64.9800033569336,2025-09-25,-0.03776,109049.2890625,2025-09-25,-0.06865,3868.333984375,2025-09-25,0.007709,148.75100708007812,2025-09-25,0.025,2025-09-25,-0.003388,-0.003388,DXY,0.321,0.0133,risk_off,elevated,up,up,down,retrospective_derived,2026-08-31T03:54:07Z
2025-09-26,-0.004059,98.1500015258789,2025-09-26,0.010276,3775.300048828125,2025-09-26,0.003959,24726.75,2025-09-26,0.005518,6696.5,2025-09-26,0.003595,4.186999797821045,2025-09-26,-0.086619,15.289999961853027,2025-09-26,0.011388,65.72000122070312,2025-09-26,0.006085,109712.828125,2025-09-26,0.043314,4035.887939453125,2025-09-26,0.007462,149.86099243164062,2025-09-26,0.015,2025-09-26,-0.004856,-0.004856,DXY,0.3003,0.0199,risk_on,calm,flat,down,up,retrospective_derived,2026-08-31T03:54:07Z
2025-09-27,,,,,,,,,,,,,,,,,,,,,,-0.000281,109681.9453125,2025-09-27,-0.004269,4018.658203125,2025-09-27,,,,,2025-09-27,0.005518,0.005518,DXY,0.2972,0.0162,unknown,unknown,unknown,unknown,flat,retrospective_derived,2026-08-31T03:54:07Z
2025-09-28,,,,,,,,,,,,,,,,,,,,,,0.022252,112122.640625,2025-09-28,0.030562,4141.4765625,2025-09-28,,,,,2025-09-28,0.0,0.005518,DXY,0.2897,0.0023,unknown,unknown,unknown,unknown,up,retrospective_derived,2026-08-31T03:54:07Z
2025-09-29,-0.002445,97.91000366210938,2025-09-29,0.012078,3820.89990234375,2025-09-29,0.004489,24837.75,2025-09-29,0.002539,6713.5,2025-09-29,-0.010986,4.140999794006348,2025-09-29,0.054284,16.1200008392334,2025-09-29,-0.03454,63.45000076293945,2025-09-29,0.020315,114400.3828125,2025-09-29,0.018318,4217.341796875,2025-09-29,-0.003043,149.40499877929688,2025-09-29,,2025-09-29,0.0,0.005518,GOLD,0.3172,0.0151,neutral,elevated,unknown,down,up,retrospective_derived,2026-08-31T03:54:07Z
2025-09-30,-0.00143,97.7699966430664,2025-09-30,0.005208,3840.800048828125,2025-09-30,0.002577,24901.75,2025-09-30,0.003761,6738.75,2025-09-30,0.00169,4.1479997634887695,2025-09-30,0.009926,16.280000686645508,2025-09-30,-0.017021,62.369998931884766,2025-09-30,-0.00301,114056.0859375,2025-09-30,-0.016926,4145.95751953125,2025-09-30,-0.005421,148.59500122070312,2025-09-30,0.007,2025-09-30,0.002539,0.002539,GOLD,0.3488,0.0259,neutral,elevated,flat,flat,down,retrospective_derived,2026-08-31T03:54:07Z
2025-10-01,-0.000614,97.70999908447266,2025-10-01,0.006952,3867.5,2025-10-01,0.004648,25017.5,2025-10-01,0.003376,6761.5,2025-10-01,-0.010125,4.105999946594238,2025-10-01,0.000614,16.290000915527344,2025-10-01,-0.00946,61.77999877929688,2025-10-01,0.040268,118648.9296875,2025-10-01,0.049483,4351.1123046875,2025-10-01,-0.004024,147.9969940185547,2025-10-01,-0.042,2025-10-01,0.003761,0.003761,GOLD,0.3706,0.0585,neutral,elevated,down,flat,up,retrospective_derived,2026-08-31T03:54:07Z
2025-10-02,0.001433,97.8499984741211,2025-10-02,-0.007188,3839.699951171875,2025-10-02,0.003697,25110.0,2025-10-02,0.000776,6766.75,2025-10-02,-0.004384,4.0879998207092285,2025-10-02,0.020872,16.6299991607666,2025-10-02,-0.021042,60.47999954223633,2025-10-02,0.017129,120681.2578125,2025-10-02,0.031443,4487.923828125,2025-10-02,-0.006176,147.08299255371094,2025-10-02,-0.018,2025-10-02,0.003376,0.003376,GOLD,0.3745,0.0556,neutral,elevated,flat,flat,up,retrospective_derived,2026-08-31T03:54:07Z
2025-10-03,-0.001329,97.72000122070312,2025-10-03,0.010704,3880.800048828125,2025-10-03,-0.004699,24992.0,2025-10-03,-0.000406,6764.0,2025-10-03,0.007583,4.11899995803833,2025-10-03,0.001203,16.649999618530273,2025-10-03,0.006614,60.880001068115234,2025-10-03,0.013136,122266.53125,2025-10-03,0.006004,4514.87060546875,2025-10-03,0.000456,147.14999389648438,2025-10-03,0.031,2025-10-03,0.000776,0.000776,GOLD,0.3401,0.044,neutral,elevated,up,flat,up,retrospective_derived,2026-08-31T03:54:07Z
2025-10-04,,,,,,,,,,,,,,,,,,,,,,0.0013,122425.4296875,2025-10-04,-0.005686,4489.197265625,2025-10-04,,,,,2025-10-04,-0.000406,-0.000406,GOLD,0.3409,0.0436,unknown,unknown,unknown,unknown,flat,retrospective_derived,2026-08-31T03:54:07Z
2025-10-05,,,,,,,,,,,,,,,,,,,,,,0.008887,123513.4765625,2025-10-05,0.005842,4515.4228515625,2025-10-05,,,,,2025-10-05,0.0,-0.000406,GOLD,0.323,0.0145,unknown,unknown,unknown,unknown,up,retrospective_derived,2026-08-31T03:54:07Z
2025-10-06,0.003991,98.11000061035156,2025-10-06,0.017445,3948.5,2025-10-06,0.007712,25184.75,2025-10-06,0.003659,6788.75,2025-10-06,0.010439,4.162000179290772,2025-10-06,-0.016817,16.3700008392334,2025-10-06,0.013305,61.68999862670898,2025-10-06,0.010032,124752.53125,2025-10-06,0.038169,4687.771484375,2025-10-06,0.016691,149.6060028076172,2025-10-06,,2025-10-06,0.0,-0.000406,USDJPY,0.3517,0.0304,neutral,elevated,unknown,up,up,retrospective_derived,2026-08-31T03:54:07Z
2025-10-07,0.004791,98.58000183105467,2025-10-07,0.007117,3976.60009765625,2025-10-07,-0.005777,25039.25,2025-10-07,-0.004014,6761.5,2025-10-07,-0.008409,4.126999855041504,2025-10-07,0.053146,17.239999771118164,2025-10-07,0.000648,61.72999954223633,2025-10-07,-0.026462,121451.3828125,2025-10-07,-0.050476,4451.15185546875,2025-10-07,0.004846,150.33099365234375,2025-10-07,-0.035,2025-10-07,0.003659,0.003659,USDJPY,0.3565,0.0035,risk_off,elevated,down,up,down,retrospective_derived,2026-08-31T03:54:07Z
2025-10-08,0.002739,98.8499984741211,2025-10-08,0.016773,4043.300048828125,2025-10-08,0.011652,25331.0,2025-10-08,0.005879,6801.25,2025-10-08,0.000485,4.129000186920166,2025-10-08,-0.054524,16.299999237060547,2025-10-08,0.013284,62.54999923706055,2025-10-08,0.015673,123354.8671875,2025-10-08,0.017186,4527.64794921875,2025-10-08,0.011441,152.05099487304688,2025-10-08,0.002,2025-10-08,-0.004014,-0.004014,USDJPY,0.4291,0.0811,risk_on,elevated,flat,up,up,retrospective_derived,2026-08-31T03:54:07Z
2025-10-09,0.00698,99.54000091552734,2025-10-09,-0.02399,3946.300048828125,2025-10-09,-0.001648,25289.25,2025-10-09,-0.003235,6779.25,2025-10-09,0.004601,4.1479997634887695,2025-10-09,0.007976,16.43000030517578,2025-10-09,-0.016627,61.5099983215332,2025-10-09,-0.01337,121705.5859375,2025-10-09,-0.035008,4369.1435546875,2025-10-09,0.004137,152.67999267578125,2025-10-09,0.019,2025-10-09,0.005879,0.005879,GOLD,0.4241,0.0521,neutral,elevated,flat,up,down,retrospective_derived,2026-08-31T03:54:07Z
2025-10-10,-0.005626,98.9800033569336,2025-10-10,0.007501,3975.89990234375,2025-10-10,-0.035282,24397.0,2025-10-10,-0.027142,6595.25,2025-10-10,-0.023385,4.051000118255615,2025-10-10,0.31832,21.65999984741211,2025-10-10,-0.042432,58.900001525878906,2025-10-10,-0.069769,113214.3671875,2025-10-10,-0.120421,3843.0087890625,2025-10-10,0.001867,152.96499633789062,2025-10-10,-0.097,2025-10-10,-0.003235,-0.003235,NASDAQ,0.6309,0.0016,risk_off,elevated,down,down,down,retrospective_derived,2026-08-31T03:54:07Z
2025-10-11,,,,,,,,,,,,,,,,,,,,,,-0.021256,110807.8828125,2025-10-11,-0.024043,3750.611572265625,2025-10-11,,,,,2025-10-11,-0.027142,-0.027142,VIX,0.6482,0.0025,unknown,unknown,unknown,unknown,down,retrospective_derived,2026-08-31T03:54:07Z
2025-10-12,,,,,,,,,,,,,,,,,,,,,,0.039364,115169.765625,2025-10-12,0.110333,4164.427734375,2025-10-12,,,,,2025-10-12,0.0,-0.027142,BTC,0.733,0.0459,unknown,unknown,unknown,unknown,up,retrospective_derived,2026-08-31T03:54:07Z
2025-10-13,0.00293,99.2699966430664,2025-10-13,0.033376,4108.60009765625,2025-10-13,0.021529,24922.25,2025-10-13,0.015087,6694.75,2025-10-13,0.0,4.051000118255615,2025-10-13,-0.121422,19.030000686645508,2025-10-13,0.010017,59.4900016784668,2025-10-13,0.00088,115271.078125,2025-10-13,0.01946,4245.4677734375,2025-10-13,-0.005943,152.05599975585938,2025-10-13,,2025-10-13,0.0,-0.027142,VIX,0.7568,0.0133,risk_on,elevated,unknown,up,flat,retrospective_derived,2026-08-31T03:54:07Z
2025-10-14,-0.002216,99.0500030517578,2025-10-14,0.007326,4138.7001953125,2025-10-14,-0.00641,24762.5,2025-10-14,-0.001232,6686.5,2025-10-14,-0.007159,4.021999835968018,2025-10-14,0.093536,20.809999465942383,2025-10-14,-0.01328,58.70000076293945,2025-10-14,-0.018673,113118.6640625,2025-10-14,-0.028279,4125.412109375,2025-10-14,0.002486,152.4340057373047,2025-10-14,-0.029,2025-10-14,0.015087,0.015087,VIX,0.8414,0.0272,neutral,elevated,down,down,down,retrospective_derived,2026-08-31T03:54:07Z
2025-10-15,-0.002625,98.79000091552734,2025-10-15,0.00923,4176.89990234375,2025-10-15,0.006542,24924.5,2025-10-15,0.004262,6715.0,2025-10-15,0.005967,4.046000003814697,2025-10-15,-0.008169,20.63999938964844,2025-10-15,-0.007325,58.27000045776367,2025-10-15,-0.020646,110783.1640625,2025-10-15,-0.03344,3987.45947265625,2025-10-15,-0.004612,151.7310028076172,2025-10-15,0.024,2025-10-15,-0.001232,-0.001232,VIX,0.8548,0.0096,neutral,elevated,up,down,down,retrospective_derived,2026-08-31T03:54:07Z
2025-10-16,-0.004049,98.38999938964844,2025-10-16,0.024731,4280.2001953125,2025-10-16,-0.003741,24831.25,2025-10-16,-0.006888,6668.75,2025-10-16,-0.017301,3.9760000705718994,2025-10-16,0.22626,25.309999465942383,2025-10-16,-0.013901,57.459999084472656,2025-10-16,-0.023443,108186.0390625,2025-10-16,-0.023249,3894.75439453125,2025-10-16,-0.004989,150.9739990234375,2025-10-16,-0.07,2025-10-16,0.004262,0.004262,VIX,0.931,0.0995,risk_off,stressed,down,down,down,retrospective_derived,2026-08-31T03:54:07Z
2025-10-17,0.000407,98.43000030517578,2025-10-17,-0.021097,4189.89990234375,2025-10-17,0.006252,24986.5,2025-10-17,0.005061,6702.5,2025-10-17,0.007797,4.006999969482422,2025-10-17,-0.178981,20.780000686645508,2025-10-17,0.001392,57.540000915527344,2025-10-17,-0.015882,106467.7890625,2025-10-17,-0.015969,3832.558837890625,2025-10-17,-0.005657,150.1199951171875,2025-10-17,0.031,2025-10-17,-0.006888,-0.006888,VIX,0.9353,0.1426,risk_on,elevated,up,flat,down,retrospective_derived,2026-08-31T03:54:07Z
2025-10-18,,,,,,,,,,,,,,,,,,,,,,0.006861,107198.265625,2025-10-18,0.015078,3890.34619140625,2025-10-18,,,,,2025-10-18,0.005061,0.005061,VIX,0.9297,0.1347,unknown,unknown,unknown,unknown,up,retrospective_derived,2026-08-31T03:54:07Z
2025-10-19,,,,,,,,,,,,,,,,,,,,,,0.013698,108666.7109375,2025-10-19,0.02424,3984.649658203125,2025-10-19,,,,,2025-10-19,0.0,0.005061,VIX,0.9751,0.126,unknown,unknown,unknown,unknown,up,retrospective_derived,2026-08-31T03:54:07Z
2025-10-20,0.001625,98.58999633789062,2025-10-20,0.034965,4336.39990234375,2025-10-20,0.012757,25305.25,2025-10-20,0.01063,6773.75,2025-10-20,-0.005241,3.986000061035156,2025-10-20,-0.122714,18.229999542236328,2025-10-20,-0.000348,57.52000045776367,2025-10-20,0.017689,110588.9296875,2025-10-20,-0.000976,3980.76025390625,2025-10-20,0.005196,150.89999389648438,2025-10-20,,2025-10-20,0.0,0.005061,VIX,1.0166,0.0997,risk_on,elevated,unknown,up,up,retrospective_derived,2026-08-31T03:54:07Z
2025-10-21,0.003449,98.93000030517578,2025-10-21,-0.057352,4087.699951171875,2025-10-21,-0.000415,25294.75,2025-10-21,-7.4e-05,6773.25,2025-10-21,-0.00577,3.963000059127808,2025-10-21,-0.019748,17.8700008392334,2025-10-21,0.005216,57.81999969482422,2025-10-21,-0.019098,108476.890625,2025-10-21,-0.026125,3876.76416015625,2025-10-21,-0.000835,150.7740020751953,2025-10-21,-0.023,2025-10-21,0.01063,0.01063,VIX,1.0671,0.1608,neutral,elevated,down,up,down,retrospective_derived,2026-08-31T03:54:07Z
2025-10-22,-0.000303,98.9000015258789,2025-10-22,-0.010593,4044.39990234375,2025-10-22,-0.010101,25039.25,2025-10-22,-0.005352,6737.0,2025-10-22,-0.002523,3.953000068664551,2025-10-22,0.040851,18.600000381469727,2025-10-22,0.011761,58.5,2025-10-22,-0.007267,107688.5859375,2025-10-22,-0.017706,3808.122314453125,2025-10-22,0.007422,151.89300537109375,2025-10-22,-0.01,2025-10-22,-7.4e-05,-7.4e-05,VIX,1.1148,0.1516,risk_off,elevated,flat,flat,down,retrospective_derived,2026-08-31T03:54:07Z
2025-10-23,0.000404,98.94000244140624,2025-10-23,0.020052,4125.5,2025-10-23,0.008577,25254.0,2025-10-23,0.00564,6775.0,2025-10-23,0.009613,3.990999937057495,2025-10-23,-0.069893,17.299999237060547,2025-10-23,0.056239,61.790000915527344,2025-10-23,0.022111,110069.7265625,2025-10-23,0.012579,3856.0263671875,2025-10-23,0.000402,151.95399475097656,2025-10-23,0.038,2025-10-23,-0.005352,-0.005352,VIX,1.1578,0.1561,risk_on,elevated,up,flat,up,retrospective_derived,2026-08-31T03:54:07Z
2025-10-24,0.000101,98.9499969482422,2025-10-24,-0.001721,4118.39990234375,2025-10-24,0.010107,25509.25,2025-10-24,0.007675,6827.0,2025-10-24,0.001503,3.996999979019165,2025-10-24,-0.053757,16.3700008392334,2025-10-24,-0.004693,61.5,2025-10-24,0.00876,111033.921875,2025-10-24,0.020368,3934.5673828125,2025-10-24,0.004265,152.6020050048828,2025-10-24,0.006,2025-10-24,0.00564,0.00564,VIX,1.1081,0.1174,risk_on,elevated,flat,flat,up,retrospective_derived,2026-08-31T03:54:07Z
2025-10-25,,,,,,,,,,,,,,,,,,,,,,0.005474,111641.7265625,2025-10-25,0.004804,3953.470947265625,2025-10-25,,,,,2025-10-25,0.007675,0.007675,VIX,1.0992,0.1135,unknown,unknown,unknown,unknown,up,retrospective_derived,2026-08-31T03:54:07Z
2025-10-26,,,,,,,,,,,,,,,,,,,,,,0.025355,114472.4453125,2025-10-26,0.051731,4157.9892578125,2025-10-26,,,,,2025-10-26,0.0,0.007675,VIX,1.1961,0.1752,unknown,unknown,unknown,unknown,up,retrospective_derived,2026-08-31T03:54:07Z
2025-10-27,-0.001718,98.77999877929688,2025-10-27,-0.028288,4001.89990234375,2025-10-27,0.017817,25963.75,2025-10-27,0.011901,6908.25,2025-10-27,0.0,3.996999979019165,2025-10-27,-0.035431,15.789999961853027,2025-10-27,-0.003089,61.310001373291016,2025-10-27,-0.003085,114119.328125,2025-10-27,-0.009107,4120.1220703125,2025-10-27,0.003008,153.06100463867188,2025-10-27,,2025-10-27,0.0,0.007675,VIX,1.1871,0.1563,risk_on,calm,unknown,down,down,retrospective_derived,2026-08-31T03:54:07Z
2025-10-28,-0.000911,98.69000244140624,2025-10-28,-0.008921,3966.199951171875,2025-10-28,0.007693,26163.5,2025-10-28,0.002533,6925.75,2025-10-28,-0.003503,3.983000040054321,2025-10-28,0.039899,16.420000076293945,2025-10-28,-0.01892,60.150001525878906,2025-10-28,-0.010193,112956.1640625,2025-10-28,-0.03346,3982.262451171875,2025-10-28,-0.002411,152.69200134277344,2025-10-28,-0.014,2025-10-28,0.011901,0.011901,VIX,1.1823,0.1856,neutral,elevated,flat,flat,down,retrospective_derived,2026-08-31T03:54:07Z
2025-10-29,0.00537,99.22000122070312,2025-10-29,0.004412,3983.699951171875,2025-10-29,0.003784,26262.5,2025-10-29,-0.000433,6922.75,2025-10-29,0.01883,4.058000087738037,2025-10-29,0.030451,16.920000076293945,2025-10-29,0.005486,60.47999954223633,2025-10-29,-0.025681,110055.3046875,2025-10-29,-0.019815,3903.35302734375,2025-10-29,-0.006294,151.7310028076172,2025-10-29,0.075,2025-10-29,0.002533,0.002533,VIX,1.1695,0.1533,neutral,elevated,up,up,down,retrospective_derived,2026-08-31T03:54:07Z
2025-10-30,0.003124,99.52999877929688,2025-10-30,0.004418,4001.300048828125,2025-10-30,-0.01446,25882.75,2025-10-30,-0.009714,6855.5,2025-10-30,0.008625,4.0929999351501465,2025-10-30,-0.000591,16.90999984741211,2025-10-30,0.001488,60.56999969482422,2025-10-30,-0.015899,108305.546875,2025-10-30,-0.025357,3804.375244140625,2025-10-30,0.006531,152.7220001220703,2025-10-30,0.035,2025-10-30,-0.000433,-0.000433,VIX,0.6252,0.0758,neutral,elevated,up,up,down,retrospective_derived,2026-08-31T03:54:07Z
2025-10-31,0.002713,99.8000030517578,2025-10-31,-0.004773,3982.199951171875,2025-10-31,0.004685,26004.0,2025-10-31,0.002699,6874.0,2025-10-31,0.001955,4.10099983215332,2025-10-31,0.031342,17.440000534057617,2025-10-31,0.006769,60.97999954223633,2025-10-31,0.011547,109556.1640625,2025-10-31,0.011225,3847.080322265625,2025-10-31,0.007713,153.89999389648438,2025-10-31,0.008,2025-10-31,-0.009714,-0.009714,VIX,0.5656,0.0435,neutral,elevated,flat,up,up,retrospective_derived,2026-08-31T03:54:07Z
2025-11-01,,,,,,,,,,,,,,,,,,,,,,0.004636,110064.015625,2025-11-01,0.007046,3874.18798828125,2025-11-01,,,,,2025-11-01,0.002699,0.002699,VIX,0.5656,0.0431,unknown,unknown,unknown,unknown,up,retrospective_derived,2026-08-31T03:54:07Z
2025-11-02,,,,,,,,,,,,,,,,,,,,,,0.00523,110639.625,2025-11-02,0.009518,3911.063232421875,2025-11-02,,,,,2025-11-02,0.0,0.002699,VIX,0.5311,0.0552,unknown,unknown,unknown,unknown,up,retrospective_derived,2026-08-31T03:54:07Z
2025-11-03,0.000701,99.87000274658205,2025-11-03,0.004545,4000.300048828125,2025-11-03,0.003817,26103.25,2025-11-03,0.001273,6882.75,2025-11-03,0.001219,4.105999946594238,2025-11-03,-0.015482,17.170000076293945,2025-11-03,0.001148,61.04999923706055,2025-11-03,-0.036986,106547.5234375,2025-11-03,-0.078944,3602.30810546875,2025-11-03,0.001917,154.19500732421875,2025-11-03,,2025-11-03,0.0,0.002699,BTC,0.4342,0.0055,neutral,elevated,unknown,flat,down,retrospective_derived,2026-08-31T03:54:07Z
2025-11-04,0.003505,100.22000122070312,2025-11-04,-0.013149,3947.699951171875,2025-11-04,-0.020227,25575.25,2025-11-04,-0.011769,6801.75,2025-11-04,-0.00414,4.089000225067139,2025-11-04,0.106581,19.0,2025-11-04,-0.008026,60.560001373291016,2025-11-04,-0.046524,101590.5234375,2025-11-04,-0.085982,3292.574462890625,2025-11-04,5.8e-05,154.20399475097656,2025-11-04,-0.017,2025-11-04,0.001273,0.001273,BTC,0.5571,0.033,risk_off,elevated,flat,up,down,retrospective_derived,2026-08-31T03:54:07Z
2025-11-05,-0.0002,100.1999969482422,2025-11-05,0.008258,3980.300048828125,2025-11-05,0.006686,25746.25,2025-11-05,0.003455,6825.25,2025-11-05,0.01663,4.1570000648498535,2025-11-05,-0.052105,18.010000228881836,2025-11-05,-0.015852,59.59999847412109,2025-11-05,0.022653,103891.8359375,2025-11-05,0.040271,3425.171142578125,2025-11-05,-0.004196,153.5570068359375,2025-11-05,0.068,2025-11-05,-0.011769,-0.011769,NASDAQ,0.5564,0.0089,risk_on,elevated,up,flat,up,retrospective_derived,2026-08-31T03:54:07Z
2025-11-06,-0.004691,99.7300033569336,2025-11-06,-0.000101,3979.89990234375,2025-11-06,-0.019498,25244.25,2025-11-06,-0.011392,6747.5,2025-11-06,-0.015396,4.0929999351501465,2025-11-06,0.082732,19.5,2025-11-06,-0.002852,59.43000030517578,2025-11-06,-0.024935,101301.2890625,2025-11-06,-0.032966,3312.2578125,2025-11-06,0.00336,154.072998046875,2025-11-06,-0.064,2025-11-06,0.003455,0.003455,NASDAQ,0.5939,0.0147,risk_off,elevated,down,down,down,retrospective_derived,2026-08-31T03:54:07Z
2025-11-07,-0.001304,99.5999984741211,2025-11-07,0.0049,3999.39990234375,2025-11-07,-0.00309,25166.25,2025-11-07,0.000926,6753.75,2025-11-07,0.0,4.0929999351501465,2025-11-07,-0.021538,19.07999992370605,2025-11-07,0.005384,59.75,2025-11-07,0.020445,103372.40625,2025-11-07,0.037148,3435.301025390625,2025-11-07,-0.007302,152.947998046875,2025-11-07,0.0,2025-11-07,-0.011392,-0.011392,BTC,0.5796,0.0542,neutral,elevated,flat,flat,up,retrospective_derived,2026-08-31T03:54:07Z
2025-11-08,,,,,,,,,,,,,,,,,,,,,,-0.010547,102282.1171875,2025-11-08,-0.010167,3400.3759765625,2025-11-08,,,,,2025-11-08,0.000926,0.000926,BTC,0.5748,0.0534,unknown,unknown,unknown,unknown,down,retrospective_derived,2026-08-31T03:54:07Z
2025-11-09,,,,,,,,,,,,,,,,,,,,,,0.023831,104719.640625,2025-11-09,0.053596,3582.621337890625,2025-11-09,,,,,2025-11-09,0.0,0.000926,BTC,0.583,0.0676,unknown,unknown,unknown,unknown,up,retrospective_derived,2026-08-31T03:54:07Z
2025-11-10,0.000201,99.62000274658205,2025-11-10,0.028104,4111.7998046875,2025-11-10,0.021785,25714.5,2025-11-10,0.015251,6856.75,2025-11-10,0.004153,4.110000133514404,2025-11-10,-0.077568,17.600000381469727,2025-11-10,0.00636,60.130001068115234,2025-11-10,0.012194,105996.59375,2025-11-10,-0.003953,3568.4599609375,2025-11-10,0.005682,153.81700134277344,2025-11-10,,2025-11-10,0.0,0.000926,NASDAQ,0.6137,0.029,risk_on,elevated,unknown,flat,up,retrospective_derived,2026-08-31T03:54:07Z
2025-11-11,-0.001606,99.45999908447266,2025-11-11,-0.001216,4106.7998046875,2025-11-11,-0.002868,25640.75,2025-11-11,0.002151,6871.5,2025-11-11,0.002433,4.119999885559082,2025-11-11,-0.018182,17.280000686645508,2025-11-11,0.015134,61.040000915527344,2025-11-11,-0.028295,102997.46875,2025-11-11,-0.042925,3415.2822265625,2025-11-11,0.002139,154.14599609375,2025-11-11,0.01,2025-11-11,0.015251,0.015251,BTC,0.588,0.0142,neutral,elevated,flat,down,down,retrospective_derived,2026-08-31T03:54:07Z
2025-11-12,0.000201,99.4800033569336,2025-11-12,0.023765,4204.39990234375,2025-11-12,-0.000663,25623.75,2025-11-12,0.000618,6875.75,2025-11-12,-0.013349,4.065000057220459,2025-11-12,0.01331,17.510000228881836,2025-11-12,-0.041776,58.4900016784668,2025-11-12,-0.012955,101663.1875,2025-11-12,-0.000641,3413.09423828125,2025-11-12,-0.000461,154.0749969482422,2025-11-12,-0.055,2025-11-12,0.002151,0.002151,NASDAQ,0.5039,0.0042,neutral,elevated,down,flat,down,retrospective_derived,2026-08-31T03:54:07Z
2025-11-13,-0.003016,99.18000030517578,2025-11-13,-0.004162,4186.89990234375,2025-11-13,-0.020645,25094.75,2025-11-13,-0.016835,6760.0,2025-11-13,0.011562,4.111999988555908,2025-11-13,0.142204,20.0,2025-11-13,0.003419,58.68999862670898,2025-11-13,-0.019335,99697.4921875,2025-11-13,-0.052837,3232.757080078125,2025-11-13,0.004141,154.71299743652344,2025-11-13,0.047,2025-11-13,0.000618,0.000618,NASDAQ,0.5278,0.0376,risk_off,elevated,up,down,down,retrospective_derived,2026-08-31T03:54:07Z
2025-11-14,0.000907,99.2699966430664,2025-11-14,-0.023717,4087.60009765625,2025-11-14,-3e-05,25094.0,2025-11-14,-0.000703,6755.25,2025-11-14,0.008755,4.1479997634887695,2025-11-14,-0.0085,19.82999992370605,2025-11-14,0.023854,60.09000015258789,2025-11-14,-0.053158,94397.7890625,2025-11-14,-0.039895,3103.78564453125,2025-11-14,-0.000517,154.63299560546875,2025-11-14,0.036,2025-11-14,-0.016835,-0.016835,BTC,0.5251,0.0435,neutral,elevated,up,flat,down,retrospective_derived,2026-08-31T03:54:07Z
2025-11-15,,,,,,,,,,,,,,,,,,,,,,0.012197,95549.1484375,2025-11-15,0.020248,3166.63134765625,2025-11-15,,,,,2025-11-15,-0.000703,-0.000703,BTC,0.5069,0.0301,unknown,unknown,unknown,unknown,up,retrospective_derived,2026-08-31T03:54:07Z
2025-11-16,,,,,,,,,,,,,,,,,,,,,,-0.01436,94177.078125,2025-11-16,-0.0233,3092.847412109375,2025-11-16,,,,,2025-11-16,0.0,-0.000703,BTC,0.5362,0.0196,unknown,unknown,unknown,unknown,down,retrospective_derived,2026-08-31T03:54:07Z
2025-11-17,0.003224,99.58999633789062,2025-11-17,-0.004722,4068.300048828125,2025-11-17,-0.008568,24879.0,2025-11-17,-0.009363,6692.0,2025-11-17,-0.003616,4.132999897003174,2025-11-17,0.128593,22.3799991607666,2025-11-17,-0.002996,59.90999984741211,2025-11-17,-0.02212,92093.875,2025-11-17,-0.022086,3024.538818359375,2025-11-17,-0.00031,154.5850067138672,2025-11-17,,2025-11-17,0.0,-0.000703,BTC,0.5538,0.0024,risk_off,elevated,unknown,up,down,retrospective_derived,2026-08-31T03:54:07Z
2025-11-18,-0.000402,99.5500030517578,2025-11-18,-0.001721,4061.300048828125,2025-11-18,-0.011385,24595.75,2025-11-18,-0.007808,6639.75,2025-11-18,-0.002419,4.123000144958496,2025-11-18,0.103217,24.690000534057617,2025-11-18,0.013854,60.7400016784668,2025-11-18,0.009284,92948.875,2025-11-18,0.032547,3122.97900390625,2025-11-18,0.004451,155.2729949951172,2025-11-18,-0.01,2025-11-18,-0.009363,-0.009363,NASDAQ,0.5334,0.0416,risk_off,stressed,flat,flat,up,retrospective_derived,2026-08-31T03:54:07Z
2025-11-19,0.006831,100.2300033569336,2025-11-19,0.004038,4077.699951171875,2025-11-19,0.005123,24721.75,2025-11-19,0.003276,6661.5,2025-11-19,0.002425,4.132999897003174,2025-11-19,-0.041717,23.65999984741211,2025-11-19,-0.021403,59.43999862670898,2025-11-19,-0.015954,91465.9921875,2025-11-19,-0.031991,3023.07080078125,2025-11-19,0.001771,155.54800415039062,2025-11-19,0.01,2025-11-19,-0.007808,-0.007808,NASDAQ,0.5412,0.0578,risk_on,elevated,flat,up,down,retrospective_derived,2026-08-31T03:54:07Z
2025-11-20,-0.000698,100.16000366210938,2025-11-20,-0.005199,4056.5,2025-11-20,-0.023876,24131.5,2025-11-20,-0.015612,6557.5,2025-11-20,-0.006533,4.105999946594238,2025-11-20,0.116653,26.420000076293945,2025-11-20,-0.005047,59.13999938964844,2025-11-20,-0.052851,86631.8984375,2025-11-20,-0.063278,2831.777587890625,2025-11-20,0.009283,156.99200439453125,2025-11-20,-0.027,2025-11-20,0.003276,0.003276,NASDAQ,0.6725,0.0332,risk_off,stressed,down,flat,down,retrospective_derived,2026-08-31T03:54:07Z
2025-11-21,0.0002,100.18000030517578,2025-11-21,0.00498,4076.699951171875,2025-11-21,0.00721,24305.5,2025-11-21,0.009569,6620.25,2025-11-21,-0.010472,4.063000202178955,2025-11-21,-0.113172,23.43000030517578,2025-11-21,-0.018262,58.060001373291016,2025-11-21,-0.01779,85090.6875,2025-11-21,-0.023335,2765.69921875,2025-11-21,0.002401,157.36900329589844,2025-11-21,-0.043,2025-11-21,-0.015612,-0.015612,NASDAQ,0.6351,0.0014,risk_on,elevated,down,flat,down,retrospective_derived,2026-08-31T03:54:07Z
2025-11-22,,,,,,,,,,,,,,,,,,,,,,-0.005198,84648.359375,2025-11-22,0.00069,2767.607421875,2025-11-22,,,,,2025-11-22,0.009569,0.009569,BTC,0.6338,0.0044,unknown,unknown,unknown,unknown,down,retrospective_derived,2026-08-31T03:54:07Z
2025-11-23,,,,,,,,,,,,,,,,,,,,,,0.025478,86805.0078125,2025-11-23,0.01231,2801.676025390625,2025-11-23,,,,,2025-11-23,0.0,0.009569,NASDAQ,0.6866,0.0417,unknown,unknown,unknown,unknown,up,retrospective_derived,2026-08-31T03:54:07Z
2025-11-24,-0.000399,100.13999938964844,2025-11-24,0.003728,4091.89990234375,2025-11-24,0.026445,24948.25,2025-11-24,0.015256,6721.25,2025-11-24,-0.006153,4.038000106811523,2025-11-24,-0.1242,20.520000457763672,2025-11-24,0.013434,58.84000015258789,2025-11-24,0.016883,88270.5625,2025-11-24,0.05391,2952.71337890625,2025-11-24,-0.004327,156.68800354003906,2025-11-24,,2025-11-24,0.0,0.009569,NASDAQ,0.6893,0.0346,risk_on,elevated,unknown,flat,up,retrospective_derived,2026-08-31T03:54:07Z
2025-11-25,-0.004793,99.66000366210938,2025-11-25,0.011559,4139.2001953125,2025-11-25,0.005501,25085.5,2025-11-25,0.008964,6781.5,2025-11-25,-0.008915,4.001999855041504,2025-11-25,-0.095517,18.559999465942383,2025-11-25,-0.015126,57.95000076293945,2025-11-25,-0.010521,87341.890625,2025-11-25,0.001769,2957.936279296875,2025-11-25,0.001602,156.93899536132812,2025-11-25,-0.036,2025-11-25,0.015256,0.015256,SPX,0.6617,0.0206,risk_on,elevated,down,down,down,retrospective_derived,2026-08-31T03:54:07Z
2025-11-26,-0.000602,99.5999984741211,2025-11-26,0.006281,4165.2001953125,2025-11-26,0.00864,25302.25,2025-11-26,0.006857,6828.0,2025-11-26,-0.000999,3.997999906539917,2025-11-26,-0.073815,17.190000534057617,2025-11-26,0.012079,58.650001525878906,2025-11-26,0.036368,90518.3671875,2025-11-26,0.023623,3027.81201171875,2025-11-26,-0.004518,156.22999572753906,2025-11-26,-0.004,2025-11-26,0.008964,0.008964,SPX,0.6344,0.035,risk_on,elevated,flat,flat,up,retrospective_derived,2026-08-31T03:54:07Z
2025-11-27,,,,,,,,,,,,,,,,,,,,,,0.008474,91285.375,2025-11-27,-0.004383,3014.542236328125,2025-11-27,5.8e-05,156.23899841308594,2025-11-27,,2025-11-27,0.006857,0.006857,SPX,0.6958,0.0308,unknown,unknown,unknown,unknown,up,retrospective_derived,2026-08-31T03:54:07Z
2025-11-28,-0.001406,99.45999908447266,2025-11-28,0.012748,4218.2998046875,2025-11-28,0.007104,25482.0,2025-11-28,0.004613,6859.5,2025-11-28,0.004752,4.017000198364258,2025-11-28,-0.048866,16.350000381469727,2025-11-28,-0.001705,58.54999923706055,2025-11-28,-0.004011,90919.265625,2025-11-28,0.005892,3032.304443359375,2025-11-28,0.000288,156.28399658203125,2025-11-28,,2025-11-28,0.0,0.006857,SPX,0.6675,0.0252,risk_on,elevated,unknown,flat,down,retrospective_derived,2026-08-31T03:54:07Z
2025-11-29,,,,,,,,,,,,,,,,,,,,,,-0.000743,90851.7578125,2025-11-29,-0.013395,2991.685302734375,2025-11-29,,,,,2025-11-29,0.004613,0.004613,SPX,0.6831,0.0288,unknown,unknown,unknown,unknown,flat,retrospective_derived,2026-08-31T03:54:07Z
2025-11-30,,,,,,,,,,,,,,,,,,,,,,-0.005035,90394.3125,2025-11-30,0.000143,2992.112548828125,2025-11-30,,,,,2025-11-30,0.0,0.004613,SPX,0.6793,0.0344,unknown,unknown,unknown,unknown,down,retrospective_derived,2026-08-31T03:54:07Z
2025-12-01,-0.000503,99.41000366210938,2025-12-01,0.004978,4239.2998046875,2025-12-01,-0.003561,25391.25,2025-12-01,-0.004774,6826.75,2025-12-01,0.019666,4.0960001945495605,2025-12-01,0.054434,17.239999771118164,2025-12-01,0.013151,59.31999969482422,2025-12-01,-0.045055,86321.5703125,2025-12-01,-0.064143,2800.18896484375,2025-12-01,-0.002278,155.92799377441406,2025-12-01,,2025-12-01,0.0,0.004613,SPX,0.7084,0.0238,risk_off,elevated,unknown,flat,down,retrospective_derived,2026-08-31T03:54:07Z
2025-12-02,-0.000503,99.36000061035156,2025-12-02,-0.012431,4186.60009765625,2025-12-02,0.008458,25606.0,2025-12-02,0.001978,6840.25,2025-12-02,-0.002441,4.085999965667725,2025-12-02,-0.037703,16.59000015258789,2025-12-02,-0.011463,58.63999938964844,2025-12-02,0.058255,91350.203125,2025-12-02,0.07062,2997.939697265625,2025-12-02,-0.002379,155.5570068359375,2025-12-02,-0.01,2025-12-02,-0.004774,-0.004774,VIX,0.7409,0.0174,neutral,elevated,flat,flat,up,retrospective_derived,2026-08-31T03:54:07Z
2025-12-03,-0.005133,98.8499984741211,2025-12-03,0.003033,4199.2998046875,2025-12-03,0.002011,25657.5,2025-12-03,0.00318,6862.0,2025-12-03,-0.007097,4.057000160217285,2025-12-03,-0.030741,16.079999923706055,2025-12-03,0.005287,58.95000076293945,2025-12-03,0.023838,93527.8046875,2025-12-03,0.064588,3191.57177734375,2025-12-03,0.001607,155.8070068359375,2025-12-03,-0.029,2025-12-03,0.001978,0.001978,VIX,0.6423,0.0209,risk_on,elevated,down,down,up,retrospective_derived,2026-08-31T03:54:07Z
2025-12-04,0.001416,98.98999786376952,2025-12-04,0.002977,4211.7998046875,2025-12-04,-0.001354,25622.75,2025-12-04,0.000692,6866.75,2025-12-04,0.012571,4.107999801635742,2025-12-04,-0.018657,15.779999732971191,2025-12-04,0.012214,59.66999816894531,2025-12-04,-0.014821,92141.625,2025-12-04,-0.01794,3134.31640625,2025-12-04,-0.004493,155.10699462890625,2025-12-04,0.051,2025-12-04,0.00318,0.00318,VIX,0.6757,0.0383,neutral,calm,up,flat,down,retrospective_derived,2026-08-31T03:54:07Z
2025-12-05,0.0,98.98999786376952,2025-12-05,0.000261,4212.89990234375,2025-12-05,0.004264,25732.0,2025-12-05,0.001675,6878.25,2025-12-05,0.007546,4.138999938964844,2025-12-05,-0.023447,15.40999984741211,2025-12-05,0.006871,60.08000183105469,2025-12-05,-0.029887,89387.7578125,2025-12-05,-0.035058,3024.432861328125,2025-12-05,0.000226,155.14199829101562,2025-12-05,0.031,2025-12-05,0.000692,0.000692,VIX,0.6311,0.0364,neutral,calm,up,flat,down,retrospective_derived,2026-08-31T03:54:07Z
2025-12-06,,,,,,,,,,,,,,,,,,,,,,-0.001291,89272.375,2025-12-06,0.005216,3040.207763671875,2025-12-06,,,,,2025-12-06,0.001675,0.001675,VIX,0.6355,0.0384,unknown,unknown,unknown,unknown,flat,retrospective_derived,2026-08-31T03:54:07Z
2025-12-07,,,,,,,,,,,,,,,,,,,,,,0.012694,90405.640625,2025-12-07,0.006938,3061.3017578125,2025-12-07,,,,,2025-12-07,0.0,0.001675,VIX,0.5998,0.0266,unknown,unknown,unknown,unknown,up,retrospective_derived,2026-08-31T03:54:07Z
2025-12-08,0.00101,99.08999633789062,2025-12-08,-0.0061,4187.2001953125,2025-12-08,-0.002643,25664.0,2025-12-08,-0.003271,6855.75,2025-12-08,0.007973,4.171999931335449,2025-12-08,0.081116,16.65999984741211,2025-12-08,-0.019973,58.880001068115234,2025-12-08,0.002595,90640.203125,2025-12-08,0.020872,3125.197998046875,2025-12-08,0.001276,155.33999633789062,2025-12-08,,2025-12-08,0.0,0.001675,VIX,0.5829,0.0248,risk_off,elevated,unknown,flat,up,retrospective_derived,2026-08-31T03:54:07Z
2025-12-09,0.001312,99.22000122070312,2025-12-09,0.004657,4206.7001953125,2025-12-09,0.001393,25699.75,2025-12-09,-0.001094,6848.25,2025-12-09,0.003356,4.185999870300293,2025-12-09,0.016207,16.93000030517578,2025-12-09,-0.0107,58.25,2025-12-09,0.022634,92691.7109375,2025-12-09,0.062689,3321.114990234375,2025-12-09,0.003244,155.843994140625,2025-12-09,0.014,2025-12-09,-0.003271,-0.003271,VIX,0.5894,0.0371,neutral,elevated,flat,flat,up,retrospective_derived,2026-08-31T03:54:07Z
2025-12-10,-0.004334,98.79000091552734,2025-12-10,-0.002449,4196.39990234375,2025-12-10,0.003823,25798.0,2025-12-10,0.006352,6891.75,2025-12-10,-0.005256,4.164000034332275,2025-12-10,-0.068517,15.770000457763672,2025-12-10,0.003605,58.459999084472656,2025-12-10,-0.007237,92020.9453125,2025-12-10,0.001287,3325.39013671875,2025-12-10,0.006378,156.83799743652344,2025-12-10,-0.022,2025-12-10,-0.001094,-0.001094,US10Y,0.4851,0.0284,risk_on,calm,down,down,down,retrospective_derived,2026-08-31T03:54:07Z
2025-12-11,-0.004454,98.3499984741211,2025-12-11,0.021233,4285.5,2025-12-11,-0.003275,25713.5,2025-12-11,0.002249,6907.25,2025-12-11,-0.005524,4.140999794006348,2025-12-11,-0.058339,14.850000381469728,2025-12-11,-0.014711,57.59999847412109,2025-12-11,0.005329,92511.3359375,2025-12-11,-0.026563,3237.056884765625,2025-12-11,-0.006682,155.7899932861328,2025-12-11,-0.023,2025-12-11,0.006352,0.006352,VIX,0.4744,0.0121,neutral,calm,down,down,up,retrospective_derived,2026-08-31T03:54:07Z
2025-12-12,0.000508,98.4000015258789,2025-12-12,0.003407,4300.10009765625,2025-12-12,-0.019445,25213.5,2025-12-12,-0.011075,6830.75,2025-12-12,0.012799,4.193999767303467,2025-12-12,0.059933,15.739999771118164,2025-12-12,-0.002778,57.43999862670898,2025-12-12,-0.024223,90270.4140625,2025-12-12,-0.047229,3084.172607421875,2025-12-12,-0.001431,155.56700134277344,2025-12-12,0.053,2025-12-12,0.002249,0.002249,US10Y,0.5152,0.0134,risk_off,calm,up,flat,down,retrospective_derived,2026-08-31T03:54:07Z
2025-12-13,,,,,,,,,,,,,,,,,,,,,,0.000313,90298.7109375,2025-12-13,0.010545,3116.6953125,2025-12-13,,,,,2025-12-13,-0.011075,-0.011075,US10Y,0.5159,0.0182,unknown,unknown,unknown,unknown,flat,retrospective_derived,2026-08-31T03:54:07Z
2025-12-14,,,,,,,,,,,,,,,,,,,,,,-0.023517,88175.1796875,2025-12-14,-0.018,3060.5947265625,2025-12-14,,,,,2025-12-14,0.0,-0.011075,US10Y,0.5472,0.1314,unknown,unknown,unknown,unknown,down,retrospective_derived,2026-08-31T03:54:07Z
2025-12-15,-0.002541,98.1500015258789,2025-12-15,0.001535,4306.7001953125,2025-12-15,-0.004769,25093.25,2025-12-15,-0.001135,6823.0,2025-12-15,-0.002861,4.182000160217285,2025-12-15,0.048285,16.5,2025-12-15,-0.010794,56.81999969482422,2025-12-15,-0.019908,86419.78125,2025-12-15,-0.031501,2964.18310546875,2025-12-15,0.002063,155.88800048828125,2025-12-15,,2025-12-15,0.0,-0.011075,US10Y,0.4545,0.0135,neutral,elevated,unknown,down,down,retrospective_derived,2026-08-31T03:54:07Z
2025-12-16,0.0,98.1500015258789,2025-12-16,-0.000511,4304.5,2025-12-16,0.001823,25139.0,2025-12-16,-0.003224,6801.0,2025-12-16,-0.007891,4.14900016784668,2025-12-16,-0.001212,16.479999542236328,2025-12-16,-0.027279,55.27000045776367,2025-12-16,0.01648,87843.984375,2025-12-16,-1e-06,2964.180908203125,2025-12-16,-0.0056,155.01499938964844,2025-12-16,-0.033,2025-12-16,-0.001135,-0.001135,US10Y,0.4525,0.0412,neutral,elevated,down,flat,up,retrospective_derived,2026-08-31T03:54:07Z
2025-12-17,0.002241,98.37000274658205,2025-12-17,0.00999,4347.5,2025-12-17,-0.018706,24668.75,2025-12-17,-0.010954,6726.5,2025-12-17,0.000482,4.151000022888184,2025-12-17,0.069175,17.6200008392334,2025-12-17,0.012122,55.93999862670898,2025-12-17,-0.019355,86143.7578125,2025-12-17,-0.044794,2831.403564453125,2025-12-17,-0.001529,154.7779998779297,2025-12-17,0.002,2025-12-17,-0.003224,-0.003224,ETH,0.4558,0.0091,risk_off,elevated,flat,up,down,retrospective_derived,2026-08-31T03:54:07Z
2025-12-18,0.00061,98.43000030517578,2025-12-18,-0.00184,4339.5,2025-12-18,0.014573,25028.25,2025-12-18,0.007693,6778.25,2025-12-18,-0.008432,4.116000175476074,2025-12-18,-0.042565,16.8700008392334,2025-12-18,0.003754,56.150001525878906,2025-12-18,-0.007908,85462.5078125,2025-12-18,-0.001531,2827.069091796875,2025-12-18,0.004632,155.4949951171875,2025-12-18,-0.035,2025-12-18,-0.010954,-0.010954,ETH,0.4485,0.0115,risk_on,elevated,down,flat,down,retrospective_derived,2026-08-31T03:54:07Z
2025-12-19,0.001727,98.5999984741211,2025-12-19,0.005047,4361.39990234375,2025-12-19,0.004177,25132.7890625,2025-12-19,0.002698,6796.5400390625,2025-12-19,0.008503,4.151000022888184,2025-12-19,-0.116183,14.90999984741211,2025-12-19,0.009083,56.65999984741211,2025-12-19,0.030901,88103.3828125,2025-12-19,0.053377,2977.970703125,2025-12-19,0.000585,155.58599853515625,2025-12-19,0.035,2025-12-19,0.007693,0.007693,ETH,0.4525,0.0108,neutral,calm,up,up,up,retrospective_derived,2026-08-31T03:54:07Z
2025-12-20,,,,,,,,,,,,,,,,,,,,,,0.002731,88344.0,2025-12-20,-0.00013,2977.58251953125,2025-12-20,,,,,2025-12-20,0.002698,0.002698,ETH,0.4738,0.0264,unknown,unknown,unknown,unknown,up,retrospective_derived,2026-08-31T03:54:07Z
2025-12-21,,,,,,,,,,,,,,,,,,,,,,0.003144,88621.75,2025-12-21,0.008071,3001.61376953125,2025-12-21,,,,,2025-12-21,0.0,0.002698,ETH,0.3781,0.0119,unknown,unknown,unknown,unknown,up,retrospective_derived,2026-08-31T03:54:07Z
2025-12-22,-0.003144,98.29000091552734,2025-12-22,0.019076,4444.60009765625,2025-12-22,0.02226,25692.25,2025-12-22,0.019673,6930.25,2025-12-22,0.004336,4.169000148773193,2025-12-22,-0.055667,14.079999923706056,2025-12-22,0.023826,58.0099983215332,2025-12-22,-0.001486,88490.015625,2025-12-22,0.001486,3006.07373046875,2025-12-22,0.013433,157.67599487304688,2025-12-22,,2025-12-22,0.0,0.002698,SPX,0.4454,0.0443,risk_on,calm,unknown,down,flat,retrospective_derived,2026-08-31T03:54:07Z
2025-12-23,-0.003561,97.94000244140624,2025-12-23,0.008595,4482.7998046875,2025-12-23,0.004671,25812.25,2025-12-23,0.004437,6961.0,2025-12-23,0.0,4.169000148773193,2025-12-23,-0.005682,14.0,2025-12-23,0.006378,58.380001068115234,2025-12-23,-0.01216,87414.0,2025-12-23,-0.014204,2963.3740234375,2025-12-23,-0.005067,156.8769989013672,2025-12-23,0.0,2025-12-23,0.019673,0.019673,SPX,0.4442,0.0331,neutral,calm,flat,down,down,retrospective_derived,2026-08-31T03:54:07Z
2025-12-24,0.000408,97.9800033569336,2025-12-24,-0.000491,4480.60009765625,2025-12-24,0.002644,25880.5,2025-12-24,0.003089,6982.5,2025-12-24,-0.007916,4.136000156402588,2025-12-24,-0.037857,13.470000267028809,2025-12-24,-0.000514,58.34999847412109,2025-12-24,0.002265,87611.9609375,2025-12-24,-0.006001,2945.590576171875,2025-12-24,-0.004468,156.17599487304688,2025-12-24,-0.033,2025-12-24,0.004437,0.004437,SPX,0.46,0.0454,risk_on,calm,down,flat,up,retrospective_derived,2026-08-31T03:54:07Z
2025-12-25,,,,,,,,,,,,,,,,,,,,,,-0.004306,87234.7421875,2025-12-25,-0.014262,2903.57958984375,2025-12-25,,,,,2025-12-25,0.003089,0.003089,SPX,0.4899,0.0449,unknown,unknown,unknown,unknown,down,retrospective_derived,2026-08-31T03:54:07Z
2025-12-26,0.000408,98.0199966430664,2025-12-26,0.010824,4529.10009765625,2025-12-26,-0.000667,25863.25,2025-12-26,-0.000465,6979.25,2025-12-26,0.0,4.136000156402588,2025-12-26,0.009651,13.600000381469728,2025-12-26,-0.027592,56.7400016784668,2025-12-26,0.000764,87301.4296875,2025-12-26,0.007634,2925.74560546875,2025-12-26,-0.000551,156.08999633789062,2025-12-26,,2025-12-26,0.0,0.003089,SPX,0.4553,0.0395,neutral,calm,unknown,flat,flat,retrospective_derived,2026-08-31T03:54:07Z
2025-12-27,,,,,,,,,,,,,,,,,,,,,,0.005736,87802.15625,2025-12-27,0.007606,2947.998291015625,2025-12-27,,,,,2025-12-27,-0.000465,-0.000465,SPX,0.4563,0.0373,unknown,unknown,unknown,unknown,up,retrospective_derived,2026-08-31T03:54:07Z
2025-12-28,,,,,,,,,,,,,,,,,,,,,,0.000384,87835.8359375,2025-12-28,0.000193,2948.568115234375,2025-12-28,,,,,2025-12-28,0.0,-0.000465,SPX,0.4665,0.0243,unknown,unknown,unknown,unknown,flat,retrospective_derived,2026-08-31T03:54:07Z
2025-12-29,0.000204,98.04000091552734,2025-12-29,-0.045042,4325.10009765625,2025-12-29,-0.004775,25739.75,2025-12-29,-0.003475,6955.0,2025-12-29,-0.004836,4.116000175476074,2025-12-29,0.044118,14.199999809265137,2025-12-29,0.023616,58.08000183105469,2025-12-29,-0.007943,87138.140625,2025-12-29,-0.004758,2934.538330078125,2025-12-29,0.00239,156.46299743652344,2025-12-29,,2025-12-29,0.0,-0.000465,SPX,0.4935,0.0163,risk_off,calm,unknown,flat,down,retrospective_derived,2026-08-31T03:54:07Z
2025-12-30,0.00204,98.23999786376952,2025-12-30,0.010404,4370.10009765625,2025-12-30,-0.002506,25675.25,2025-12-30,-0.001546,6944.25,2025-12-30,0.003401,4.130000114440918,2025-12-30,0.009155,14.329999923706056,2025-12-30,-0.002238,57.95000076293945,2025-12-30,0.014827,88430.1328125,2025-12-30,0.012567,2971.416748046875,2025-12-30,-0.002876,156.01300048828125,2025-12-30,0.014,2025-12-30,-0.003475,-0.003475,NASDAQ,0.4673,0.015,neutral,calm,flat,up,up,retrospective_derived,2026-08-31T03:54:07Z
2025-12-31,0.000407,98.27999877929688,2025-12-31,-0.010183,4325.60009765625,2025-12-31,-0.00851,25456.75,2025-12-31,-0.007452,6892.5,2025-12-31,0.00799,4.163000106811523,2025-12-31,0.043266,14.949999809265137,2025-12-31,-0.009146,57.41999816894531,2025-12-31,-0.010418,87508.828125,2025-12-31,-0.001474,2967.03759765625,2025-12-31,0.002564,156.41299438476562,2025-12-31,0.033,2025-12-31,-0.001546,-0.001546,NASDAQ,0.5295,0.0136,risk_off,calm,up,flat,down,retrospective_derived,2026-08-31T03:54:07Z
2026-01-01,,,,,,,,,,,,,,,,,,,,,,0.013978,88731.984375,2026-01-01,0.011242,3000.394287109375,2026-01-01,,,,,2026-01-01,-0.007452,-0.007452,SPX,0.4303,0.0062,unknown,unknown,unknown,unknown,up,retrospective_derived,2026-08-31T03:54:07Z
2026-01-02,0.001424,98.41999816894533,2026-01-02,-0.002589,4314.39990234375,2026-01-02,-0.002809,25385.25,2026-01-02,0.001161,6900.5,2026-01-02,0.005765,4.186999797821045,2026-01-02,-0.029431,14.510000228881836,2026-01-02,-0.001742,57.31999969482422,2026-01-02,0.013667,89944.6953125,2026-01-02,0.041337,3124.422607421875,2026-01-02,0.002033,156.7310028076172,2026-01-02,,2026-01-02,0.0,-0.007452,SPX,0.4043,0.0112,neutral,calm,unknown,flat,up,retrospective_derived,2026-08-31T03:54:07Z
2026-01-03,,,,,,,,,,,,,,,,,,,,,,0.007321,90603.1875,2026-01-03,0.000478,3125.91748046875,2026-01-03,,,,,2026-01-03,0.001161,0.001161,SPX,0.4022,0.0134,unknown,unknown,unknown,unknown,up,retrospective_derived,2026-08-31T03:54:07Z
2026-01-04,,,,,,,,,,,,,,,,,,,,,,0.008943,91413.4921875,2026-01-04,0.004732,3140.71044921875,2026-01-04,,,,,2026-01-04,0.0,0.001161,SPX,0.4374,0.0306,unknown,unknown,unknown,unknown,up,retrospective_derived,2026-08-31T03:54:07Z
2026-01-05,-0.001524,98.2699966430664,2026-01-05,0.028393,4436.89990234375,2026-01-05,0.007583,25577.75,2026-01-05,0.006268,6943.75,2026-01-05,-0.005254,4.164999961853027,2026-01-05,0.026878,14.899999618530272,2026-01-05,0.017446,58.31999969482422,2026-01-05,0.02701,93882.5546875,2026-01-05,0.027198,3226.13037109375,2026-01-05,0.001646,156.98899841308594,2026-01-05,,2026-01-05,0.0,0.001161,SPX,0.4898,0.0235,neutral,calm,unknown,down,up,retrospective_derived,2026-08-31T03:54:07Z
2026-01-06,0.003155,98.58000183105467,2026-01-06,0.01021,4482.2001953125,2026-01-06,0.009549,25822.0,2026-01-06,0.006337,6987.75,2026-01-06,0.003361,4.178999900817871,2026-01-06,-0.010067,14.75,2026-01-06,-0.020405,57.130001068115234,2026-01-06,-0.001635,93729.03125,2026-01-06,0.021641,3295.94677734375,2026-01-06,-0.002312,156.62600708007812,2026-01-06,0.014,2026-01-06,0.006268,0.006268,SPX,0.3781,0.0237,neutral,calm,flat,up,down,retrospective_derived,2026-08-31T03:54:07Z
2026-01-07,0.001014,98.68000030517578,2026-01-07,-0.00734,4449.2998046875,2026-01-07,0.000649,25838.75,2026-01-07,-0.003506,6963.25,2026-01-07,-0.009811,4.138000011444092,2026-01-07,0.042712,15.380000114440918,2026-01-07,-0.019954,55.9900016784668,2026-01-07,-0.02583,91308.0546875,2026-01-07,-0.03917,3166.843994140625,2026-01-07,0.000345,156.67999267578125,2026-01-07,-0.041,2026-01-07,0.006337,0.006337,SPX,0.4002,0.0035,risk_off,calm,down,flat,down,retrospective_derived,2026-08-31T03:54:07Z
2026-01-08,0.002533,98.93000030517578,2026-01-08,9e-05,4449.7001953125,2026-01-08,-0.005854,25687.5,2026-01-08,-0.00018,6962.0,2026-01-08,0.010875,4.183000087738037,2026-01-08,0.004551,15.449999809265137,2026-01-08,0.031613,57.7599983215332,2026-01-08,-0.003077,91027.125,2026-01-08,-0.019724,3104.382568359375,2026-01-08,0.000326,156.7310028076172,2026-01-08,0.045,2026-01-08,-0.003506,-0.003506,GOLD,0.404,0.0058,neutral,calm,up,up,down,retrospective_derived,2026-08-31T03:54:07Z
2026-01-09,0.002022,99.12999725341795,2026-01-09,0.009124,4490.2998046875,2026-01-09,0.009762,25938.25,2026-01-09,0.006176,7005.0,2026-01-09,-0.002869,4.171000003814697,2026-01-09,-0.062136,14.489999771118164,2026-01-09,0.023546,59.119998931884766,2026-01-09,-0.005647,90513.1015625,2026-01-09,-0.006873,3083.047119140625,2026-01-09,0.000951,156.8800048828125,2026-01-09,-0.012,2026-01-09,-0.00018,-0.00018,SPX,0.3958,0.0201,risk_on,calm,flat,up,down,retrospective_derived,2026-08-31T03:54:07Z
2026-01-10,,,,,,,,,,,,,,,,,,,,,,-0.001397,90386.6484375,2026-01-10,-0.000211,3082.39599609375,2026-01-10,,,,,2026-01-10,0.006176,0.006176,SPX,0.3916,0.019,unknown,unknown,unknown,unknown,flat,retrospective_derived,2026-08-31T03:54:07Z
2026-01-11,,,,,,,,,,,,,,,,,,,,,,0.004877,90827.4609375,2026-01-11,0.011838,3118.88525390625,2026-01-11,,,,,2026-01-11,0.0,0.006176,GOLD,0.382,0.1066,unknown,unknown,unknown,unknown,up,retrospective_derived,2026-08-31T03:54:07Z
2026-01-12,-0.002724,98.86000061035156,2026-01-12,0.025388,4604.2998046875,2026-01-12,0.000713,25956.75,2026-01-12,0.001642,7016.5,2026-01-12,0.003836,4.186999797821045,2026-01-12,0.043478,15.119999885559082,2026-01-12,0.006428,59.5,2026-01-12,0.004024,91192.9921875,2026-01-12,-0.008516,3092.3251953125,2026-01-12,0.008089,158.1490020751953,2026-01-12,,2026-01-12,0.0,0.006176,GOLD,0.3709,0.1258,neutral,calm,unknown,down,up,retrospective_derived,2026-08-31T03:54:07Z
2026-01-13,0.002731,99.12999725341795,2026-01-13,-0.003279,4589.2001953125,2026-01-13,-0.001955,25906.0,2026-01-13,-0.002102,7001.75,2026-01-13,-0.003821,4.171000003814697,2026-01-13,0.056878,15.979999542236328,2026-01-13,0.027731,61.150001525878906,2026-01-13,0.045275,95321.78125,2026-01-13,0.074303,3322.095458984375,2026-01-13,-0.001031,157.98599243164062,2026-01-13,-0.016,2026-01-13,0.001642,0.001642,GOLD,0.3502,0.161,neutral,calm,flat,up,up,retrospective_derived,2026-08-31T03:54:07Z
2026-01-14,0.0,99.12999725341795,2026-01-14,0.008084,4626.2998046875,2026-01-14,-0.010615,25631.0,2026-01-14,-0.00507,6966.25,2026-01-14,-0.007432,4.139999866485596,2026-01-14,0.048185,16.75,2026-01-14,0.014227,62.02000045776367,2026-01-14,0.016864,96929.328125,2026-01-14,0.009821,3354.72265625,2026-01-14,0.007551,159.1790008544922,2026-01-14,-0.031,2026-01-14,-0.002102,-0.002102,GOLD,0.3096,0.1144,risk_off,elevated,down,flat,up,retrospective_derived,2026-08-31T03:54:07Z
2026-01-15,0.001917,99.31999969482422,2026-01-15,-0.002162,4616.2998046875,2026-01-15,0.002916,25705.75,2026-01-15,0.002225,6981.75,2026-01-15,0.004831,4.159999847412109,2026-01-15,-0.054328,15.84000015258789,2026-01-15,-0.04563,59.18999862670898,2026-01-15,-0.014218,95551.1875,2026-01-15,-0.011214,3317.101318359375,2026-01-15,-0.004881,158.40199279785156,2026-01-15,0.02,2026-01-15,-0.00507,-0.00507,WTI,0.3338,0.0586,neutral,calm,flat,up,down,retrospective_derived,2026-08-31T03:54:07Z
2026-01-16,0.000705,99.38999938964844,2026-01-16,-0.006044,4588.39990234375,2026-01-16,-0.000652,25689.0,2026-01-16,-0.000716,6976.75,2026-01-16,0.017067,4.230999946594238,2026-01-16,0.001263,15.859999656677246,2026-01-16,0.004224,59.43999862670898,2026-01-16,-0.000273,95525.1171875,2026-01-16,-0.006517,3295.482177734375,2026-01-16,0.001225,158.5959930419922,2026-01-16,0.071,2026-01-16,0.002225,0.002225,WTI,0.3096,0.054,neutral,calm,up,flat,flat,retrospective_derived,2026-08-31T03:54:07Z
2026-01-17,,,,,,,,,,,,,,,,,,,,,,-0.004451,95099.921875,2026-01-17,0.004061,3308.8642578125,2026-01-17,,,,,2026-01-17,-0.000716,-0.000716,WTI,0.3098,0.0551,unknown,unknown,unknown,unknown,down,retrospective_derived,2026-08-31T03:54:07Z
2026-01-18,,,,,,,,,,,,,,,,,,,,,,-0.01541,93634.4296875,2026-01-18,-0.008373,3281.15771484375,2026-01-18,,,,,2026-01-18,0.0,-0.000716,WTI,0.3257,0.0345,unknown,unknown,unknown,unknown,down,retrospective_derived,2026-08-31T03:54:07Z
2026-01-19,,,,,,,,,,,,,,,,,,,,,,-0.011543,92553.59375,2026-01-19,-0.028812,3186.62109375,2026-01-19,-0.00669,157.53500366210938,2026-01-19,,2026-01-19,0.0,-0.000716,WTI,0.3539,0.0492,unknown,unknown,unknown,unknown,down,retrospective_derived,2026-08-31T03:54:07Z
2026-01-20,-0.007546,98.63999938964844,2026-01-20,0.037312,4759.60009765625,2026-01-20,-0.021789,25129.25,2026-01-20,-0.021106,6829.5,2026-01-20,0.015126,4.295000076293945,2026-01-20,0.266709,20.09000015258789,2026-01-20,0.015141,60.34000015258789,2026-01-20,-0.04584,88310.90625,2026-01-20,-0.078772,2935.605712890625,2026-01-20,0.004075,158.177001953125,2026-01-20,,2026-01-20,0.0,-0.000716,DXY,0.5877,0.074,risk_off,elevated,unknown,down,down,retrospective_derived,2026-08-31T03:54:07Z
2026-01-21,0.001217,98.76000213623048,2026-01-21,0.015169,4831.7998046875,2026-01-21,0.0136,25471.0,2026-01-21,0.011787,6910.0,2026-01-21,-0.009779,4.252999782562256,2026-01-21,-0.158785,16.899999618530273,2026-01-21,0.00464,60.619998931884766,2026-01-21,0.012072,89376.9609375,2026-01-21,0.014748,2978.901123046875,2026-01-21,-9.5e-05,158.16200256347656,2026-01-21,-0.042,2026-01-21,-0.021106,-0.021106,VIX,0.5624,0.0137,risk_on,elevated,down,flat,up,retrospective_derived,2026-08-31T03:54:07Z
2026-01-22,-0.00405,98.36000061035156,2026-01-22,0.015936,4908.7998046875,2026-01-22,0.007351,25658.25,2026-01-22,0.005065,6945.0,2026-01-22,-0.00094,4.249000072479248,2026-01-22,-0.074556,15.640000343322754,2026-01-22,-0.020785,59.36000061035156,2026-01-22,0.000957,89462.453125,2026-01-22,-0.009825,2949.63330078125,2026-01-22,0.001859,158.45599365234375,2026-01-22,-0.004,2026-01-22,0.011787,0.011787,VIX,0.5618,0.0429,risk_on,calm,flat,down,flat,retrospective_derived,2026-08-31T03:54:07Z
2026-01-23,-0.007727,97.5999984741211,2026-01-23,0.013731,4976.2001953125,2026-01-23,0.003118,25738.25,2026-01-23,0.000108,6945.75,2026-01-23,-0.002354,4.238999843597412,2026-01-23,0.028772,16.09000015258789,2026-01-23,0.028807,61.06999969482422,2026-01-23,0.000463,89503.875,2026-01-23,0.001228,2953.25634765625,2026-01-23,0.000284,158.50100708007812,2026-01-23,-0.01,2026-01-23,0.005065,0.005065,VIX,0.5295,0.0237,neutral,elevated,flat,down,flat,retrospective_derived,2026-08-31T03:54:07Z
2026-01-24,,,,,,,,,,,,,,,,,,,,,,-0.004392,89110.734375,2026-01-24,-0.001529,2948.74072265625,2026-01-24,,,,,2026-01-24,0.000108,0.000108,VIX,0.5324,0.0212,unknown,unknown,unknown,unknown,down,retrospective_derived,2026-08-31T03:54:07Z
2026-01-25,,,,,,,,,,,,,,,,,,,,,,-0.028487,86572.21875,2026-01-25,-0.045049,2815.90234375,2026-01-25,,,,,2026-01-25,0.0,0.000108,VIX,0.5748,0.0202,unknown,unknown,unknown,unknown,down,retrospective_derived,2026-08-31T03:54:07Z
2026-01-26,-0.005738,97.04000091552734,2026-01-26,0.020799,5079.7001953125,2026-01-26,0.004284,25848.5,2026-01-26,0.005111,6981.25,2026-01-26,-0.006134,4.2129998207092285,2026-01-26,0.003729,16.149999618530273,2026-01-26,-0.007205,60.630001068115234,2026-01-26,0.019578,88267.140625,2026-01-26,0.039261,2926.45703125,2026-01-26,-0.021041,155.16600036621094,2026-01-26,,2026-01-26,0.0,0.000108,VIX,0.5458,0.1052,neutral,elevated,unknown,down,up,retrospective_derived,2026-08-31T03:54:07Z
2026-01-27,-0.00845,96.22000122070312,2026-01-27,3.9e-05,5079.89990234375,2026-01-27,0.008685,26073.0,2026-01-27,0.003903,7008.5,2026-01-27,0.002374,4.2230000495910645,2026-01-27,0.012384,16.350000381469727,2026-01-27,0.029029,62.38999938964844,2026-01-27,0.009465,89102.5703125,2026-01-27,0.03272,3022.2109375,2026-01-27,-0.005349,154.33599853515625,2026-01-27,0.01,2026-01-27,0.005111,0.005111,VIX,0.5385,0.0845,neutral,elevated,flat,down,up,retrospective_derived,2026-08-31T03:54:07Z
2026-01-28,0.00239,96.4499969482422,2026-01-28,0.043643,5301.60009765625,2026-01-28,0.003193,26156.25,2026-01-28,-0.000178,7007.25,2026-01-28,0.00663,4.250999927520752,2026-01-28,0.0,16.350000381469727,2026-01-28,0.013143,63.209999084472656,2026-01-28,0.00092,89184.5703125,2026-01-28,-0.005163,3006.607421875,2026-01-28,-0.012201,152.4530029296875,2026-01-28,0.028,2026-01-28,0.003903,0.003903,VIX,0.5336,0.08,neutral,elevated,up,up,flat,retrospective_derived,2026-08-31T03:54:07Z
2026-01-29,-0.001763,96.27999877929688,2026-01-29,0.003169,5318.39990234375,2026-01-29,-0.006002,25999.25,2026-01-29,-0.002069,6992.75,2026-01-29,-0.005646,4.227000236511231,2026-01-29,0.032416,16.8799991607666,2026-01-29,0.034963,65.41999816894531,2026-01-29,-0.051836,84561.5859375,2026-01-29,-0.062654,2818.232666015625,2026-01-29,0.004218,153.0959930419922,2026-01-29,-0.024,2026-01-29,-0.000178,-0.000178,VIX,0.5056,0.0841,neutral,elevated,down,down,down,retrospective_derived,2026-08-31T03:54:07Z
2026-01-30,0.007374,96.98999786376952,2026-01-30,-0.113662,4713.89990234375,2026-01-30,-0.012664,25670.0,2026-01-30,-0.003861,6965.75,2026-01-30,0.003312,4.241000175476074,2026-01-30,0.033175,17.440000534057617,2026-01-30,-0.00321,65.20999908447266,2026-01-30,-0.00512,84128.65625,2026-01-30,-0.04111,2702.375244140625,2026-01-30,0.000431,153.16200256347656,2026-01-30,0.014,2026-01-30,-0.002069,-0.002069,VIX,0.4463,0.0568,risk_off,elevated,flat,up,down,retrospective_derived,2026-08-31T03:54:07Z
2026-01-31,,,,,,,,,,,,,,,,,,,,,,-0.065466,78621.1171875,2026-01-31,-0.095206,2445.091796875,2026-01-31,,,,,2026-01-31,-0.003861,-0.003861,ETH,0.4432,0.0022,unknown,unknown,unknown,unknown,down,retrospective_derived,2026-08-31T03:54:07Z
2026-02-01,,,,,,,,,,,,,,,,,,,,,,-0.020944,76974.4453125,2026-02-01,-0.072442,2267.96484375,2026-02-01,,,,,2026-02-01,0.0,-0.003861,ETH,0.483,0.0343,unknown,unknown,unknown,unknown,down,retrospective_derived,2026-08-31T03:54:07Z
2026-02-02,0.006392,97.61000061035156,2026-02-02,-0.019389,4622.5,2026-02-02,0.007012,25850.0,2026-02-02,0.005276,7002.5,2026-02-02,0.008017,4.275000095367432,2026-02-02,-0.063073,16.34000015258789,2026-02-02,-0.047079,62.13999938964844,2026-02-02,0.022271,78688.765625,2026-02-02,0.033683,2344.356689453125,2026-02-02,0.013319,155.20199584960938,2026-02-02,,2026-02-02,0.0,-0.003861,ETH,0.5077,0.011,risk_on,elevated,unknown,up,up,retrospective_derived,2026-08-31T03:54:07Z
2026-02-03,-0.001742,97.44000244140624,2026-02-03,0.060833,4903.7001953125,2026-02-03,-0.015397,25452.0,2026-02-03,-0.008675,6941.75,2026-02-03,-0.000234,4.27400016784668,2026-02-03,0.101591,18.0,2026-02-03,0.017219,63.209999084472656,2026-02-03,-0.038827,75633.546875,2026-02-03,-0.049821,2227.558837890625,2026-02-03,0.001553,155.4429931640625,2026-02-03,-0.001,2026-02-03,0.005276,0.005276,ETH,0.57,0.0133,risk_off,elevated,flat,down,down,retrospective_derived,2026-08-31T03:54:07Z
2026-02-04,0.001847,97.62000274658205,2026-02-04,0.003406,4920.39990234375,2026-02-04,-0.017788,24999.25,2026-02-04,-0.005114,6906.25,2026-02-04,0.000234,4.275000095367432,2026-02-04,0.035556,18.63999938964844,2026-02-04,0.030533,65.13999938964844,2026-02-04,-0.034559,73019.703125,2026-02-04,-0.037734,2143.504150390625,2026-02-04,0.00229,155.7989959716797,2026-02-04,0.001,2026-02-04,-0.008675,-0.008675,ETH,0.6121,0.0237,risk_off,elevated,flat,up,down,retrospective_derived,2026-08-31T03:54:07Z
2026-02-05,0.002049,97.81999969482422,2026-02-05,-0.011991,4861.39990234375,2026-02-05,-0.01393,24651.0,2026-02-05,-0.01238,6820.75,2026-02-05,-0.015205,4.210000038146973,2026-02-05,0.167919,21.770000457763672,2026-02-05,-0.0284,63.290000915527344,2026-02-05,-0.141299,62702.09765625,2026-02-05,-0.150138,1821.68310546875,2026-02-05,0.007176,156.91700744628906,2026-02-05,-0.065,2026-02-05,-0.005114,-0.005114,ETH,0.6773,0.0343,risk_off,elevated,down,up,down,retrospective_derived,2026-08-31T03:54:07Z
2026-02-06,-0.001942,97.62999725341795,2026-02-06,0.018472,4951.2001953125,2026-02-06,0.02078,25163.25,2026-02-06,0.019353,6952.75,2026-02-06,-0.00095,4.205999851226807,2026-02-06,-0.064309,20.3700008392334,2026-02-06,0.004108,63.54999923706055,2026-02-06,0.125248,70555.390625,2026-02-06,0.132682,2063.386962890625,2026-02-06,-0.000848,156.78399658203125,2026-02-06,-0.004,2026-02-06,-0.01238,-0.01238,ETH,0.7622,0.0158,risk_on,elevated,flat,down,up,retrospective_derived,2026-08-31T03:54:07Z
2026-02-07,,,,,,,,,,,,,,,,,,,,,,-0.018049,69281.96875,2026-02-07,0.013164,2090.54931640625,2026-02-07,,,,,2026-02-07,0.019353,0.019353,ETH,0.7893,0.0242,unknown,unknown,unknown,unknown,down,retrospective_derived,2026-08-31T03:54:07Z
2026-02-08,,,,,,,,,,,,,,,,,,,,,,0.014185,70264.7265625,2026-02-08,-0.000855,2088.762939453125,2026-02-08,,,,,2026-02-08,0.0,0.019353,ETH,0.7754,0.0031,unknown,unknown,unknown,unknown,up,retrospective_derived,2026-08-31T03:54:07Z
2026-02-09,-0.008297,96.81999969482422,2026-02-09,0.020136,5050.89990234375,2026-02-09,0.00758,25354.0,2026-02-09,0.004387,6983.25,2026-02-09,-0.001902,4.197999954223633,2026-02-09,-0.147766,17.360000610351562,2026-02-09,0.012746,64.36000061035156,2026-02-09,-0.002049,70120.78125,2026-02-09,0.007088,2103.567626953125,2026-02-09,0.002934,157.24400329589844,2026-02-09,,2026-02-09,0.0,0.019353,ETH,0.8176,0.0086,risk_on,elevated,unknown,down,down,retrospective_derived,2026-08-31T03:54:07Z
2026-02-10,-0.000207,96.8000030517578,2026-02-10,-0.009325,5003.7998046875,2026-02-10,-0.005354,25218.25,2026-02-10,-0.003115,6961.5,2026-02-10,-0.012149,4.146999835968018,2026-02-10,0.02477,17.790000915527344,2026-02-10,-0.006215,63.959999084472656,2026-02-10,-0.018922,68793.9609375,2026-02-10,-0.039966,2019.4974365234373,2026-02-10,-0.007072,156.1320037841797,2026-02-10,-0.051,2026-02-10,0.004387,0.004387,ETH,0.8698,0.0325,neutral,elevated,down,flat,down,retrospective_derived,2026-08-31T03:54:07Z
2026-02-11,0.00031,96.83000183105467,2026-02-11,0.01355,5071.60009765625,2026-02-11,0.002786,25288.5,2026-02-11,-0.000144,6960.5,2026-02-11,0.006028,4.171999931335449,2026-02-11,-0.00787,17.649999618530273,2026-02-11,0.010475,64.62999725341797,2026-02-11,-0.026194,66991.96875,2026-02-11,-0.039057,1940.621337890625,2026-02-11,-0.010568,154.48199462890625,2026-02-11,0.025,2026-02-11,-0.003115,-0.003115,ETH,0.8784,0.0248,neutral,elevated,up,flat,down,retrospective_derived,2026-08-31T03:54:07Z
2026-02-12,0.001033,96.93000030517578,2026-02-12,-0.029162,4923.7001953125,2026-02-12,-0.020582,24768.0,2026-02-12,-0.015732,6851.0,2026-02-12,-0.016299,4.104000091552734,2026-02-12,0.179603,20.81999969482422,2026-02-12,-0.027696,62.84000015258789,2026-02-12,-0.011496,66221.84375,2026-02-12,0.003256,1946.940673828125,2026-02-12,-0.007852,153.2689971923828,2026-02-12,-0.068,2026-02-12,-0.000144,-0.000144,BTC,0.7969,0.0158,risk_off,elevated,down,flat,down,retrospective_derived,2026-08-31T03:54:07Z
2026-02-13,-0.000516,96.87999725341795,2026-02-13,0.019965,5022.0,2026-02-13,0.001423,24803.25,2026-02-13,-7.3e-05,6850.5,2026-02-13,-0.011696,4.056000232696533,2026-02-13,-0.010567,20.600000381469727,2026-02-13,0.000796,62.88999938964844,2026-02-13,0.039806,68857.84375,2026-02-13,0.052178,2048.52734375,2026-02-13,-0.002923,152.8209991455078,2026-02-13,-0.048,2026-02-13,-0.015732,-0.015732,BTC,0.8135,0.0175,neutral,elevated,down,flat,up,retrospective_derived,2026-08-31T03:54:07Z
2026-02-14,,,,,,,,,,,,,,,,,,,,,,0.013212,69767.625,2026-02-14,0.018297,2086.009765625,2026-02-14,,,,,2026-02-14,-7.3e-05,-7.3e-05,BTC,0.7967,0.0235,unknown,unknown,unknown,unknown,up,retrospective_derived,2026-08-31T03:54:07Z
2026-02-15,,,,,,,,,,,,,,,,,,,,,,-0.014039,68788.1875,2026-02-15,-0.05751,1966.04296875,2026-02-15,,,,,2026-02-15,0.0,-7.3e-05,BTC,0.772,0.0212,unknown,unknown,unknown,unknown,down,retrospective_derived,2026-08-31T03:54:07Z
2026-02-16,,,,,,,,,,,,,,,,,,,,,,0.000799,68843.15625,2026-02-16,0.016213,1997.917724609375,2026-02-16,-0.000275,152.7790069580078,2026-02-16,,2026-02-16,0.0,-7.3e-05,BTC,0.7496,0.0334,unknown,unknown,unknown,unknown,flat,retrospective_derived,2026-08-31T03:54:07Z
2026-02-17,0.00289,97.16000366210938,2026-02-17,-0.027698,4882.89990234375,2026-02-17,-0.001431,24767.75,2026-02-17,0.00146,6860.5,2026-02-17,-0.000986,4.052000045776367,2026-02-17,-0.015049,20.290000915527344,2026-02-17,-0.008904,62.33000183105469,2026-02-17,-0.019594,67494.21875,2026-02-17,-0.002865,1992.1943359375,2026-02-17,0.005433,153.60899353027344,2026-02-17,,2026-02-17,0.0,-7.3e-05,BTC,0.7625,0.0524,neutral,elevated,unknown,up,down,retrospective_derived,2026-08-31T03:54:07Z
2026-02-18,0.005558,97.6999969482422,2026-02-18,0.021217,4986.5,2026-02-18,0.007601,24956.0,2026-02-18,0.004919,6894.25,2026-02-18,0.006663,4.078999996185303,2026-02-18,-0.033021,19.6200008392334,2026-02-18,0.045885,65.19000244140625,2026-02-18,-0.015837,66425.3203125,2026-02-18,-0.019185,1953.97412109375,2026-02-18,-0.002995,153.1490020751953,2026-02-18,0.027,2026-02-18,0.00146,0.00146,BTC,0.7235,0.0645,risk_on,elevated,up,up,down,retrospective_derived,2026-08-31T03:54:07Z
2026-02-19,0.002354,97.93000030517578,2026-02-19,-0.002126,4975.89990234375,2026-02-19,-0.003897,24858.75,2026-02-19,-0.002502,6877.0,2026-02-19,-0.000981,4.074999809265137,2026-02-19,0.031091,20.229999542236328,2026-02-19,0.019021,66.43000030517578,2026-02-19,0.008012,66957.5234375,2026-02-19,-0.002955,1948.2010498046875,2026-02-19,0.010082,154.6929931640625,2026-02-19,-0.004,2026-02-19,0.004919,0.004919,BTC,0.7443,0.1306,neutral,elevated,flat,up,up,retrospective_derived,2026-08-31T03:54:07Z
2026-02-20,-0.001327,97.8000030517578,2026-02-20,0.016761,5059.2998046875,2026-02-20,0.008397,25067.5,2026-02-20,0.006725,6923.25,2026-02-20,0.002699,4.085999965667725,2026-02-20,-0.056352,19.09000015258789,2026-02-20,-0.000602,66.38999938964844,2026-02-20,0.01565,68005.421875,2026-02-20,0.010687,1969.0223388671875,2026-02-20,0.003019,155.16000366210938,2026-02-20,0.011,2026-02-20,-0.002502,-0.002502,BTC,0.696,0.0963,risk_on,elevated,flat,flat,up,retrospective_derived,2026-08-31T03:54:07Z
2026-02-21,,,,,,,,,,,,,,,,,,,,,,-2.4e-05,68003.765625,2026-02-21,0.002395,1973.7371826171875,2026-02-21,,,,,2026-02-21,0.006725,0.006725,BTC,0.6775,0.0779,unknown,unknown,unknown,unknown,flat,retrospective_derived,2026-08-31T03:54:07Z
2026-02-22,,,,,,,,,,,,,,,,,,,,,,-0.005064,67659.390625,2026-02-22,-0.008072,1957.805908203125,2026-02-22,,,,,2026-02-22,0.0,0.006725,BTC,0.7141,0.0703,unknown,unknown,unknown,unknown,down,retrospective_derived,2026-08-31T03:54:07Z
2026-02-23,-0.001023,97.6999969482422,2026-02-23,0.028739,5204.7001953125,2026-02-23,-0.012157,24762.75,2026-02-23,-0.010364,6851.5,2026-02-23,-0.01395,4.02899980545044,2026-02-23,0.100576,21.01000022888184,2026-02-23,-0.001205,66.30999755859375,2026-02-23,-0.04497,64616.73828125,2026-02-23,-0.052254,1855.5028076171875,2026-02-23,-0.005291,154.33900451660156,2026-02-23,,2026-02-23,0.0,0.006725,BTC,0.747,0.0437,risk_off,elevated,unknown,flat,down,retrospective_derived,2026-08-31T03:54:07Z
2026-02-24,0.001842,97.87999725341795,2026-02-24,-0.009395,5155.7998046875,2026-02-24,0.010742,25028.75,2026-02-24,0.007626,6903.75,2026-02-24,0.000993,4.0329999923706055,2026-02-24,-0.069491,19.549999237060547,2026-02-24,-0.010255,65.62999725341797,2026-02-24,-0.008306,64080.04296875,2026-02-24,-0.001365,1852.969482421875,2026-02-24,0.001918,154.63499450683594,2026-02-24,0.004,2026-02-24,-0.010364,-0.010364,VIX,0.7212,0.0118,risk_on,elevated,flat,up,down,retrospective_derived,2026-08-31T03:54:07Z
2026-02-25,-0.001839,97.6999969482422,2026-02-25,0.009814,5206.39990234375,2026-02-25,0.014114,25382.0,2026-02-25,0.008112,6959.75,2026-02-25,0.003719,4.047999858856201,2026-02-25,-0.082864,17.93000030517578,2026-02-25,-0.0032,65.41999816894531,2026-02-25,0.060551,67960.125,2026-02-25,0.10883,2054.6279296875,2026-02-25,0.008051,155.8800048828125,2026-02-25,0.015,2026-02-25,0.007626,0.007626,SPX,0.6455,0.0034,risk_on,elevated,flat,down,up,retrospective_derived,2026-08-31T03:54:07Z
2026-02-26,0.000921,97.79000091552734,2026-02-26,-0.005743,5176.5,2026-02-26,-0.011859,25081.0,2026-02-26,-0.005711,6920.0,2026-02-26,-0.007658,4.017000198364258,2026-02-26,0.039041,18.6299991607666,2026-02-26,-0.00321,65.20999908447266,2026-02-26,-0.007451,67453.7734375,2026-02-26,-0.013548,2026.7926025390625,2026-02-26,0.002053,156.1999969482422,2026-02-26,-0.031,2026-02-26,0.008112,0.008112,VIX,0.6051,0.0465,risk_off,elevated,down,flat,down,retrospective_derived,2026-08-31T03:54:07Z
2026-02-27,-0.001841,97.61000061035156,2026-02-27,0.010432,5230.5,2026-02-27,-0.00304,25004.75,2026-02-27,-0.00448,6889.0,2026-02-27,-0.013692,3.961999893188477,2026-02-27,0.066023,19.86000061035156,2026-02-27,0.027756,67.0199966430664,2026-02-27,-0.023305,65881.796875,2026-02-27,-0.047381,1930.7618408203125,2026-02-27,-0.002183,155.85899353027344,2026-02-27,-0.055,2026-02-27,-0.005711,-0.005711,VIX,0.5842,0.0541,risk_off,elevated,down,down,down,retrospective_derived,2026-08-31T03:54:07Z
2026-02-28,,,,,,,,,,,,,,,,,,,,,,0.01691,66995.859375,2026-02-28,0.017759,1965.050537109375,2026-02-28,,,,,2026-02-28,-0.00448,-0.00448,VIX,0.581,0.0538,unknown,unknown,unknown,unknown,up,retrospective_derived,2026-08-31T03:54:07Z
2026-03-01,,,,,,,,,,,,,,,,,,,,,,-0.018774,65738.1015625,2026-03-01,-0.013223,1939.066650390625,2026-03-01,,,,,2026-03-01,0.0,-0.00448,US10Y,0.546,0.0337,unknown,unknown,unknown,unknown,down,retrospective_derived,2026-08-31T03:54:07Z
2026-03-02,0.007889,98.37999725341795,2026-03-02,0.012217,5294.39990234375,2026-03-02,0.00082,25025.25,2026-03-02,-0.000109,6888.25,2026-03-02,0.021706,4.047999858856201,2026-03-02,0.079557,21.440000534057617,2026-03-02,0.062817,71.2300033569336,2026-03-02,0.04621,68775.8515625,2026-03-02,0.045487,2027.2689208984373,2026-03-02,0.004966,156.63299560546875,2026-03-02,,2026-03-02,0.0,-0.00448,US10Y,0.594,0.1356,neutral,elevated,unknown,up,up,retrospective_derived,2026-08-31T03:54:07Z
2026-03-03,0.00681,99.0500030517578,2026-03-03,-0.03532,5107.39990234375,2026-03-03,-0.010769,24755.75,2026-03-03,-0.009219,6824.75,2026-03-03,0.001976,4.056000232696533,2026-03-03,0.099347,23.56999969482422,2026-03-03,0.04675,74.55999755859375,2026-03-03,-0.007011,68293.6484375,2026-03-03,-0.021951,1982.7689208984373,2026-03-03,0.003984,157.2570037841797,2026-03-03,0.008,2026-03-03,-0.000109,-0.000109,US10Y,0.5798,0.059,risk_off,elevated,flat,up,down,retrospective_derived,2026-08-31T03:54:07Z
2026-03-04,-0.002827,98.7699966430664,2026-03-04,0.002506,5120.2001953125,2026-03-04,0.015047,25128.25,2026-03-04,0.007509,6876.0,2026-03-04,0.005917,4.079999923706055,2026-03-04,-0.102673,21.149999618530277,2026-03-04,0.001341,74.66000366210938,2026-03-04,0.064676,72710.578125,2026-03-04,0.072493,2126.50537109375,2026-03-04,0.003281,157.7729949951172,2026-03-04,0.024,2026-03-04,-0.009219,-0.009219,ETH,0.5168,0.009,risk_on,elevated,up,down,up,retrospective_derived,2026-08-31T03:54:07Z
2026-03-05,0.005569,99.31999969482422,2026-03-05,-0.010722,5065.2998046875,2026-03-05,-0.003134,25049.5,2026-03-05,-0.005926,6835.25,2026-03-05,0.016176,4.145999908447266,2026-03-05,0.122931,23.75,2026-03-05,0.085052,81.01000213623047,2026-03-05,-0.025711,70841.125,2026-03-05,-0.025817,2071.60546875,2026-03-05,-0.005007,156.98300170898438,2026-03-05,0.066,2026-03-05,0.007509,0.007509,VIX,0.6037,0.0615,risk_off,elevated,up,up,down,retrospective_derived,2026-08-31T03:54:07Z
2026-03-06,-0.003323,98.98999786376952,2026-03-06,0.015952,5146.10009765625,2026-03-06,-0.01514,24670.25,2026-03-06,-0.013386,6743.75,2026-03-06,-0.003136,4.132999897003174,2026-03-06,0.241684,29.489999771118164,2026-03-06,0.122084,90.9000015258789,2026-03-06,-0.038179,68136.4921875,2026-03-06,-0.044822,1978.751220703125,2026-03-06,0.00351,157.53399658203125,2026-03-06,-0.013,2026-03-06,-0.005926,-0.005926,VIX,0.6443,0.0009,risk_off,stressed,flat,down,down,retrospective_derived,2026-08-31T03:54:07Z
2026-03-07,,,,,,,,,,,,,,,,,,,,,,-0.012679,67272.59375,2026-03-07,-0.004698,1969.4554443359373,2026-03-07,,,,,2026-03-07,-0.013386,-0.013386,VIX,0.6391,0.0013,unknown,unknown,unknown,unknown,down,retrospective_derived,2026-08-31T03:54:07Z
2026-03-08,,,,,,,,,,,,,,,,,,,,,,-0.019366,65969.78125,2026-03-08,-0.01668,1936.604736328125,2026-03-08,,,,,2026-03-08,0.0,-0.013386,VIX,0.6391,0.0013,unknown,unknown,unknown,unknown,down,retrospective_derived,2026-08-31T03:54:07Z
2026-03-09,0.001919,99.18000030517578,2026-03-09,-0.01061,5091.5,2026-03-09,0.013001,24991.0,2026-03-09,0.008489,6801.0,2026-03-09,0.000726,4.136000156402588,2026-03-09,-0.1353,25.5,2026-03-09,0.042574,94.7699966430664,2026-03-09,0.036874,68402.3828125,2026-03-09,0.029089,1992.938232421875,2026-03-09,0.005669,158.427001953125,2026-03-09,,2026-03-09,0.0,-0.013386,VIX,0.7036,0.0666,risk_on,stressed,unknown,up,up,retrospective_derived,2026-08-31T03:54:07Z
2026-03-10,-0.003529,98.83000183105467,2026-03-10,0.027143,5229.7001953125,2026-03-10,-0.00034,24982.5,2026-03-10,-0.002022,6787.25,2026-03-10,0.0,4.136000156402588,2026-03-10,-0.022353,24.93000030517578,2026-03-10,-0.119447,83.44999694824219,2026-03-10,0.022288,69926.921875,2026-03-10,0.022169,2037.1204833984373,2026-03-10,-0.003655,157.84800720214844,2026-03-10,0.0,2026-03-10,0.008489,0.008489,VIX,0.7084,0.0448,neutral,stressed,flat,down,up,retrospective_derived,2026-08-31T03:54:07Z
2026-03-11,0.004047,99.2300033569336,2026-03-11,-0.011913,5167.39990234375,2026-03-11,4e-05,24983.5,2026-03-11,-0.001142,6779.5,2026-03-11,0.017408,4.208000183105469,2026-03-11,-0.028079,24.229999542236328,2026-03-11,0.045536,87.25,2026-03-11,0.003975,70204.8828125,2026-03-11,0.007095,2051.5732421875,2026-03-11,0.001685,158.11399841308594,2026-03-11,0.072,2026-03-11,-0.002022,-0.002022,VIX,0.7116,0.0139,neutral,stressed,up,up,up,retrospective_derived,2026-08-31T03:54:07Z
2026-03-12,0.00514,99.73999786376952,2026-03-12,-0.009986,5115.7998046875,2026-03-12,-0.016951,24560.0,2026-03-12,-0.015045,6677.5,2026-03-12,0.015447,4.2729997634887695,2026-03-12,0.12629,27.290000915527344,2026-03-12,0.097192,95.7300033569336,2026-03-12,0.004111,70493.4609375,2026-03-12,0.01051,2073.13623046875,2026-03-12,0.006078,159.0749969482422,2026-03-12,0.065,2026-03-12,-0.001142,-0.001142,WTI,0.8839,0.1804,risk_off,stressed,up,up,up,retrospective_derived,2026-08-31T03:54:07Z
2026-03-13,0.006216,100.36000061035156,2026-03-13,-0.012373,5052.5,2026-03-13,-0.006749,24394.25,2026-03-13,-0.006215,6636.0,2026-03-13,0.002808,4.284999847412109,2026-03-13,-0.003664,27.190000534057617,2026-03-13,0.031129,98.70999908447266,2026-03-13,0.006735,70968.265625,2026-03-13,0.009371,2092.5634765625,2026-03-13,0.000823,159.20599365234375,2026-03-13,0.012,2026-03-13,-0.015045,-0.015045,WTI,0.8415,0.1773,neutral,stressed,flat,up,up,retrospective_derived,2026-08-31T03:54:07Z
2026-03-14,,,,,,,,,,,,,,,,,,,,,,0.003471,71214.625,2026-03-14,0.002162,2097.086669921875,2026-03-14,,,,,2026-03-14,-0.006215,-0.006215,WTI,0.8428,0.1856,unknown,unknown,unknown,unknown,up,retrospective_derived,2026-08-31T03:54:07Z
2026-03-15,,,,,,,,,,,,,,,,,,,,,,0.02212,72789.9140625,2026-03-15,0.038334,2177.476318359375,2026-03-15,,,,,2026-03-15,0.0,-0.006215,WTI,0.9655,0.3241,unknown,unknown,unknown,unknown,up,retrospective_derived,2026-08-31T03:54:07Z
2026-03-16,-0.006477,99.70999908447266,2026-03-16,-0.011578,4994.0,2026-03-16,0.01154,24675.75,2026-03-16,0.01036,6704.75,2026-03-16,-0.015169,4.21999979019165,2026-03-16,-0.135344,23.51000022888184,2026-03-16,-0.052781,93.5,2026-03-16,0.028454,74861.0859375,2026-03-16,0.079771,2351.176025390625,2026-03-16,0.002274,159.5679931640625,2026-03-16,,2026-03-16,0.0,-0.006215,WTI,1.1267,0.3706,risk_on,elevated,unknown,down,up,retrospective_derived,2026-08-31T03:54:07Z
2026-03-17,-0.001304,99.58000183105467,2026-03-17,0.001402,5001.0,2026-03-17,0.004853,24795.5,2026-03-17,0.002536,6721.75,2026-03-17,-0.004265,4.202000141143799,2026-03-17,-0.04849,22.3700008392334,2026-03-17,0.028984,96.20999908447266,2026-03-17,-0.012538,73922.4765625,2026-03-17,-0.014088,2318.053466796875,2026-03-17,-0.002902,159.10499572753906,2026-03-17,-0.018,2026-03-17,0.01036,0.01036,WTI,1.1369,0.4269,neutral,elevated,flat,flat,down,retrospective_derived,2026-08-31T03:54:07Z
2026-03-18,0.005121,100.08999633789062,2026-03-18,-0.022216,4889.89990234375,2026-03-18,-0.014559,24434.5,2026-03-18,-0.014245,6626.0,2026-03-18,0.013565,4.258999824523926,2026-03-18,0.121591,25.09000015258789,2026-03-18,0.001143,96.31999969482422,2026-03-18,-0.036212,71245.578125,2026-03-18,-0.049344,2203.671630859375,2026-03-18,-0.001358,158.88900756835938,2026-03-18,0.057,2026-03-18,0.002536,0.002536,WTI,1.039,0.2714,risk_off,stressed,up,up,down,retrospective_derived,2026-08-31T03:54:07Z
2026-03-19,-0.008592,99.2300033569336,2026-03-19,-0.059142,4600.7001953125,2026-03-19,-0.002885,24364.0,2026-03-19,-0.002528,6609.25,2026-03-19,0.005166,4.281000137329102,2026-03-19,-0.041052,24.059999465942383,2026-03-19,-0.001869,96.13999938964844,2026-03-19,-0.018707,69912.7890625,2026-03-19,-0.030062,2137.423828125,2026-03-19,0.005702,159.7949981689453,2026-03-19,0.022,2026-03-19,-0.014245,-0.014245,WTI,0.9592,0.1878,neutral,stressed,up,down,down,retrospective_derived,2026-08-31T03:54:07Z
2026-03-20,0.004233,99.6500015258789,2026-03-20,-0.006586,4570.39990234375,2026-03-20,-0.002964,24291.779296875,2026-03-20,-0.002212,6594.6298828125,2026-03-20,0.025695,4.390999794006348,2026-03-20,0.113051,26.780000686645508,2026-03-20,0.022675,98.31999969482422,2026-03-20,0.008722,70522.5859375,2026-03-20,0.004245,2146.4970703125,2026-03-20,-0.011709,157.9239959716797,2026-03-20,0.11,2026-03-20,-0.002528,-0.002528,WTI,0.871,0.0708,neutral,stressed,up,up,up,retrospective_derived,2026-08-31T03:54:07Z
2026-03-21,,,,,,,,,,,,,,,,,,,,,,-0.025681,68711.5234375,2026-03-21,-0.032521,2076.68994140625,2026-03-21,,,,,2026-03-21,-0.002212,-0.002212,WTI,0.8693,0.061,unknown,unknown,unknown,unknown,down,retrospective_derived,2026-08-31T03:54:07Z
2026-03-22,,,,,,,,,,,,,,,,,,,,,,-0.012608,67845.2109375,2026-03-22,-0.011384,2053.04833984375,2026-03-22,,,,,2026-03-22,0.0,-0.002212,WTI,0.8979,0.048,unknown,unknown,unknown,unknown,down,retrospective_derived,2026-08-31T03:54:07Z
2026-03-23,-0.007025,98.9499969482422,2026-03-23,-0.036386,4404.10009765625,2026-03-23,0.004795,24408.25,2026-03-23,0.006084,6634.75,2026-03-23,-0.012981,4.334000110626221,2026-03-23,-0.023525,26.149999618530277,2026-03-23,-0.103641,88.12999725341797,2026-03-23,0.045245,70914.859375,2026-03-23,0.048269,2152.14599609375,2026-03-23,0.008295,159.23399353027344,2026-03-23,,2026-03-23,0.0,-0.002212,WTI,0.9822,0.164,neutral,stressed,unknown,down,up,retrospective_derived,2026-08-31T03:54:07Z
2026-03-24,0.004851,99.43000030517578,2026-03-24,-0.00109,4399.2998046875,2026-03-24,-0.007969,24213.75,2026-03-24,-0.004333,6606.0,2026-03-24,0.013383,4.392000198364258,2026-03-24,0.030593,26.950000762939453,2026-03-24,0.047884,92.3499984741211,2026-03-24,-0.005598,70517.859375,2026-03-24,0.001653,2155.704345703125,2026-03-24,-0.004741,158.47900390625,2026-03-24,0.058,2026-03-24,0.006084,0.006084,WTI,1.0895,0.3099,risk_off,stressed,up,up,down,retrospective_derived,2026-08-31T03:54:07Z
2026-03-25,0.00171,99.5999984741211,2026-03-25,0.03421,4549.7998046875,2026-03-25,0.00636,24367.75,2026-03-25,0.00526,6640.75,2026-03-25,-0.014572,4.328000068664551,2026-03-25,-0.060111,25.32999992370605,2026-03-25,-0.021982,90.31999969482422,2026-03-25,0.011232,71309.8828125,2026-03-25,0.005714,2168.021484375,2026-03-25,0.001508,158.71800231933594,2026-03-25,-0.064,2026-03-25,-0.004333,-0.004333,WTI,0.9353,0.2358,risk_on,stressed,down,up,up,retrospective_derived,2026-08-31T03:54:07Z
2026-03-26,0.003012,99.9000015258789,2026-03-26,-0.038309,4375.5,2026-03-26,-0.023535,23794.25,2026-03-26,-0.01743,6525.0,2026-03-26,0.020333,4.415999889373779,2026-03-26,0.0833,27.440000534057617,2026-03-26,0.046058,94.4800033569336,2026-03-26,-0.035314,68791.625,2026-03-26,-0.050019,2059.578369140625,2026-03-26,0.004196,159.38400268554688,2026-03-26,0.088,2026-03-26,0.00526,0.00526,US10Y,0.8956,0.0722,risk_off,stressed,up,up,down,retrospective_derived,2026-08-31T03:54:07Z
2026-03-27,0.002503,100.1500015258789,2026-03-27,0.026626,4492.0,2026-03-27,-0.019574,23328.5,2026-03-27,-0.01728,6412.25,2026-03-27,0.005435,4.440000057220459,2026-03-27,0.13156,31.049999237060547,2026-03-27,0.054615,99.63999938964844,2026-03-27,-0.035662,66338.375,2026-03-27,-0.033165,1991.27197265625,2026-03-27,0.002008,159.70399475097656,2026-03-27,0.024,2026-03-27,-0.01743,-0.01743,WTI,0.834,0.0117,risk_off,stressed,up,up,down,retrospective_derived,2026-08-31T03:54:07Z
2026-03-28,,,,,,,,,,,,,,,,,,,,,,-0.000282,66319.6953125,2026-03-28,0.000714,1992.694580078125,2026-03-28,,,,,2026-03-28,-0.01728,-0.01728,WTI,0.8246,0.006,unknown,unknown,unknown,unknown,flat,retrospective_derived,2026-08-31T03:54:07Z
2026-03-29,,,,,,,,,,,,,,,,,,,,,,-0.0055,65954.921875,2026-03-29,-0.005086,1982.5596923828125,2026-03-29,,,,,2026-03-29,0.0,-0.01728,WTI,0.9618,0.0688,unknown,unknown,unknown,unknown,down,retrospective_derived,2026-08-31T03:54:07Z
2026-03-30,0.003595,100.51000213623048,2026-03-30,0.007569,4526.0,2026-03-30,-0.008091,23139.75,2026-03-30,-0.003743,6388.25,2026-03-30,-0.022072,4.3420000076293945,2026-03-30,-0.014171,30.61000061035156,2026-03-30,0.032517,102.87999725341795,2026-03-30,0.011167,66691.4453125,2026-03-30,0.020658,2023.514892578125,2026-03-30,0.003319,160.23399353027344,2026-03-30,,2026-03-30,0.0,-0.01728,WTI,0.9112,0.0005,neutral,stressed,unknown,up,up,retrospective_derived,2026-08-31T03:54:07Z
2026-03-31,-0.005472,99.95999908447266,2026-03-31,0.026867,4647.60009765625,2026-03-31,0.033503,23915.0,2026-03-31,0.028568,6570.75,2026-03-31,-0.00714,4.310999870300293,2026-03-31,-0.175106,25.25,2026-03-31,-0.01458,101.37999725341795,2026-03-31,0.023119,68233.3125,2026-03-31,0.040125,2104.708251953125,2026-03-31,-0.002453,159.84100341796875,2026-03-31,-0.031,2026-03-31,-0.003743,-0.003743,SPX,1.0008,0.0946,risk_on,stressed,down,down,up,retrospective_derived,2026-08-31T03:54:07Z
2026-04-01,-0.003101,99.6500015258789,2026-04-01,0.029176,4783.2001953125,2026-04-01,0.011698,24194.75,2026-04-01,0.007153,6617.75,2026-04-01,0.001856,4.318999767303467,2026-04-01,-0.028119,24.540000915527344,2026-04-01,-0.012428,100.12000274658205,2026-04-01,-0.002268,68078.5546875,2026-04-01,0.016168,2138.737060546875,2026-04-01,-0.007895,158.57899475097656,2026-04-01,0.008,2026-04-01,0.028568,0.028568,SPX,0.9322,0.093,neutral,stressed,flat,down,down,retrospective_derived,2026-08-31T03:54:07Z
2026-04-02,0.003813,100.02999877929688,2026-04-02,-0.027534,4651.5,2026-04-02,0.000961,24218.0,2026-04-02,0.00068,6622.25,2026-04-02,-0.001389,4.313000202178955,2026-04-02,-0.027302,23.8700008392334,2026-04-02,0.114063,111.54000091552734,2026-04-02,-0.01748,66888.5703125,2026-04-02,-0.038286,2056.8525390625,2026-04-02,0.000687,158.68800354003906,2026-04-02,-0.006,2026-04-02,0.007153,0.007153,SPX,0.8675,0.0777,neutral,elevated,flat,up,down,retrospective_derived,2026-08-31T03:54:07Z
2026-04-03,,,,,,,,,,,,,,,,,,,,,,0.000636,66931.1015625,2026-04-03,-0.001686,2053.38525390625,2026-04-03,0.00506,159.49099731445312,2026-04-03,,2026-04-03,0.00068,0.00068,SPX,0.8581,0.0616,unknown,unknown,unknown,unknown,flat,retrospective_derived,2026-08-31T03:54:07Z
2026-04-04,,,,,,,,,,,,,,,,,,,,,,0.00537,67290.515625,2026-04-04,0.005828,2065.3515625,2026-04-04,,,,,2026-04-04,0.0,0.00068,SPX,0.8504,0.0537,unknown,unknown,unknown,unknown,up,retrospective_derived,2026-08-31T03:54:07Z
2026-04-05,,,,,,,,,,,,,,,,,,,,,,0.025136,68981.8984375,2026-04-05,0.021132,2108.99560546875,2026-04-05,,,,,2026-04-05,0.0,0.00068,SPX,0.8296,0.0724,unknown,unknown,unknown,unknown,up,retrospective_derived,2026-08-31T03:54:07Z
2026-04-06,-0.0005,99.9800033569336,2026-04-06,0.001139,4656.7998046875,2026-04-06,0.005801,24358.5,2026-04-06,0.004341,6651.0,2026-04-06,0.005101,4.335000038146973,2026-04-06,0.012568,24.170000076293945,2026-04-06,0.0078,112.41000366210938,2026-04-06,-0.00177,68859.828125,2026-04-06,-0.000585,2107.761474609375,2026-04-06,0.001812,159.77999877929688,2026-04-06,,2026-04-06,0.0,0.00068,SPX,0.8435,0.0815,neutral,stressed,unknown,flat,down,retrospective_derived,2026-08-31T03:54:07Z
2026-04-07,-0.003401,99.63999938964844,2026-04-07,6.4e-05,4657.10009765625,2026-04-07,0.000513,24371.0,2026-04-07,0.000865,6656.75,2026-04-07,0.001845,4.3429999351501465,2026-04-07,0.066612,25.780000686645508,2026-04-07,0.004804,112.9499969482422,2026-04-07,0.044741,71940.703125,2026-04-07,0.063596,2241.806640625,2026-04-07,-0.000607,159.68299865722656,2026-04-07,0.008,2026-04-07,0.004341,0.004341,SPX,0.7003,0.0515,neutral,stressed,flat,down,up,retrospective_derived,2026-08-31T03:54:07Z
2026-04-08,-0.005118,99.12999725341795,2026-04-08,0.019841,4749.5,2026-04-08,0.028856,25074.25,2026-04-08,0.025087,6823.75,2026-04-08,-0.011973,4.290999889373779,2026-04-08,-0.183863,21.040000915527344,2026-04-08,-0.164143,94.41000366210938,2026-04-08,-0.011361,71123.359375,2026-04-08,-0.02296,2190.33544921875,2026-04-08,-0.006056,158.71600341796875,2026-04-08,-0.052,2026-04-08,0.000865,0.000865,SPX,0.8624,0.0477,risk_on,elevated,down,down,down,retrospective_derived,2026-08-31T03:54:07Z
2026-04-09,-0.003127,98.81999969482422,2026-04-09,0.00899,4792.2001953125,2026-04-09,0.007069,25251.5,2026-04-09,0.005789,6863.25,2026-04-09,0.000466,4.293000221252441,2026-04-09,-0.073669,19.489999771118164,2026-04-09,0.036649,97.87000274658205,2026-04-09,0.009061,71767.828125,2026-04-09,-0.000544,2189.14404296875,2026-04-09,-0.000466,158.64199829101562,2026-04-09,0.002,2026-04-09,0.025087,0.025087,SPX,0.9206,0.0766,risk_on,elevated,flat,down,up,retrospective_derived,2026-08-31T03:54:07Z
2026-04-10,-0.00172,98.6500015258789,2026-04-10,-0.006323,4761.89990234375,2026-04-10,0.001178,25281.25,2026-04-10,-0.001166,6855.25,2026-04-10,0.00559,4.316999912261963,2026-04-10,-0.01334,19.229999542236328,2026-04-10,-0.013283,96.56999969482422,2026-04-10,0.016877,72979.046875,2026-04-10,0.025583,2245.148681640625,2026-04-10,0.002963,159.11199951171875,2026-04-10,0.024,2026-04-10,0.005789,0.005789,SPX,0.8567,0.07,neutral,elevated,up,down,up,retrospective_derived,2026-08-31T03:54:07Z
2026-04-11,,,,,,,,,,,,,,,,,,,,,,0.001031,73054.2734375,2026-04-11,0.017924,2285.39013671875,2026-04-11,,,,,2026-04-11,-0.001166,-0.001166,SPX,0.8645,0.0655,unknown,unknown,unknown,unknown,flat,retrospective_derived,2026-08-31T03:54:07Z
2026-04-12,,,,,,,,,,,,,,,,,,,,,,-0.031495,70753.40625,2026-04-12,-0.040776,2192.201171875,2026-04-12,,,,,2026-04-12,0.0,-0.001166,SPX,0.9432,0.0493,unknown,unknown,unknown,unknown,down,retrospective_derived,2026-08-31T03:54:07Z
2026-04-13,-0.002838,98.37000274658205,2026-04-13,-0.004095,4742.39990234375,2026-04-13,0.010373,25543.5,2026-04-13,0.009846,6922.75,2026-04-13,-0.004633,4.296999931335449,2026-04-13,-0.00572,19.1200008392334,2026-04-13,0.025992,99.08000183105467,2026-04-13,0.052736,74484.640625,2026-04-13,0.081431,2370.71484375,2026-04-13,0.00357,159.67999267578125,2026-04-13,,2026-04-13,0.0,-0.001166,SPX,0.9724,0.0752,neutral,elevated,unknown,down,up,retrospective_derived,2026-08-31T03:54:07Z
2026-04-14,-0.002541,98.12000274658205,2026-04-14,0.017417,4825.0,2026-04-14,0.017744,25996.75,2026-04-14,0.011845,7004.75,2026-04-14,-0.009542,4.25600004196167,2026-04-14,-0.039749,18.36000061035156,2026-04-14,-0.078724,91.27999877929688,2026-04-14,-0.004068,74181.609375,2026-04-14,-0.019997,2323.30859375,2026-04-14,-0.002918,159.21400451660156,2026-04-14,-0.041,2026-04-14,0.009846,0.009846,SPX,1.0148,0.0592,risk_on,elevated,down,down,down,retrospective_derived,2026-08-31T03:54:07Z
2026-04-15,-0.000612,98.05999755859376,2026-04-15,-0.005181,4800.0,2026-04-15,0.014184,26365.5,2026-04-15,0.007959,7060.5,2026-04-15,0.006109,4.2820000648498535,2026-04-15,-0.010349,18.170000076293945,2026-04-15,0.00011,91.29000091552734,2026-04-15,0.008405,74805.078125,2026-04-15,0.01555,2359.43701171875,2026-04-15,-0.002651,158.79200744628906,2026-04-15,0.026,2026-04-15,0.011845,0.011845,SPX,0.7898,0.0609,neutral,elevated,up,flat,up,retrospective_derived,2026-08-31T03:54:07Z
2026-04-16,0.001632,98.22000122070312,2026-04-16,-0.003042,4785.39990234375,2026-04-16,0.004618,26487.25,2026-04-16,0.002337,7077.0,2026-04-16,0.006305,4.309000015258789,2026-04-16,-0.012658,17.940000534057617,2026-04-16,0.037244,94.69000244140624,2026-04-16,0.004639,75152.1328125,2026-04-16,-0.004574,2348.64501953125,2026-04-16,0.000107,158.8090057373047,2026-04-16,0.027,2026-04-16,0.007959,0.007959,WTI,0.6781,0.0016,neutral,elevated,up,up,up,retrospective_derived,2026-08-31T03:54:07Z
2026-04-17,-0.001222,98.0999984741211,2026-04-17,0.015088,4857.60009765625,2026-04-17,0.01277,26825.5,2026-04-17,0.01194,7161.5,2026-04-17,-0.014621,4.245999813079834,2026-04-17,-0.025641,17.479999542236328,2026-04-17,-0.114479,83.8499984741211,2026-04-17,0.026277,77126.875,2026-04-17,0.030838,2421.07177734375,2026-04-17,0.002431,159.19500732421875,2026-04-17,-0.063,2026-04-17,0.002337,0.002337,SPX,0.676,0.0155,neutral,elevated,down,flat,up,retrospective_derived,2026-08-31T03:54:07Z
2026-04-18,,,,,,,,,,,,,,,,,,,,,,-0.018161,75726.2109375,2026-04-18,-0.028901,2351.1005859375,2026-04-18,,,,,2026-04-18,0.01194,0.01194,SPX,0.671,0.0148,unknown,unknown,unknown,unknown,down,retrospective_derived,2026-08-31T03:54:07Z
2026-04-19,,,,,,,,,,,,,,,,,,,,,,-0.024692,73856.3515625,2026-04-19,-0.036657,2264.9169921875,2026-04-19,,,,,2026-04-19,0.0,0.01194,SPX,0.7599,0.0195,unknown,unknown,unknown,unknown,down,retrospective_derived,2026-08-31T03:54:07Z
2026-04-20,-0.00051,98.0500030517578,2026-04-20,-0.010499,4806.60009765625,2026-04-20,-0.002861,26748.75,2026-04-20,-0.001885,7148.0,2026-04-20,0.000942,4.25,2026-04-20,0.07952,18.8700008392334,2026-04-20,0.068694,89.61000061035156,2026-04-20,0.027299,75872.5234375,2026-04-20,0.022206,2315.21240234375,2026-04-20,-0.000214,159.16099548339844,2026-04-20,,2026-04-20,0.0,0.01194,WTI,0.8979,0.249,neutral,elevated,unknown,flat,up,retrospective_derived,2026-08-31T03:54:07Z
2026-04-21,0.003672,98.41000366210938,2026-04-21,-0.022511,4698.39990234375,2026-04-21,-0.004262,26634.75,2026-04-21,-0.006715,7100.0,2026-04-21,0.009882,4.291999816894531,2026-04-21,0.033386,19.5,2026-04-21,0.028122,92.12999725341795,2026-04-21,0.00633,76352.7734375,2026-04-21,0.005511,2327.970458984375,2026-04-21,-0.001992,158.843994140625,2026-04-21,0.042,2026-04-21,-0.001885,-0.001885,WTI,0.9228,0.25,risk_off,elevated,up,up,up,retrospective_derived,2026-08-31T03:54:07Z
2026-04-22,0.001829,98.58999633789062,2026-04-22,0.007258,4732.5,2026-04-22,0.01683,27083.0,2026-04-22,0.010035,7171.25,2026-04-22,0.000466,4.294000148773193,2026-04-22,-0.029744,18.920000076293945,2026-04-22,0.009009,92.95999908447266,2026-04-22,0.024234,78203.1015625,2026-04-22,0.020669,2376.088134765625,2026-04-22,0.00333,159.3730010986328,2026-04-22,0.002,2026-04-22,-0.006715,-0.006715,WTI,0.8675,0.1214,neutral,elevated,flat,up,up,retrospective_derived,2026-08-31T03:54:07Z
2026-04-23,0.00213,98.8000030517578,2026-04-23,-0.00579,4705.10009765625,2026-04-23,-0.005502,26934.0,2026-04-23,-0.00387,7143.5,2026-04-23,0.006754,4.322999954223633,2026-04-23,0.020613,19.309999465942383,2026-04-23,0.031089,95.8499984741211,2026-04-23,0.000842,78268.953125,2026-04-23,-0.018759,2331.513916015625,2026-04-23,0.000722,159.48800659179688,2026-04-23,0.029,2026-04-23,0.010035,0.010035,WTI,0.826,0.127,neutral,elevated,up,up,flat,retrospective_derived,2026-08-31T03:54:07Z
2026-04-24,-0.002935,98.51000213623048,2026-04-24,0.003656,4722.2998046875,2026-04-24,0.018601,27435.0,2026-04-24,0.007174,7194.75,2026-04-24,-0.003007,4.309999942779541,2026-04-24,-0.031072,18.709999084472656,2026-04-24,-0.015128,94.4000015258789,2026-04-24,-0.010395,77455.3125,2026-04-24,-0.006787,2315.690185546875,2026-04-24,0.001624,159.7469940185547,2026-04-24,-0.013,2026-04-24,-0.00387,-0.00387,WTI,0.7869,0.0936,risk_on,elevated,flat,down,down,retrospective_derived,2026-08-31T03:54:07Z
2026-04-25,,,,,,,,,,,,,,,,,,,,,,0.002023,77612.015625,2026-04-25,0.001355,2318.8291015625,2026-04-25,,,,,2026-04-25,0.007174,0.007174,WTI,0.7857,0.1002,unknown,unknown,unknown,unknown,up,retrospective_derived,2026-08-31T03:54:07Z
2026-04-26,,,,,,,,,,,,,,,,,,,,,,0.013471,78657.5390625,2026-04-26,0.021951,2369.72900390625,2026-04-26,,,,,2026-04-26,0.0,0.007174,WTI,0.8363,0.1271,unknown,unknown,unknown,unknown,up,retrospective_derived,2026-08-31T03:54:07Z
2026-04-27,-0.000305,98.4800033569336,2026-04-27,-0.009932,4675.39990234375,2026-04-27,0.0002,27440.5,2026-04-27,0.001564,7206.0,2026-04-27,0.006032,4.335999965667725,2026-04-27,-0.036879,18.020000457763672,2026-04-27,0.020869,96.37000274658205,2026-04-27,-0.016412,77366.625,2026-04-27,-0.028132,2303.06396484375,2026-04-27,-0.00107,159.5760040283203,2026-04-27,,2026-04-27,0.0,0.007174,WTI,0.8483,0.1512,neutral,elevated,unknown,flat,down,retrospective_derived,2026-08-31T03:54:07Z
2026-04-28,0.001422,98.62000274658205,2026-04-28,-0.017945,4591.5,2026-04-28,-0.009903,27168.75,2026-04-28,-0.004857,7171.0,2026-04-28,0.004151,4.354000091552734,2026-04-28,-0.010544,17.829999923706055,2026-04-28,0.036941,99.93000030517578,2026-04-28,-0.013132,76350.671875,2026-04-28,-0.005924,2289.419677734375,2026-04-28,-0.001372,159.35699462890625,2026-04-28,0.018,2026-04-28,0.001564,0.001564,SPX,0.5612,0.0348,neutral,elevated,flat,flat,down,retrospective_derived,2026-08-31T03:54:07Z
2026-04-29,0.003042,98.91999816894533,2026-04-29,-0.010084,4545.2001953125,2026-04-29,0.00576,27325.25,2026-04-29,-0.000418,7168.0,2026-04-29,0.014699,4.418000221252441,2026-04-29,0.054964,18.809999465942383,2026-04-29,0.069549,106.87999725341795,2026-04-29,-0.007525,75776.1328125,2026-04-29,-0.015726,2253.415771484375,2026-04-29,0.001224,159.552001953125,2026-04-29,0.064,2026-04-29,-0.004857,-0.004857,WTI,0.5697,0.0304,neutral,elevated,up,up,down,retrospective_derived,2026-08-31T03:54:07Z
2026-04-30,-0.008492,98.08000183105467,2026-04-30,0.015291,4614.7001953125,2026-04-30,0.009908,27596.0,2026-04-30,0.010568,7243.75,2026-04-30,-0.006338,4.389999866485596,2026-04-30,-0.102073,16.889999389648438,2026-04-30,-0.016935,105.06999969482422,2026-04-30,0.00697,76304.3203125,2026-04-30,0.001258,2256.251220703125,2026-04-30,0.003961,160.1840057373047,2026-04-30,-0.028,2026-04-30,-0.000418,-0.000418,SPX,0.6366,0.0741,risk_on,elevated,down,down,up,retrospective_derived,2026-08-31T03:54:07Z
2026-05-01,0.001325,98.20999908447266,2026-05-01,0.003294,4629.89990234375,2026-05-01,0.008688,27835.75,2026-05-01,0.001967,7258.0,2026-05-01,-0.002734,4.377999782562256,2026-05-01,0.005921,16.989999771118164,2026-05-01,-0.02979,101.94000244140624,2026-05-01,0.024568,78179.0,2026-05-01,0.017216,2295.09375,2026-05-01,-0.020015,156.97799682617188,2026-05-01,-0.012,2026-05-01,0.010568,0.010568,SPX,0.5803,0.0195,neutral,elevated,flat,flat,up,retrospective_derived,2026-08-31T03:54:07Z
2026-05-02,,,,,,,,,,,,,,,,,,,,,,0.006117,78657.25,2026-05-02,0.00921,2316.23193359375,2026-05-02,,,,,2026-05-02,0.001967,0.001967,SPX,0.5745,0.0201,unknown,unknown,unknown,unknown,up,retrospective_derived,2026-08-31T03:54:07Z
2026-05-03,,,,,,,,,,,,,,,,,,,,,,-0.001513,78538.2265625,2026-05-03,0.002333,2321.6357421875,2026-05-03,,,,,2026-05-03,0.0,0.001967,WTI,0.6302,0.0943,unknown,unknown,unknown,unknown,down,retrospective_derived,2026-08-31T03:54:07Z
2026-05-04,0.002647,98.47000122070312,2026-05-04,-0.023845,4519.5,2026-05-04,-0.002147,27776.0,2026-05-04,-0.003823,7230.25,2026-05-04,0.015532,4.446000099182129,2026-05-04,0.076516,18.290000915527344,2026-05-04,0.043947,106.41999816894533,2026-05-04,0.016421,79827.90625,2026-05-04,0.010665,2346.39697265625,2026-05-04,-0.000841,156.8459930419922,2026-05-04,,2026-05-04,0.0,0.001967,WTI,0.5932,0.0852,risk_off,elevated,unknown,up,up,retrospective_derived,2026-08-31T03:54:07Z
2026-05-05,0.000102,98.4800033569336,2026-05-05,0.008032,4555.7998046875,2026-05-05,0.012961,28136.0,2026-05-05,0.007884,7287.25,2026-05-05,-0.006748,4.415999889373779,2026-05-05,-0.049754,17.3799991607666,2026-05-05,-0.038996,102.2699966430664,2026-05-05,0.013769,80927.0546875,2026-05-05,0.006301,2361.1826171875,2026-05-05,0.002219,157.19400024414062,2026-05-05,-0.03,2026-05-05,-0.003823,-0.003823,WTI,0.6449,0.101,risk_on,elevated,down,flat,up,retrospective_derived,2026-08-31T03:54:07Z
2026-05-06,-0.004671,98.0199966430664,2026-05-06,0.027679,4681.89990234375,2026-05-06,0.020641,28716.75,2026-05-06,0.014031,7389.5,2026-05-06,-0.013587,4.355999946594238,2026-05-06,0.000575,17.389999389648438,2026-05-06,-0.070304,95.08000183105467,2026-05-06,0.006184,81427.53125,2026-05-06,-0.004396,2350.802001953125,2026-05-06,0.003073,157.677001953125,2026-05-06,-0.06,2026-05-06,0.007884,0.007884,WTI,0.6825,0.0921,neutral,elevated,down,down,up,retrospective_derived,2026-08-31T03:54:07Z
2026-05-07,0.002346,98.25,2026-05-07,0.003823,4699.7998046875,2026-05-07,-0.001201,28682.25,2026-05-07,-0.003586,7363.0,2026-05-07,0.008265,4.392000198364258,2026-05-07,-0.017826,17.079999923706055,2026-05-07,-0.00284,94.80999755859376,2026-05-07,-0.017409,80009.9921875,2026-05-07,-0.025393,2291.107666015625,2026-05-07,-0.007414,156.50799560546875,2026-05-07,0.036,2026-05-07,0.014031,0.014031,US10Y,0.5218,0.0101,neutral,elevated,up,up,down,retrospective_derived,2026-08-31T03:54:07Z
2026-05-08,-0.004173,97.83999633789062,2026-05-08,0.004383,4720.39990234375,2026-05-08,0.022671,29332.5,2026-05-08,0.007606,7419.0,2026-05-08,-0.006375,4.363999843597412,2026-05-08,0.00644,17.190000534057617,2026-05-08,0.006434,95.41999816894533,2026-05-08,0.002209,80186.765625,2026-05-08,0.006924,2306.97216796875,2026-05-08,0.002051,156.82899475097656,2026-05-08,-0.028,2026-05-08,-0.003586,-0.003586,NASDAQ,0.531,0.0058,neutral,elevated,down,down,up,retrospective_derived,2026-08-31T03:54:07Z
2026-05-09,,,,,,,,,,,,,,,,,,,,,,0.005956,80664.3671875,2026-05-09,0.008563,2326.727294921875,2026-05-09,,,,,2026-05-09,0.007606,0.007606,NASDAQ,0.5313,0.01,unknown,unknown,unknown,unknown,up,retrospective_derived,2026-08-31T03:54:07Z
2026-05-10,,,,,,,,,,,,,,,,,,,,,,0.01828,82138.9296875,2026-05-10,0.018187,2369.0439453125,2026-05-10,,,,,2026-05-10,0.0,0.007606,NASDAQ,0.5865,0.0048,unknown,unknown,unknown,unknown,up,retrospective_derived,2026-08-31T03:54:07Z
2026-05-11,0.001022,97.94000244140624,2026-05-11,-0.00036,4718.7001953125,2026-05-11,0.003119,29424.0,2026-05-11,0.002393,7436.75,2026-05-11,0.010541,4.409999847412109,2026-05-11,0.069226,18.3799991607666,2026-05-11,0.027772,98.06999969482422,2026-05-11,-0.004999,81728.296875,2026-05-11,-0.01253,2339.36083984375,2026-05-11,0.000185,156.85800170898438,2026-05-11,,2026-05-11,0.0,0.007606,NASDAQ,0.5849,0.0003,neutral,elevated,unknown,flat,down,retrospective_derived,2026-08-31T03:54:07Z
2026-05-12,0.003574,98.29000091552734,2026-05-12,-0.00871,4677.60009765625,2026-05-12,-0.008632,29170.0,2026-05-12,-0.001378,7426.5,2026-05-12,0.012018,4.4629998207092285,2026-05-12,-0.021219,17.989999771118164,2026-05-12,0.041909,102.18000030517578,2026-05-12,-0.015304,80477.4921875,2026-05-12,-0.027665,2274.6435546875,2026-05-12,0.002378,157.2310028076172,2026-05-12,0.053,2026-05-12,0.002393,0.002393,US10Y,0.6612,0.1,neutral,elevated,up,up,down,retrospective_derived,2026-08-31T03:54:07Z
2026-05-13,0.001933,98.4800033569336,2026-05-13,0.004297,4697.7001953125,2026-05-13,0.010602,29479.25,2026-05-13,0.00579,7469.5,2026-05-13,0.004033,4.480999946594238,2026-05-13,-0.00667,17.8700008392334,2026-05-13,-0.011353,101.0199966430664,2026-05-13,-0.014916,79277.1171875,2026-05-13,-0.007503,2257.576416015625,2026-05-13,0.002798,157.67100524902344,2026-05-13,0.018,2026-05-13,-0.001378,-0.001378,US10Y,0.6388,0.09,neutral,elevated,flat,up,down,retrospective_derived,2026-08-31T03:54:07Z
2026-05-14,0.004062,98.87999725341795,2026-05-14,-0.004172,4678.10009765625,2026-05-14,0.007073,29687.75,2026-05-14,0.007497,7525.5,2026-05-14,-0.004463,4.460999965667725,2026-05-14,-0.034135,17.260000228881836,2026-05-14,0.001485,101.16999816894533,2026-05-14,0.022379,81051.25,2026-05-14,0.010347,2280.934814453125,2026-05-14,0.001142,157.8509979248047,2026-05-14,-0.02,2026-05-14,0.00579,0.00579,US10Y,0.6424,0.1441,risk_on,elevated,flat,up,up,retrospective_derived,2026-08-31T03:54:07Z
2026-05-15,0.003944,99.2699966430664,2026-05-15,-0.026143,4555.7998046875,2026-05-15,-0.01536,29231.75,2026-05-15,-0.012391,7432.25,2026-05-15,0.030038,4.59499979019165,2026-05-15,0.067787,18.43000030517578,2026-05-15,0.042009,105.41999816894533,2026-05-15,-0.024498,79065.6796875,2026-05-15,-0.025255,2223.328857421875,2026-05-15,0.003364,158.3820037841797,2026-05-15,0.134,2026-05-15,0.007497,0.007497,US10Y,0.7812,0.2165,risk_off,elevated,up,up,down,retrospective_derived,2026-08-31T03:54:07Z
2026-05-16,,,,,,,,,,,,,,,,,,,,,,-0.011816,78131.4375,2026-05-16,-0.0196,2179.751953125,2026-05-16,,,,,2026-05-16,-0.012391,-0.012391,US10Y,0.7918,0.2335,unknown,unknown,unknown,unknown,down,retrospective_derived,2026-08-31T03:54:07Z
2026-05-17,,,,,,,,,,,,,,,,,,,,,,-0.008986,77429.3515625,2026-05-17,-0.023905,2127.645263671875,2026-05-17,,,,,2026-05-17,0.0,-0.012391,US10Y,0.8239,0.2223,unknown,unknown,unknown,unknown,down,retrospective_derived,2026-08-31T03:54:07Z
2026-05-18,-0.003022,98.97000122070312,2026-05-18,-0.000724,4552.5,2026-05-18,-0.004644,29096.0,2026-05-18,-0.000875,7425.75,2026-05-18,0.006094,4.623000144958496,2026-05-18,-0.033098,17.81999969482422,2026-05-18,0.030734,108.66000366210938,2026-05-18,-0.006137,76954.171875,2026-05-18,0.000409,2128.51611328125,2026-05-18,0.002917,158.843994140625,2026-05-18,,2026-05-18,0.0,-0.012391,US10Y,0.8524,0.2897,neutral,elevated,unknown,down,down,retrospective_derived,2026-08-31T03:54:07Z
2026-05-19,0.003334,99.3000030517578,2026-05-19,-0.010148,4506.2998046875,2026-05-19,-0.005903,28924.25,2026-05-19,-0.00643,7378.0,2026-05-19,0.009518,4.666999816894531,2026-05-19,0.013468,18.059999465942383,2026-05-19,-0.008191,107.7699966430664,2026-05-19,-0.002641,76750.90625,2026-05-19,-0.008716,2109.9638671875,2026-05-19,0.000107,158.86099243164062,2026-05-19,0.044,2026-05-19,-0.000875,-0.000875,US10Y,0.8092,0.2175,neutral,elevated,up,up,down,retrospective_derived,2026-08-31T03:54:07Z
2026-05-20,-0.001913,99.11000061035156,2026-05-20,0.005548,4531.2998046875,2026-05-20,0.01612,29390.5,2026-05-20,0.009996,7451.75,2026-05-20,-0.020356,4.572000026702881,2026-05-20,-0.03433,17.440000534057617,2026-05-20,-0.088243,98.26000213623048,2026-05-20,0.00921,77457.7734375,2026-05-20,0.008066,2126.9833984375,2026-05-20,0.001095,159.03500366210938,2026-05-20,-0.095,2026-05-20,-0.00643,-0.00643,US10Y,0.8853,0.2415,risk_on,elevated,down,down,up,retrospective_derived,2026-08-31T03:54:07Z
2026-05-21,0.000807,99.19000244140624,2026-05-21,0.001876,4539.7998046875,2026-05-21,0.001931,29447.25,2026-05-21,0.001912,7466.0,2026-05-21,0.003062,4.585999965667725,2026-05-21,-0.038991,16.760000228881836,2026-05-21,-0.019438,96.3499984741211,2026-05-21,0.001051,77539.171875,2026-05-21,0.002081,2131.41064453125,2026-05-21,-0.000924,158.88800048828125,2026-05-21,0.014,2026-05-21,0.009996,0.009996,US10Y,0.905,0.2709,neutral,elevated,flat,flat,flat,retrospective_derived,2026-08-31T03:54:07Z
2026-05-22,0.001311,99.31999969482422,2026-05-22,-0.004141,4521.0,2026-05-22,0.003786,29558.75,2026-05-22,0.003349,7491.0,2026-05-22,-0.006106,4.558000087738037,2026-05-22,-0.00358,16.700000762939453,2026-05-22,0.002595,96.5999984741211,2026-05-22,-0.02645,75488.2421875,2026-05-22,-0.031328,2064.636962890625,2026-05-22,0.000818,159.01800537109375,2026-05-22,-0.028,2026-05-22,0.001912,0.001912,US10Y,0.809,0.2124,neutral,elevated,down,flat,down,retrospective_derived,2026-08-31T03:54:07Z
2026-05-23,,,,,,,,,,,,,,,,,,,,,,0.015699,76673.3671875,2026-05-23,0.024854,2115.951416015625,2026-05-23,,,,,2026-05-23,0.003349,0.003349,US10Y,0.8022,0.2103,unknown,unknown,unknown,unknown,up,retrospective_derived,2026-08-31T03:54:07Z
2026-05-24,,,,,,,,,,,,,,,,,,,,,,0.004014,76981.125,2026-05-24,-0.008487,2097.993896484375,2026-05-24,,,,,2026-05-24,0.0,0.003349,US10Y,0.797,0.1554,unknown,unknown,unknown,unknown,up,retrospective_derived,2026-08-31T03:54:07Z
2026-05-25,,,,,,,,,,,,,,,,-0.006587,16.59000015258789,2026-05-25,,,,0.003882,77279.9296875,2026-05-25,0.006376,2111.370361328125,2026-05-25,-0.000453,158.9459991455078,2026-05-25,,2026-05-25,0.0,0.003349,US10Y,0.8009,0.1939,unknown,elevated,unknown,unknown,up,retrospective_derived,2026-08-31T03:54:07Z
2026-05-26,-0.00151,99.16999816894533,2026-05-26,-0.004557,4500.39990234375,2026-05-26,0.017414,30073.5,2026-05-26,0.006141,7537.0,2026-05-26,-0.014261,4.493000030517578,2026-05-26,0.025316,17.010000228881836,2026-05-26,-0.028054,93.88999938964844,2026-05-26,-0.018817,75825.734375,2026-05-26,-0.019188,2070.858154296875,2026-05-26,5e-05,158.95399475097656,2026-05-26,,2026-05-26,0.0,0.003349,US10Y,0.7188,0.2126,neutral,elevated,unknown,down,down,retrospective_derived,2026-08-31T03:54:07Z
2026-05-27,0.000403,99.20999908447266,2026-05-27,-0.011754,4447.5,2026-05-27,-0.000873,30047.25,2026-05-27,0.000398,7540.0,2026-05-27,-0.002671,4.480999946594238,2026-05-27,-0.042328,16.290000915527344,2026-05-27,-0.05549,88.68000030517578,2026-05-27,-0.019532,74344.703125,2026-05-27,-0.023497,2022.1982421875,2026-05-27,0.001818,159.2429962158203,2026-05-27,-0.012,2026-05-27,0.006141,0.006141,US10Y,0.7115,0.1849,neutral,elevated,flat,flat,down,retrospective_derived,2026-08-31T03:54:07Z
2026-05-28,-0.001915,99.0199966430664,2026-05-28,0.011647,4499.2998046875,2026-05-28,0.008645,30307.0,2026-05-28,0.005537,7581.75,2026-05-28,-0.005802,4.454999923706055,2026-05-28,-0.033763,15.739999771118164,2026-05-28,0.002481,88.9000015258789,2026-05-28,-0.01087,73536.5546875,2026-05-28,-0.007242,2007.552734375,2026-05-28,0.002041,159.5679931640625,2026-05-28,-0.026,2026-05-28,0.000398,0.000398,US10Y,0.7128,0.2446,risk_on,calm,down,down,down,retrospective_derived,2026-08-31T03:54:07Z
2026-05-29,-0.001111,98.91000366210938,2026-05-29,0.013602,4560.5,2026-05-29,0.003242,30405.25,2026-05-29,0.001847,7595.75,2026-05-29,-0.000449,4.453000068664551,2026-05-29,-0.026684,15.31999969482422,2026-05-29,-0.017323,87.36000061035156,2026-05-29,-0.002231,73372.5234375,2026-05-29,0.002205,2011.978515625,2026-05-29,-0.001867,159.27000427246094,2026-05-29,-0.002,2026-05-29,0.005537,0.005537,US10Y,0.6572,0.2203,neutral,calm,flat,flat,down,retrospective_derived,2026-08-31T03:54:07Z
2026-05-30,,,,,,,,,,,,,,,,,,,,,,0.005211,73754.8359375,2026-05-30,0.003718,2019.458251953125,2026-05-30,,,,,2026-05-30,0.001847,0.001847,US10Y,0.6525,0.2138,unknown,unknown,unknown,unknown,up,retrospective_derived,2026-08-31T03:54:07Z
2026-05-31,,,,,,,,,,,,,,,,,,,,,,-0.002375,73579.6875,2026-05-31,-0.007486,2004.341552734375,2026-05-31,,,,,2026-05-31,0.0,0.001847,US10Y,0.6614,0.1908,unknown,unknown,unknown,unknown,down,retrospective_derived,2026-08-31T03:54:07Z
2026-06-01,0.002932,99.1999969482422,2026-06-01,-0.018704,4475.2001953125,2026-06-01,0.005295,30566.25,2026-06-01,0.002304,7613.25,2026-06-01,0.00494,4.474999904632568,2026-06-01,0.04765,16.049999237060547,2026-06-01,0.054945,92.16000366210938,2026-06-01,-0.030714,71319.7734375,2026-06-01,-0.000559,2003.22119140625,2026-06-01,0.000521,159.35299682617188,2026-06-01,,2026-06-01,0.0,0.001847,US10Y,0.5931,0.184,neutral,elevated,unknown,up,down,retrospective_derived,2026-08-31T03:54:07Z
2026-06-02,0.000202,99.22000122070312,2026-06-02,0.003106,4489.10009765625,2026-06-02,0.004793,30712.75,2026-06-02,0.001379,7623.75,2026-06-02,-0.004469,4.454999923706055,2026-06-02,-0.017445,15.770000457763672,2026-06-02,0.017361,93.76000213623048,2026-06-02,-0.064724,66703.65625,2026-06-02,-0.072635,1857.71630859375,2026-06-02,0.001776,159.63600158691406,2026-06-02,-0.02,2026-06-02,0.002304,0.002304,US10Y,0.5646,0.1885,neutral,calm,flat,flat,down,retrospective_derived,2026-08-31T03:54:07Z
2026-06-03,0.003124,99.52999877929688,2026-06-03,-0.011673,4436.7001953125,2026-06-03,-0.002589,30633.25,2026-06-03,-0.006821,7571.75,2026-06-03,0.008081,4.491000175476074,2026-06-03,0.018389,16.059999465942383,2026-06-03,0.024104,96.0199966430664,2026-06-03,-0.040317,64014.3671875,2026-06-03,-0.024753,1811.7322998046875,2026-06-03,0.00208,159.96800231933594,2026-06-03,0.036,2026-06-03,0.001379,0.001379,US10Y,0.6028,0.1821,neutral,elevated,up,up,down,retrospective_derived,2026-08-31T03:54:07Z
2026-06-04,-0.001206,99.41000366210938,2026-06-04,0.008813,4475.7998046875,2026-06-04,-0.004733,30488.25,2026-06-04,0.003863,7601.0,2026-06-04,-0.003117,4.477000236511231,2026-06-04,-0.041096,15.399999618530272,2026-06-04,-0.031035,93.04000091552734,2026-06-04,-0.003324,63801.57421875,2026-06-04,-0.023266,1769.58056640625,2026-06-04,-0.000175,159.94000244140625,2026-06-04,-0.014,2026-06-04,-0.006821,-0.006821,US10Y,0.3523,0.0022,risk_on,calm,flat,flat,down,retrospective_derived,2026-08-31T03:54:07Z
2026-06-05,0.006639,100.06999969482422,2026-06-05,-0.030989,4337.10009765625,2026-06-05,-0.047945,29026.5,2026-06-05,-0.026378,7400.5,2026-06-05,0.013178,4.535999774932861,2026-06-05,0.396753,21.51000022888184,2026-06-05,-0.02687,90.54000091552734,2026-06-05,-0.045123,60922.66796875,2026-06-05,-0.106647,1580.86083984375,2026-06-05,0.000313,159.99000549316406,2026-06-05,0.059,2026-06-05,0.003863,0.003863,NASDAQ,0.5354,0.0404,risk_off,elevated,up,up,down,retrospective_derived,2026-08-31T03:54:07Z
2026-06-06,,,,,,,,,,,,,,,,,,,,,,-0.000907,60867.4140625,2026-06-06,-0.00765,1568.7677001953125,2026-06-06,,,,,2026-06-06,-0.026378,-0.026378,NASDAQ,0.5433,0.0367,unknown,unknown,unknown,unknown,flat,retrospective_derived,2026-08-31T03:54:07Z
2026-06-07,,,,,,,,,,,,,,,,,,,,,,0.038972,63239.51953125,2026-06-07,0.074981,1686.396240234375,2026-06-07,,,,,2026-06-07,0.0,-0.026378,NASDAQ,0.5871,0.0127,unknown,unknown,unknown,unknown,up,retrospective_derived,2026-08-31T03:54:07Z
2026-06-08,-0.0002,100.0500030517578,2026-06-08,-0.000277,4335.89990234375,2026-06-08,0.014754,29454.75,2026-06-08,0.002094,7416.0,2026-06-08,0.003527,4.552000045776367,2026-06-08,-0.120409,18.920000076293945,2026-06-08,0.008394,91.3000030517578,2026-06-08,-0.002355,63090.58984375,2026-06-08,0.002225,1690.1485595703125,2026-06-08,0.002106,160.32699584960938,2026-06-08,,2026-06-08,0.0,-0.026378,NASDAQ,0.6381,0.0498,neutral,elevated,unknown,flat,down,retrospective_derived,2026-08-31T03:54:07Z
2026-06-09,-0.001399,99.91000366210938,2026-06-09,-0.017505,4260.0,2026-06-09,-0.011467,29117.0,2026-06-09,-0.003135,7392.75,2026-06-09,-0.005272,4.527999877929688,2026-06-09,0.050211,19.8700008392334,2026-06-09,-0.033954,88.19999694824219,2026-06-09,-0.022932,61643.78125,2026-06-09,-0.031028,1637.7066650390625,2026-06-09,-0.000954,160.1739959716797,2026-06-09,-0.024,2026-06-09,0.002094,0.002094,VIX,0.6241,0.0071,risk_off,elevated,down,flat,down,retrospective_derived,2026-08-31T03:54:07Z
2026-06-10,0.0004,99.9499969482422,2026-06-10,-0.035634,4108.2001953125,2026-06-10,-0.019336,28554.0,2026-06-10,-0.015454,7278.5,2026-06-10,0.003092,4.541999816894531,2026-06-10,0.118269,22.21999931335449,2026-06-10,0.020748,90.02999877929688,2026-06-10,-0.003155,61449.2890625,2026-06-10,-0.010728,1620.1376953125,2026-06-10,0.001311,160.38400268554688,2026-06-10,0.014,2026-06-10,-0.003135,-0.003135,NASDAQ,0.6537,0.0075,risk_off,elevated,flat,flat,down,retrospective_derived,2026-08-31T03:54:07Z
2026-06-11,-0.0009,99.86000061035156,2026-06-11,-0.004357,4090.300048828125,2026-06-11,0.031896,29464.75,2026-06-11,0.016143,7396.0,2026-06-11,-0.017393,4.4629998207092285,2026-06-11,-0.125112,19.440000534057617,2026-06-11,-0.025769,87.70999908447266,2026-06-11,0.034366,63561.0546875,2026-06-11,0.032184,1672.2806396484375,2026-06-11,0.000892,160.52699279785156,2026-06-11,-0.079,2026-06-11,-0.015454,-0.015454,NASDAQ,0.7896,0.0548,risk_on,elevated,down,flat,up,retrospective_derived,2026-08-31T03:54:07Z
2026-06-12,-0.001102,99.75,2026-06-12,0.030487,4215.0,2026-06-12,0.006694,29662.0,2026-06-12,0.005273,7435.0,2026-06-12,0.005378,4.486999988555908,2026-06-12,-0.090535,17.68000030517578,2026-06-12,-0.032265,84.87999725341797,2026-06-12,-0.000281,63543.19921875,2026-06-12,-0.004277,1665.1278076171875,2026-06-12,-0.002473,160.1300048828125,2026-06-12,0.024,2026-06-12,0.016143,0.016143,NASDAQ,0.7452,0.0124,risk_on,elevated,up,flat,flat,retrospective_derived,2026-08-31T03:54:07Z
2026-06-13,,,,,,,,,,,,,,,,,,,,,,0.013819,64421.32421875,2026-06-13,0.00906,1680.214599609375,2026-06-13,,,,,2026-06-13,0.005273,0.005273,NASDAQ,0.7375,0.0119,unknown,unknown,unknown,unknown,up,retrospective_derived,2026-08-31T03:54:07Z
2026-06-14,,,,,,,,,,,,,,,,,,,,,,0.02001,65710.3984375,2026-06-14,0.026424,1724.61328125,2026-06-14,,,,,2026-06-14,0.0,0.005273,VIX,0.7762,0.0387,unknown,unknown,unknown,unknown,up,retrospective_derived,2026-08-31T03:54:07Z
2026-06-15,-0.001203,99.62999725341795,2026-06-15,0.026809,4328.0,2026-06-15,0.030249,30559.25,2026-06-15,0.01698,7561.25,2026-06-15,-0.004012,4.468999862670898,2026-06-15,-0.08371,16.200000762939453,2026-06-15,-0.048657,80.75,2026-06-15,0.008813,66289.5,2026-06-15,0.040791,1794.961181640625,2026-06-15,-0.001093,159.9550018310547,2026-06-15,,2026-06-15,0.0,0.005273,VIX,0.8523,0.0561,risk_on,elevated,unknown,flat,up,retrospective_derived,2026-08-31T03:54:07Z
2026-06-16,-0.000903,99.54000091552734,2026-06-16,0.00067,4330.89990234375,2026-06-16,-0.018464,29995.0,2026-06-16,-0.005654,7518.5,2026-06-16,-0.009174,4.427999973297119,2026-06-16,0.012963,16.40999984741211,2026-06-16,-0.058204,76.05000305175781,2026-06-16,-0.010392,65600.640625,2026-06-16,-0.002542,1790.398193359375,2026-06-16,0.001713,160.22900390625,2026-06-16,-0.041,2026-06-16,0.01698,0.01698,VIX,0.8324,0.0185,neutral,elevated,down,flat,down,retrospective_derived,2026-08-31T03:54:07Z
2026-06-17,0.005525,100.08999633789062,2026-06-17,0.006465,4358.89990234375,2026-06-17,-0.010252,29687.5,2026-06-17,-0.012502,7424.5,2026-06-17,0.007904,4.4629998207092285,2026-06-17,0.123705,18.440000534057617,2026-06-17,0.00973,76.79000091552734,2026-06-17,-0.018021,64418.4453125,2026-06-17,-0.023745,1747.885498046875,2026-06-17,0.001186,160.41900634765625,2026-06-17,0.035,2026-06-17,-0.005654,-0.005654,VIX,0.887,0.0829,risk_off,elevated,up,up,down,retrospective_derived,2026-08-31T03:54:07Z
2026-06-18,0.007593,100.8499984741211,2026-06-18,-0.030925,4224.10009765625,2026-06-18,0.019397,30263.349609375,2026-06-18,0.011304,7508.43017578125,2026-06-18,-0.002689,4.451000213623047,2026-06-18,-0.110629,16.399999618530273,2026-06-18,-0.002474,76.5999984741211,2026-06-18,-0.023626,62896.47265625,2026-06-18,-0.021942,1709.533447265625,2026-06-18,0.001128,160.60000610351562,2026-06-18,-0.012,2026-06-18,-0.012502,-0.012502,VIX,0.8239,0.0585,risk_on,elevated,flat,up,down,retrospective_derived,2026-08-31T03:54:07Z
2026-06-19,,,,,,,,,,,,,,,,,,,,,,0.010245,63540.8359375,2026-06-19,0.000848,1710.982421875,2026-06-19,0.00429,161.28900146484375,2026-06-19,,2026-06-19,0.011304,0.011304,VIX,0.819,0.0593,unknown,unknown,unknown,unknown,up,retrospective_derived,2026-08-31T03:54:07Z
2026-06-20,,,,,,,,,,,,,,,,,,,,,,0.010998,64239.67578125,2026-06-20,0.016551,1739.3013916015625,2026-06-20,,,,,2026-06-20,0.0,0.011304,VIX,0.8181,0.0603,unknown,unknown,unknown,unknown,up,retrospective_derived,2026-08-31T03:54:07Z
2026-06-21,,,,,,,,,,,,,,,,,,,,,,-0.0156,63237.5390625,2026-06-21,-0.019963,1704.58056640625,2026-06-21,,,,,2026-06-21,0.0,0.011304,VIX,0.8495,0.0388,unknown,unknown,unknown,unknown,down,retrospective_derived,2026-08-31T03:54:07Z
2026-06-22,0.001686,101.0199966430664,2026-06-22,-0.00999,4181.89990234375,2026-06-22,0.012892,30653.5,2026-06-22,0.004371,7541.25,2026-06-22,0.013031,4.508999824523926,2026-06-22,0.053659,17.280000686645508,2026-06-22,-0.023238,74.81999969482422,2026-06-22,0.0113,63952.10546875,2026-06-22,0.012866,1726.5108642578125,2026-06-22,0.000893,161.43299865722656,2026-06-22,,2026-06-22,0.0,0.011304,VIX,0.9001,0.0346,mixed,elevated,unknown,up,up,retrospective_derived,2026-08-31T03:54:07Z
2026-06-23,0.003861,101.41000366210938,2026-06-23,-0.012435,4129.89990234375,2026-06-23,-0.032215,29666.0,2026-06-23,-0.013758,7437.5,2026-06-23,-0.003548,4.493000030517578,2026-06-23,0.127893,19.489999771118164,2026-06-23,-0.021518,73.20999908447266,2026-06-23,-0.020079,62668.01953125,2026-06-23,-0.035374,1665.436767578125,2026-06-23,0.000849,161.57000732421875,2026-06-23,-0.016,2026-06-23,0.004371,0.004371,VIX,0.9951,0.0305,risk_off,elevated,flat,up,down,retrospective_derived,2026-08-31T03:54:07Z
2026-06-24,0.001972,101.61000061035156,2026-06-24,-0.033802,3990.300048828125,2026-06-24,-0.005115,29514.25,2026-06-24,-0.001244,7428.25,2026-06-24,-0.020254,4.401999950408936,2026-06-24,-0.044125,18.6299991607666,2026-06-24,-0.039202,70.33999633789062,2026-06-24,-0.026694,60995.1328125,2026-06-24,-0.027327,1619.9249267578125,2026-06-24,0.000179,161.5989990234375,2026-06-24,-0.091,2026-06-24,-0.013758,-0.013758,NASDAQ,0.9594,0.002,neutral,elevated,down,up,down,retrospective_derived,2026-08-31T03:54:07Z
2026-06-25,-0.001771,101.43000030517578,2026-06-25,0.010074,4030.5,2026-06-25,0.007132,29724.75,2026-06-25,-0.000673,7423.25,2026-06-25,-0.002272,4.392000198364258,2026-06-25,0.013956,18.88999938964844,2026-06-25,0.022462,71.91999816894531,2026-06-25,-0.020878,59721.67578125,2026-06-25,-0.034019,1564.816650390625,2026-06-25,0.001015,161.76300048828125,2026-06-25,-0.01,2026-06-25,-0.001244,-0.001244,NASDAQ,0.6656,0.0811,neutral,elevated,flat,down,down,retrospective_derived,2026-08-31T03:54:07Z
2026-06-26,-0.00069,101.36000061035156,2026-06-26,0.011959,4078.699951171875,2026-06-26,-0.011993,29368.25,2026-06-26,-0.002896,7401.75,2026-06-26,-0.004554,4.372000217437744,2026-06-26,-0.02541,18.40999984741211,2026-06-26,-0.037403,69.2300033569336,2026-06-26,0.004935,60016.4296875,2026-06-26,0.00754,1576.6160888671875,2026-06-26,0.00026,161.80499267578125,2026-06-26,-0.02,2026-06-26,-0.000673,-0.000673,NASDAQ,0.5988,0.0578,neutral,elevated,flat,flat,up,retrospective_derived,2026-08-31T03:54:07Z
2026-06-27,,,,,,,,,,,,,,,,,,,,,,-0.001272,59940.09765625,2026-06-27,-0.003189,1571.5882568359375,2026-06-27,,,,,2026-06-27,-0.002896,-0.002896,NASDAQ,0.5936,0.0534,unknown,unknown,unknown,unknown,flat,retrospective_derived,2026-08-31T03:54:07Z
2026-06-28,,,,,,,,,,,,,,,,,,,,,,-0.006803,59532.33984375,2026-06-28,-0.000781,1570.3612060546875,2026-06-28,,,,,2026-06-28,0.0,-0.002896,NASDAQ,0.6291,0.042,unknown,unknown,unknown,unknown,down,retrospective_derived,2026-08-31T03:54:07Z
2026-06-29,-0.002466,101.11000061035156,2026-06-29,-0.013828,4022.300048828125,2026-06-29,0.023307,30052.75,2026-06-29,0.013308,7500.25,2026-06-29,0.000457,4.374000072479248,2026-06-29,-0.041282,17.649999618530273,2026-06-29,0.021956,70.75,2026-06-29,0.01018,60138.37890625,2026-06-29,0.025373,1610.205810546875,2026-06-29,-0.000111,161.78700256347656,2026-06-29,,2026-06-29,0.0,-0.002896,NASDAQ,0.6816,0.0493,risk_on,elevated,unknown,down,up,retrospective_derived,2026-08-31T03:54:07Z
2026-06-30,0.000791,101.19000244140624,2026-06-30,0.000149,4022.89990234375,2026-06-30,0.015664,30523.5,2026-06-30,0.0064,7548.25,2026-06-30,0.010059,4.418000221252441,2026-06-30,-0.067989,16.450000762939453,2026-06-30,-0.017668,69.5,2026-06-30,-0.026265,58558.859375,2026-06-30,-0.025228,1569.5838623046875,2026-06-30,0.000841,161.92300415039062,2026-06-30,0.044,2026-06-30,0.013308,0.013308,NASDAQ,0.6331,0.124,risk_on,elevated,up,flat,down,retrospective_derived,2026-08-31T03:54:07Z
2026-07-01,0.001976,101.38999938964844,2026-07-01,0.011285,4068.300048828125,2026-07-01,-0.014063,30094.25,2026-07-01,-0.000629,7543.5,2026-07-01,0.012902,4.474999904632568,2026-07-01,0.008511,16.59000015258789,2026-07-01,-0.013237,68.58000183105469,2026-07-01,0.024674,60003.7578125,2026-07-01,0.025087,1608.960693359375,2026-07-01,0.004354,162.6280059814453,2026-07-01,0.057,2026-07-01,0.0064,0.0064,NASDAQ,0.5118,0.1157,neutral,elevated,up,up,up,retrospective_derived,2026-08-31T03:54:07Z
2026-07-02,-0.005227,100.86000061035156,2026-07-02,0.010914,4112.7001953125,2026-07-02,-0.017885,29556.0,2026-07-02,-0.002022,7528.25,2026-07-02,0.002235,4.485000133514404,2026-07-02,-0.026522,16.149999618530273,2026-07-02,0.001604,68.69000244140625,2026-07-02,0.024691,61485.30078125,2026-07-02,0.055445,1698.16943359375,2026-07-02,-0.000547,162.53900146484375,2026-07-02,0.01,2026-07-02,-0.000629,-0.000629,NASDAQ,0.4068,0.029,neutral,elevated,flat,down,up,retrospective_derived,2026-08-31T03:54:07Z
2026-07-03,,,,,,,,,,,,,,,,,,,,,,0.017222,62544.19921875,2026-07-03,0.03436,1756.5186767578125,2026-07-03,-0.006706,161.44900512695312,2026-07-03,,2026-07-03,-0.002022,-0.002022,ETH,0.4214,0.0181,unknown,unknown,unknown,unknown,up,retrospective_derived,2026-08-31T03:54:07Z
2026-07-04,,,,,,,,,,,,,,,,,,,,,,0.0087,63088.3046875,2026-07-04,0.012818,1779.032958984375,2026-07-04,,,,,2026-07-04,0.0,-0.002022,ETH,0.4135,0.0085,unknown,unknown,unknown,unknown,up,retrospective_derived,2026-08-31T03:54:07Z
2026-07-05,,,,,,,,,,,,,,,,,,,,,,0.007285,63547.8828125,2026-07-05,0.002233,1783.0059814453125,2026-07-05,,,,,2026-07-05,0.0,-0.002022,NASDAQ,0.4484,0.1177,unknown,unknown,unknown,unknown,up,retrospective_derived,2026-08-31T03:54:07Z
2026-07-06,-9.9e-05,100.8499984741211,2026-07-06,0.01031,4155.10009765625,2026-07-06,0.013026,29941.0,2026-07-06,0.008402,7591.5,2026-07-06,-0.001338,4.479000091552734,2026-07-06,-0.035913,15.56999969482422,2026-07-06,-0.002038,68.55000305175781,2026-07-06,0.007036,63995.015625,2026-07-06,0.00817,1797.57373046875,2026-07-06,1.9e-05,161.45199584960938,2026-07-06,,2026-07-06,0.0,-0.002022,NASDAQ,0.3826,0.0382,risk_on,calm,unknown,flat,up,retrospective_derived,2026-08-31T03:54:07Z
2026-07-07,0.002876,101.13999938964844,2026-07-07,-0.002359,4145.2998046875,2026-07-07,-0.018353,29391.5,2026-07-07,-0.005302,7551.25,2026-07-07,0.011163,4.52899980545044,2026-07-07,0.035967,16.1299991607666,2026-07-07,0.027571,70.44000244140625,2026-07-07,-0.010901,63297.39453125,2026-07-07,-0.016167,1768.511474609375,2026-07-07,0.003939,162.08799743652344,2026-07-07,0.05,2026-07-07,0.008402,0.008402,NASDAQ,0.3918,0.0623,risk_off,elevated,up,up,down,retrospective_derived,2026-08-31T03:54:07Z
2026-07-08,-0.00089,101.0500030517578,2026-07-08,-0.017948,4070.89990234375,2026-07-08,0.00262,29468.5,2026-07-08,-0.00298,7528.75,2026-07-08,0.008832,4.568999767303467,2026-07-08,0.047737,16.899999618530273,2026-07-08,0.043725,73.5199966430664,2026-07-08,-0.016428,62257.57421875,2026-07-08,-0.014608,1742.6776123046875,2026-07-08,0.001697,162.36300659179688,2026-07-08,0.04,2026-07-08,-0.005302,-0.005302,NASDAQ,0.3638,0.0198,neutral,elevated,up,flat,down,retrospective_derived,2026-08-31T03:54:07Z
2026-07-09,-0.001089,100.94000244140624,2026-07-09,0.014665,4130.60009765625,2026-07-09,0.015898,29937.0,2026-07-09,0.007969,7588.75,2026-07-09,-0.006566,4.539000034332275,2026-07-09,-0.062722,15.84000015258789,2026-07-09,-0.019586,72.08000183105469,2026-07-09,0.015027,63193.1484375,2026-07-09,0.001037,1744.484619140625,2026-07-09,0.001084,162.53900146484375,2026-07-09,-0.03,2026-07-09,-0.00298,-0.00298,NASDAQ,0.3449,0.0037,risk_on,calm,down,flat,up,retrospective_derived,2026-08-31T03:54:07Z
2026-07-10,0.000297,100.97000122070312,2026-07-10,-0.006416,4104.10009765625,2026-07-10,0.003182,30032.25,2026-07-10,0.004151,7620.25,2026-07-10,0.006609,4.568999767303467,2026-07-10,-0.051136,15.029999732971191,2026-07-10,-0.009295,71.41000366210938,2026-07-10,0.01478,64127.140625,2026-07-10,0.029355,1795.6932373046875,2026-07-10,-0.001083,162.36300659179688,2026-07-10,0.03,2026-07-10,0.007969,0.007969,ETH,0.357,0.0236,risk_on,calm,up,flat,up,retrospective_derived,2026-08-31T03:54:07Z
2026-07-11,,,,,,,,,,,,,,,,,,,,,,-0.00507,63802.02734375,2026-07-11,-0.004229,1788.099609375,2026-07-11,,,,,2026-07-11,0.004151,0.004151,ETH,0.3431,0.0113,unknown,unknown,unknown,unknown,down,retrospective_derived,2026-08-31T03:54:07Z
2026-07-12,,,,,,,,,,,,,,,,,,,,,,-0.000687,63758.21875,2026-07-12,0.009892,1805.7880859375,2026-07-12,,,,,2026-07-12,0.0,0.004151,NASDAQ,0.361,0.014,unknown,unknown,unknown,unknown,flat,retrospective_derived,2026-08-31T03:54:07Z
2026-07-13,0.00307,101.27999877929688,2026-07-13,-0.026096,3997.0,2026-07-13,-0.01853,29475.75,2026-07-13,-0.007513,7563.0,2026-07-13,0.008755,4.609000205993652,2026-07-13,0.141717,17.15999984741211,2026-07-13,0.094244,78.13999938964844,2026-07-13,-0.023826,62239.12109375,2026-07-13,-0.01788,1773.500732421875,2026-07-13,-0.002987,161.8780059814453,2026-07-13,,2026-07-13,0.0,0.004151,VIX,0.3801,0.0572,risk_off,elevated,unknown,up,down,retrospective_derived,2026-08-31T03:54:07Z
2026-07-14,-0.003357,100.94000244140624,2026-07-14,0.016037,4061.10009765625,2026-07-14,0.01067,29790.25,2026-07-14,0.003735,7591.25,2026-07-14,-0.005207,4.585000038146973,2026-07-14,-0.038462,16.5,2026-07-14,0.015357,79.33999633789062,2026-07-14,0.043654,64956.11328125,2026-07-14,0.065396,1889.4798583984373,2026-07-14,0.003404,162.4290008544922,2026-07-14,-0.024,2026-07-14,-0.007513,-0.007513,VIX,0.4523,0.0544,risk_on,elevated,down,down,up,retrospective_derived,2026-08-31T03:54:07Z
2026-07-15,-0.004359,100.5,2026-07-15,-0.004211,4044.0,2026-07-15,-0.003256,29693.25,2026-07-15,0.003096,7614.75,2026-07-15,-0.008724,4.545000076293945,2026-07-15,-0.050303,15.670000076293944,2026-07-15,0.003277,79.5999984741211,2026-07-15,-0.003752,64712.375,2026-07-15,0.014535,1916.9437255859373,2026-07-15,-0.00149,162.18699645996094,2026-07-15,-0.04,2026-07-15,0.003735,0.003735,VIX,0.4776,0.091,risk_on,calm,down,down,down,retrospective_derived,2026-08-31T03:54:07Z
2026-07-16,0.002289,100.7300033569336,2026-07-16,-0.014441,3985.60009765625,2026-07-16,-0.015744,29225.75,2026-07-16,-0.004859,7577.75,2026-07-16,0.00528,4.568999767303467,2026-07-16,0.067645,16.729999542236328,2026-07-16,-0.008166,78.94999694824219,2026-07-16,-0.014265,63789.28125,2026-07-16,-0.02804,1863.193359375,2026-07-16,-0.000709,162.07200622558594,2026-07-16,0.024,2026-07-16,0.003096,0.003096,VIX,0.5513,0.1177,risk_off,elevated,up,up,down,retrospective_derived,2026-08-31T03:54:07Z
2026-07-17,0.000199,100.75,2026-07-17,0.006799,4012.699951171875,2026-07-17,-0.015483,28773.25,2026-07-17,-0.010557,7497.75,2026-07-17,-0.006128,4.540999889373779,2026-07-17,0.121937,18.770000457763672,2026-07-17,0.044839,82.48999786376953,2026-07-17,0.001727,63899.4609375,2026-07-17,-0.011918,1840.9881591796875,2026-07-17,0.001876,162.37600708007812,2026-07-17,-0.028,2026-07-17,-0.004859,-0.004859,VIX,0.532,0.0943,risk_off,elevated,down,flat,up,retrospective_derived,2026-08-31T03:54:07Z
2026-07-18,,,,,,,,,,,,,,,,,,,,,,0.01404,64796.6015625,2026-07-18,0.011083,1861.39208984375,2026-07-18,,,,,2026-07-18,-0.010557,-0.010557,VIX,0.5389,0.0919,unknown,unknown,unknown,unknown,up,retrospective_derived,2026-08-31T03:54:07Z
2026-07-19,,,,,,,,,,,,,,,,,,,,,,-0.001633,64690.8046875,2026-07-19,0.005435,1871.508544921875,2026-07-19,,,,,2026-07-19,0.0,-0.010557,VIX,0.5666,0.124,unknown,unknown,unknown,unknown,down,retrospective_derived,2026-08-31T03:54:07Z
2026-07-20,0.002382,100.98999786376952,2026-07-20,-0.000598,4010.300048828125,2026-07-20,0.000191,28778.75,2026-07-20,-0.001801,7484.25,2026-07-20,0.012552,4.5980000495910645,2026-07-20,-0.006393,18.649999618530277,2026-07-20,0.008971,83.2300033569336,2026-07-20,0.008335,65230.02734375,2026-07-20,0.017232,1903.7589111328125,2026-07-20,0.000837,162.51199340820312,2026-07-20,,2026-07-20,0.0,-0.010557,VIX,0.5746,0.0955,neutral,elevated,unknown,up,up,retrospective_derived,2026-08-31T03:54:07Z
2026-07-21,0.001881,101.18000030517578,2026-07-21,0.015161,4071.10009765625,2026-07-21,0.018668,29316.0,2026-07-21,0.008217,7545.75,2026-07-21,0.006525,4.627999782562256,2026-07-21,-0.085791,17.049999237060547,2026-07-21,0.020185,84.91000366210938,2026-07-21,0.019548,66505.125,2026-07-21,0.012935,1928.3837890625,2026-07-21,-0.000154,162.48699951171875,2026-07-21,0.03,2026-07-21,-0.001801,-0.001801,VIX,0.6188,0.1168,risk_on,elevated,up,up,up,retrospective_derived,2026-08-31T03:54:07Z
2026-07-22,-0.000395,101.13999938964844,2026-07-22,0.018619,4146.89990234375,2026-07-22,-0.004596,29181.25,2026-07-22,-0.000729,7540.25,2026-07-22,0.006266,4.6570000648498535,2026-07-22,-0.024047,16.639999389648438,2026-07-22,0.022612,86.83000183105469,2026-07-22,-0.00608,66100.796875,2026-07-22,0.002648,1933.4901123046875,2026-07-22,0.004302,163.18600463867188,2026-07-22,0.029,2026-07-22,0.008217,0.008217,VIX,0.6315,0.1338,neutral,elevated,up,flat,down,retrospective_derived,2026-08-31T03:54:07Z
2026-07-23,0.002867,101.43000030517578,2026-07-23,-0.024187,4046.60009765625,2026-07-23,-0.019208,28620.75,2026-07-23,-0.012632,7445.0,2026-07-23,0.009878,4.703000068664551,2026-07-23,0.123798,18.700000762939453,2026-07-23,0.06173,92.19000244140624,2026-07-23,-0.015975,65044.8125,2026-07-23,-0.029165,1877.1002197265625,2026-07-23,-0.000644,163.08099365234375,2026-07-23,0.046,2026-07-23,-0.000729,-0.000729,VIX,0.7271,0.129,risk_off,elevated,up,up,down,retrospective_derived,2026-08-31T03:54:07Z
2026-07-24,0.000394,101.47000122070312,2026-07-24,0.00519,4067.60009765625,2026-07-24,-0.011827,28282.25,2026-07-24,0.000336,7447.5,2026-07-24,-0.005103,4.678999900817871,2026-07-24,-0.006417,18.57999992370605,2026-07-24,-0.03124,89.30999755859375,2026-07-24,-0.014549,64098.49609375,2026-07-24,-0.009016,1860.1767578125,2026-07-24,0.004605,163.83200073242188,2026-07-24,-0.024,2026-07-24,-0.012632,-0.012632,VIX,0.6822,0.1018,neutral,elevated,down,flat,down,retrospective_derived,2026-08-31T03:54:07Z
2026-07-25,,,,,,,,,,,,,,,,,,,,,,0.003328,64311.8125,2026-07-25,0.007013,1873.222412109375,2026-07-25,,,,,2026-07-25,0.000336,0.000336,VIX,0.6943,0.1054,unknown,unknown,unknown,unknown,up,retrospective_derived,2026-08-31T03:54:07Z
2026-07-26,,,,,,,,,,,,,,,,,,,,,,0.015992,65340.30078125,2026-07-26,0.042808,1953.4112548828125,2026-07-26,,,,,2026-07-26,0.0,0.000336,VIX,0.7137,0.1241,unknown,unknown,unknown,unknown,up,retrospective_derived,2026-08-31T03:54:07Z
2026-07-27,0.000394,101.51000213623048,2026-07-27,0.001696,4074.5,2026-07-27,-0.003262,28190.0,2026-07-27,0.000101,7448.25,2026-07-27,-0.008121,4.640999794006348,2026-07-27,0.004844,18.670000076293945,2026-07-27,-0.07502,82.61000061035156,2026-07-27,-0.024723,63724.8984375,2026-07-27,-0.032148,1890.613525390625,2026-07-27,-0.001349,163.61099243164062,2026-07-27,,2026-07-27,0.0,0.000336,VIX,0.671,0.0903,neutral,elevated,unknown,flat,down,retrospective_derived,2026-08-31T03:54:07Z
2026-07-28,-0.001281,101.37999725341795,2026-07-28,-0.009375,4036.300048828125,2026-07-28,-0.009507,27922.0,2026-07-28,0.002282,7465.25,2026-07-28,-0.007972,4.604000091552734,2026-07-28,-0.024639,18.209999084472656,2026-07-28,-0.040552,79.26000213623047,2026-07-28,0.002298,63871.36328125,2026-07-28,0.015516,1919.948486328125,2026-07-28,0.000978,163.77099609375,2026-07-28,-0.037,2026-07-28,0.000101,0.000101,VIX,0.6525,0.1268,neutral,elevated,down,flat,up,retrospective_derived,2026-08-31T03:54:07Z
2026-07-29,-0.005721,100.8000030517578,2026-07-29,-0.000396,4034.699951171875,2026-07-29,-0.020772,27342.0,2026-07-29,-0.015271,7351.25,2026-07-29,0.00391,4.622000217437744,2026-07-29,0.134542,20.65999984741211,2026-07-29,0.065607,84.45999908447266,2026-07-29,0.000576,63908.16796875,2026-07-29,-0.005953,1908.51904296875,2026-07-29,0.000568,163.86399841308594,2026-07-29,0.018,2026-07-29,0.002282,0.002282,VIX,0.639,0.1743,risk_off,elevated,flat,down,flat,retrospective_derived,2026-08-31T03:54:07Z
2026-07-30,-0.007837,100.01000213623048,2026-07-30,0.016209,4100.10009765625,2026-07-30,0.032761,28237.75,2026-07-30,0.016494,7472.5,2026-07-30,0.008871,4.663000106811523,2026-07-30,-0.172798,17.09000015258789,2026-07-30,-0.010301,83.58999633789062,2026-07-30,0.012786,64725.30859375,2026-07-30,0.004639,1917.3729248046875,2026-07-30,-0.003442,163.3000030517578,2026-07-30,0.041,2026-07-30,-0.015271,-0.015271,VIX,0.6918,0.1009,risk_on,elevated,up,down,up,retrospective_derived,2026-08-31T03:54:07Z
2026-07-31,-0.0021,99.8000030517578,2026-07-31,-0.012439,4049.10009765625,2026-07-31,0.005896,28404.25,2026-07-31,0.006256,7519.25,2026-07-31,0.017585,4.744999885559082,2026-07-31,-0.064365,15.989999771118164,2026-07-31,0.01292,84.66999816894531,2026-07-31,-0.029533,62813.74609375,2026-07-31,-0.029742,1860.345947265625,2026-07-31,-0.019088,160.18299865722656,2026-07-31,0.082,2026-07-31,0.016494,0.016494,VIX,0.6545,0.1056,risk_on,calm,up,down,down,retrospective_derived,2026-08-31T03:54:07Z
2026-08-01,,,,,,,,,,,,,,,,,,,,,,-0.000803,62763.3203125,2026-08-01,-0.0091,1843.417724609375,2026-08-01,,,,,2026-08-01,0.006256,0.006256,VIX,0.6545,0.1056,unknown,unknown,unknown,unknown,flat,retrospective_derived,2026-08-31T03:54:07Z
2026-08-02,,,,,,,,,,,,,,,,,,,,,,0.011451,63482.0,2026-08-02,0.021213,1882.52197265625,2026-08-02,,,,,2026-08-02,0.0,0.006256,VIX,0.5776,0.0651,unknown,unknown,unknown,unknown,up,retrospective_derived,2026-08-31T03:54:07Z
2026-08-03,0.001603,99.95999908447266,2026-08-03,-0.003803,4033.699951171875,2026-08-03,0.017163,28891.75,2026-08-03,0.014496,7628.25,2026-08-03,-0.012434,4.685999870300293,2026-08-03,-0.00813,15.859999656677246,2026-08-03,-0.05114,80.33999633789062,2026-08-03,-0.000332,63460.8984375,2026-08-03,-0.01289,1858.2564697265625,2026-08-03,-0.016238,157.58200073242188,2026-08-03,,2026-08-03,0.0,0.006256,VIX,0.5459,0.0447,neutral,calm,unknown,up,flat,retrospective_derived,2026-08-31T03:54:07Z
2026-08-04,-0.0007,99.88999938964844,2026-08-04,0.015296,4095.39990234375,2026-08-04,0.033634,29863.5,2026-08-04,0.017992,7765.5,2026-08-04,-0.012591,4.626999855041504,2026-08-04,0.040353,16.5,2026-08-04,-0.056883,75.7699966430664,2026-08-04,0.009377,64055.953125,2026-08-04,0.005451,1868.3858642578125,2026-08-04,-0.000336,157.5290069580078,2026-08-04,-0.059,2026-08-04,0.014496,0.014496,NASDAQ,0.5765,0.0092,mixed,elevated,down,flat,up,retrospective_derived,2026-08-31T03:54:07Z
2026-08-05,-0.002002,99.69000244140624,2026-08-05,0.036724,4245.7998046875,2026-08-05,-0.008321,29615.0,2026-08-05,-0.00206,7749.5,2026-08-05,-0.002161,4.617000102996826,2026-08-05,-0.041818,15.8100004196167,2026-08-05,-0.007259,75.22000122070312,2026-08-05,0.008454,64597.5,2026-08-05,0.020413,1906.5260009765625,2026-08-05,0.001035,157.69200134277344,2026-08-05,-0.01,2026-08-05,0.017992,0.017992,SPX,0.4964,0.0208,neutral,calm,flat,down,up,retrospective_derived,2026-08-31T03:54:07Z
2026-08-06,0.002809,99.97000122070312,2026-08-06,-0.000895,4242.0,2026-08-06,-0.00428,29488.25,2026-08-06,-0.001903,7734.75,2026-08-06,0.011479,4.670000076293945,2026-08-06,-0.041746,15.149999618530272,2026-08-06,0.027519,77.29000091552734,2026-08-06,-0.005192,64262.11328125,2026-08-06,-0.002344,1902.0574951171875,2026-08-06,-0.000583,157.60000610351562,2026-08-06,0.053,2026-08-06,-0.00206,-0.00206,SPX,0.4836,0.0232,neutral,calm,up,up,down,retrospective_derived,2026-08-31T03:54:07Z
2026-08-07,-0.003701,99.5999984741211,2026-08-07,0.023267,4340.7001953125,2026-08-07,0.01175,29834.75,2026-08-07,0.005818,7779.75,2026-08-07,-0.002141,4.659999847412109,2026-08-07,-0.016502,14.899999618530272,2026-08-07,0.011515,78.18000030517578,2026-08-07,0.009618,64880.19140625,2026-08-07,0.0059,1913.2794189453125,2026-08-07,0.005133,158.40899658203125,2026-08-07,-0.01,2026-08-07,-0.001903,-0.001903,SPX,0.4777,0.0211,neutral,calm,flat,down,up,retrospective_derived,2026-08-31T03:54:07Z
2026-08-08,,,,,,,,,,,,,,,,,,,,,,0.000378,64904.6875,2026-08-08,0.001178,1915.532958984375,2026-08-08,,,,,2026-08-08,0.005818,0.005818,SPX,0.473,0.0214,unknown,unknown,unknown,unknown,flat,retrospective_derived,2026-08-31T03:54:07Z
2026-08-09,,,,,,,,,,,,,,,,,,,,,,-0.000921,64844.88671875,2026-08-09,-0.003576,1908.6827392578125,2026-08-09,,,,,2026-08-09,0.0,0.005818,SPX,0.5013,0.0134,unknown,unknown,unknown,unknown,flat,retrospective_derived,2026-08-31T03:54:07Z
2026-08-10,0.002108,99.80999755859376,2026-08-10,0.004861,4361.7998046875,2026-08-10,-0.003276,29737.0,2026-08-10,-0.000386,7776.75,2026-08-10,0.008369,4.698999881744385,2026-08-10,0.037584,15.460000038146973,2026-08-10,0.050524,82.12999725341797,2026-08-10,-0.014408,63910.5859375,2026-08-10,-0.019597,1871.2786865234373,2026-08-10,-0.00327,157.89100646972656,2026-08-10,,2026-08-10,0.0,0.005818,USDJPY,0.5221,0.0441,neutral,calm,unknown,up,down,retrospective_derived,2026-08-31T03:54:07Z
2026-08-11,0.0001,99.81999969482422,2026-08-11,0.00486,4383.0,2026-08-11,-0.003733,29626.0,2026-08-11,-0.003761,7747.5,2026-08-11,-0.003192,4.684000015258789,2026-08-11,-0.011643,15.279999732971191,2026-08-11,0.013028,83.19999694824219,2026-08-11,-0.005613,63551.875,2026-08-11,0.005395,1881.37353515625,2026-08-11,0.008012,159.156005859375,2026-08-11,-0.015,2026-08-11,-0.000386,-0.000386,USDJPY,0.5404,0.0429,neutral,calm,flat,flat,down,retrospective_derived,2026-08-31T03:54:07Z
2026-08-12,0.001903,100.01000213623048,2026-08-12,0.005909,4408.89990234375,2026-08-12,0.007671,29853.25,2026-08-12,0.002969,7770.5,2026-08-12,-0.000427,4.682000160217285,2026-08-12,-0.047775,14.550000190734863,2026-08-12,0.000841,83.2699966430664,2026-08-12,-0.002351,63402.43359375,2026-08-12,-0.001721,1878.135009765625,2026-08-12,0.000685,159.26499938964844,2026-08-12,-0.002,2026-08-12,-0.003761,-0.003761,USDJPY,0.5882,0.2254,neutral,calm,flat,up,down,retrospective_derived,2026-08-31T03:54:07Z
2026-08-13,-0.0005,99.95999908447266,2026-08-13,-0.010275,4363.60009765625,2026-08-13,0.01123,30188.5,2026-08-13,0.006692,7822.5,2026-08-13,-0.008757,4.640999794006348,2026-08-13,0.005498,14.630000114440918,2026-08-13,-0.024258,81.25,2026-08-13,-4e-06,63402.171875,2026-08-13,0.003118,1883.9913330078125,2026-08-13,0.000396,159.3280029296875,2026-08-13,-0.041,2026-08-13,0.002969,0.002969,USDJPY,0.57,0.183,neutral,calm,down,flat,flat,retrospective_derived,2026-08-31T03:54:07Z
2026-08-14,-0.002901,99.66999816894533,2026-08-14,0.00385,4380.39990234375,2026-08-14,-0.001549,30141.75,2026-08-14,-0.002237,7805.0,2026-08-14,0.011851,4.696000099182129,2026-08-14,-0.025974,14.25,2026-08-14,0.014154,82.4000015258789,2026-08-14,-0.006728,62975.59375,2026-08-14,-0.001774,1880.6500244140625,2026-08-14,0.000615,159.42599487304688,2026-08-14,0.055,2026-08-14,0.006692,0.006692,USDJPY,0.5304,0.1586,neutral,calm,up,down,down,retrospective_derived,2026-08-31T03:54:07Z
2026-08-15,,,,,,,,,,,,,,,,,,,,,,0.000774,63024.3203125,2026-08-15,0.000137,1880.9083251953125,2026-08-15,,,,,2026-08-15,-0.002237,-0.002237,USDJPY,0.5305,0.1546,unknown,unknown,unknown,unknown,flat,retrospective_derived,2026-08-31T03:54:07Z
2026-08-16,,,,,,,,,,,,,,,,,,,,,,-0.003263,62818.65234375,2026-08-16,-0.003703,1873.9429931640625,2026-08-16,,,,,2026-08-16,0.0,-0.002237,USDJPY,0.6041,0.186,unknown,unknown,unknown,unknown,down,retrospective_derived,2026-08-31T03:54:07Z
2026-08-17,-0.000301,99.63999938964844,2026-08-17,0.008538,4417.7998046875,2026-08-17,-0.001518,30096.0,2026-08-17,-0.004644,7768.75,2026-08-17,0.005962,4.723999977111816,2026-08-17,0.065965,15.1899995803833,2026-08-17,0.025485,84.5,2026-08-17,0.026865,64506.25390625,2026-08-17,0.020416,1912.2021484375,2026-08-17,-0.001273,159.22300720214844,2026-08-17,,2026-08-17,0.0,-0.002237,USDJPY,0.5966,0.159,risk_off,calm,unknown,flat,up,retrospective_derived,2026-08-31T03:54:07Z
2026-08-18,0.0001,99.6500015258789,2026-08-18,-0.011725,4366.0,2026-08-18,-0.016946,29586.0,2026-08-18,-0.007047,7714.0,2026-08-18,-0.00381,4.705999851226807,2026-08-18,0.042791,15.84000015258789,2026-08-18,0.005207,84.94000244140625,2026-08-18,0.002704,64680.7109375,2026-08-18,0.002226,1916.4595947265625,2026-08-18,0.000735,159.33999633789062,2026-08-18,-0.018,2026-08-18,-0.004644,-0.004644,USDJPY,0.5866,0.1669,risk_off,calm,flat,flat,up,retrospective_derived,2026-08-31T03:54:07Z
2026-08-19,-0.008229,98.83000183105467,2026-08-19,0.028264,4489.39990234375,2026-08-19,-0.002476,29512.75,2026-08-19,0.001945,7729.0,2026-08-19,-0.011262,4.652999877929688,2026-08-19,-0.059975,14.890000343322754,2026-08-19,0.010478,85.83000183105469,2026-08-19,0.070894,69266.1875,2026-08-19,0.174801,2251.4580078125,2026-08-19,0.001318,159.5500030517578,2026-08-19,-0.053,2026-08-19,-0.007047,-0.007047,USDJPY,0.5127,0.1123,neutral,calm,down,down,up,retrospective_derived,2026-08-31T03:54:07Z
2026-08-20,0.000708,98.9000015258789,2026-08-20,0.005992,4516.2998046875,2026-08-20,-0.007192,29300.5,2026-08-20,-0.008604,7662.5,2026-08-20,0.009241,4.696000099182129,2026-08-20,0.075218,16.010000228881836,2026-08-20,0.023302,87.83000183105469,2026-08-20,0.054378,73032.7578125,2026-08-20,0.033279,2326.384765625,2026-08-20,-0.007985,158.2760009765625,2026-08-20,0.043,2026-08-20,0.001945,0.001945,ETH,0.352,0.0156,risk_off,elevated,up,flat,up,retrospective_derived,2026-08-31T03:54:07Z
2026-08-21,-0.001011,98.8000030517578,2026-08-21,0.023869,4624.10009765625,2026-08-21,0.002978,29387.75,2026-08-21,0.003752,7691.25,2026-08-21,0.008944,4.73799991607666,2026-08-21,-0.054966,15.130000114440918,2026-08-21,-0.008767,87.05999755859375,2026-08-21,0.072603,78335.1875,2026-08-21,0.081198,2515.28173828125,2026-08-21,0.003835,158.88299560546875,2026-08-21,0.042,2026-08-21,-0.008604,-0.008604,ETH,0.4047,0.0823,risk_on,calm,up,flat,up,retrospective_derived,2026-08-31T03:54:07Z
2026-08-22,,,,,,,,,,,,,,,,,,,,,,-0.01598,77083.4140625,2026-08-22,-0.036191,2424.251220703125,2026-08-22,,,,,2026-08-22,0.003752,0.003752,ETH,0.4147,0.0936,unknown,unknown,unknown,unknown,down,retrospective_derived,2026-08-31T03:54:07Z
2026-08-23,,,,,,,,,,,,,,,,,,,,,,0.008716,77755.265625,2026-08-23,0.01632,2463.81591796875,2026-08-23,,,,,2026-08-23,0.0,0.003752,ETH,0.4018,0.0371,unknown,unknown,unknown,unknown,up,retrospective_derived,2026-08-31T03:54:07Z
2026-08-24,0.002024,99.0,2026-08-24,0.003611,4640.7998046875,2026-08-24,-0.009596,29105.75,2026-08-24,-0.002795,7669.75,2026-08-24,-0.007176,4.703999996185303,2026-08-24,0.047588,15.850000381469728,2026-08-24,-0.023547,85.01000213623047,2026-08-24,0.015552,78964.484375,2026-08-24,0.007312,2481.831298828125,2026-08-24,0.000132,158.9040069580078,2026-08-24,,2026-08-24,0.0,0.003752,ETH,0.4275,0.0722,neutral,calm,unknown,up,up,retrospective_derived,2026-08-31T03:54:07Z
2026-08-25,-0.000808,98.91999816894533,2026-08-25,-0.000582,4638.10009765625,2026-08-25,0.005875,29276.75,2026-08-25,0.002901,7692.0,2026-08-25,-0.013818,4.638999938964844,2026-08-25,-0.025237,15.449999809265137,2026-08-25,-0.031173,82.36000061035156,2026-08-25,-0.005059,78564.9765625,2026-08-25,-0.015582,2443.159423828125,2026-08-25,0.001479,159.13900756835938,2026-08-25,-0.065,2026-08-25,-0.002795,-0.002795,ETH,0.4051,0.0675,neutral,calm,down,flat,down,retrospective_derived,2026-08-31T03:54:07Z
2026-08-26,0.002527,99.16999816894533,2026-08-26,-0.008603,4598.2001953125,2026-08-26,0.000435,29289.5,2026-08-26,-0.00026,7690.0,2026-08-26,0.005389,4.664000034332275,2026-08-26,-0.015534,15.210000038146973,2026-08-26,-0.001578,82.2300033569336,2026-08-26,0.005886,79027.421875,2026-08-26,0.025828,2506.260986328125,2026-08-26,0.000528,159.22300720214844,2026-08-26,0.025,2026-08-26,0.002901,0.002901,ETH,0.4105,0.0751,neutral,calm,up,up,up,retrospective_derived,2026-08-31T03:54:07Z
2026-08-27,-0.000101,99.16000366210938,2026-08-27,0.002501,4609.7001953125,2026-08-27,0.01387,29695.75,2026-08-27,0.006827,7742.5,2026-08-27,0.001715,4.671999931335449,2026-08-27,-0.046022,14.510000228881836,2026-08-27,0.015809,83.52999877929688,2026-08-27,0.015566,80257.5390625,2026-08-27,0.001656,2510.41015625,2026-08-27,0.000201,159.2550048828125,2026-08-27,0.008,2026-08-27,-0.00026,-0.00026,ETH,0.4336,0.0966,risk_on,calm,flat,flat,up,retrospective_derived,2026-08-31T03:54:07Z
2026-08-28,,,,-0.028549,4478.10009765625,2026-08-28,-0.00687,29491.75,2026-08-28,-0.002648,7722.0,2026-08-28,,,,,,,-0.001556,83.4000015258789,2026-08-28,-0.030243,77830.2890625,2026-08-28,-0.027037,2442.535888671875,2026-08-28,0.000414,159.3209991455078,2026-08-28,,2026-08-28,0.006827,0.006827,ETH,0.4481,0.0879,unknown,unknown,unknown,unknown,down,retrospective_derived,2026-08-31T03:54:07Z
2026-08-30,0.004387,99.59500122070312,2026-08-30,-0.001206,4472.7001953125,2026-08-30,-0.004967,29345.25,2026-08-30,-0.003885,7692.0,2026-08-30,,,,,,,0.020504,85.11000061035156,2026-08-30,,,,,,,,,,,2026-08-30,-0.002648,-0.002648,ETH,0.4677,0.0873,unknown,unknown,unknown,up,unknown,retrospective_derived,2026-08-31T03:54:07Z
2026-08-31,,,,,,,,,,,,,,,,,,,,,,-0.00057,77785.953125,2026-08-31,-0.008543,2421.669921875,2026-08-31,0.003013,159.80099487304688,2026-08-31,,2026-08-31,-0.003885,-0.003885,ETH,0.4589,0.0406,unknown,unknown,unknown,unknown,flat,retrospective_derived,2026-08-31T03:54:07Z
