date,signal_id,asset,side,rank,actionable,reference_price,risk_unit,anchor_close,fwd_return_1d,fwd_return_3d,fwd_return_5d,fwd_return_10d,r_close_1d,r_close_3d,r_close_5d,r_close_10d,entry_touched_5d,data_quality,result_5d,result_10d,status,verified_status,scored_at_utc
2026-06-08,20260608_BTC_SHORT_A-MOMENTUM,BTC,SHORT,B,True,65000.0,4000.0,60867.414062,0.036525,0.00956,0.043961,0.05834,0.4774,0.8877,0.3642,0.1454,True,ok,success,success,scored,nan,2026-08-31 03:21:45 UTC
2026-06-08,20260608_GOLD_NONE_NO_TRADE,GOLD,NONE,NO_TRADE,False,,,4365.299805,-0.000435,-0.053146,-0.028979,-0.037248,,,,,False,ok,not_applicable,not_applicable,scored,nan,2026-09-21 12:59:45 UTC
2026-06-08,20260608_NASDAQ_LONG_A-PULLBACK,NASDAQ,LONG,B,False,,,29026.5,0.014754,-0.016278,0.021894,0.056052,,,,,False,ok,not_applicable,not_applicable,scored,nan,2026-09-21 12:59:45 UTC
2026-06-08,20260608_USDJPY_LONG_A-MOMENTUM,USDJPY,LONG,B,True,160.0,2.2,159.940002,0.00242,0.002776,0.001188,0.008434,0.1486,0.1745,0.0591,0.5859,True,ok,success,success,scored,nan,2026-09-26 09:45:24 UTC
2026-06-08,20260608_WTI_LONG_A-MOMENTUM,WTI,LONG,A,True,96.25,4.25,90.540001,0.008394,-0.005633,-0.062514,-0.173625,-1.1647,-1.4635,-2.6753,-5.0424,False,ok,failure,failure,scored,nan,2026-09-21 12:59:45 UTC
2026-06-09,20260609_BTC_SHORT_B-PULLBACK,BTC,SHORT,B,True,65850.0,2350.0,63239.519531,-0.025233,0.005084,0.018688,-0.005425,1.7899,0.974,0.6079,1.2568,False,ok,success,success,scored,nan,2026-08-31 03:21:45 UTC
2026-06-09,20260609_ETH_NONE_NO_TRADE,ETH,NONE,NO_TRADE,False,,,1686.39624,-0.028872,-0.00837,-0.003666,0.01372,,,,,False,ok,not_applicable,not_applicable,scored,nan,2026-08-31 03:21:45 UTC
2026-06-09,20260609_GOLD_NONE_NO_TRADE,GOLD,NONE,NO_TRADE,False,,,4363.399902,-0.017647,-0.057157,-0.002704,-0.049044,,,,,False,ok,not_applicable,not_applicable,scored,nan,2026-09-21 12:59:45 UTC
2026-06-09,20260609_NASDAQ_LONG_B-PULLBACK,NASDAQ,LONG,B,False,707.0,11.0,29454.75,-0.011467,0.00034,0.037498,0.007172,,,,,False,scale_mismatch,suspect_data,suspect_data,scored,nan,2026-09-21 12:59:45 UTC
2026-06-09,20260609_SPX_NONE_NO_TRADE,SPX,NONE,NO_TRADE,False,,,7416.0,-0.003135,-0.002697,0.019586,0.002899,,,,,False,ok,not_applicable,not_applicable,scored,nan,2026-09-21 12:59:45 UTC
2026-06-09,20260609_USDJPY_NONE_NO_TRADE,USDJPY,NONE,NO_TRADE,False,,,159.990005,0.00115,0.003356,-0.000219,0.009019,,,,,False,ok,not_applicable,not_applicable,scored,nan,2026-09-26 09:45:24 UTC
2026-06-09,20260609_WTI_LONG_B-MOMENTUM,WTI,LONG,B,True,96.6,3.8,91.300003,-0.033954,-0.039321,-0.115553,-0.198138,-2.2105,-2.3395,-4.1711,-6.1553,False,ok,failure,failure,scored,nan,2026-09-21 12:59:45 UTC
2026-06-16,20260616_BTC_NONE,BTC,NONE,NO_TRADE,False,,,65710.398438,-0.00167,-0.042823,-0.022382,-0.091138,,,,,False,ok,not_applicable,not_applicable,scored,nan,2026-08-31 03:21:45 UTC
2026-06-16,20260616_DXY_NONE,DXY,NONE,NO_TRADE,False,,,99.629997,-0.000903,0.012245,0.017866,0.015658,,,,,False,ok,not_applicable,not_applicable,scored,nan,2026-09-21 12:59:45 UTC
2026-06-16,20260616_ETH_NONE,ETH,NONE,NO_TRADE,False,,,1724.613281,0.038145,-0.008744,0.008517,-0.092657,,,,,False,ok,not_applicable,not_applicable,scored,nan,2026-08-31 03:21:45 UTC
2026-06-16,20260616_GOLD_NONE,GOLD,NONE,NO_TRADE,False,,,4351.600098,0.000643,-0.02429,-0.046466,-0.071951,,,,,False,ok,not_applicable,not_applicable,scored,nan,2026-09-21 12:59:45 UTC
2026-06-16,20260616_NASDAQ_LONG_PULLBACK,NASDAQ,LONG,B,False,737.0,11.0,30559.25,-0.018464,-0.009683,-0.02923,-0.00117,,,,,False,scale_mismatch,suspect_data,suspect_data,scored,nan,2026-09-21 12:59:45 UTC
2026-06-16,20260616_US10Y_NONE,US10Y,NONE,NO_TRADE,False,,,4.469,-0.009174,-0.004028,0.00537,-0.011412,,,,,False,ok,not_applicable,not_applicable,scored,nan,2026-08-31 03:21:45 UTC
2026-06-16,20260616_USDJPY_SHORT_PULLBACK,USDJPY,SHORT,B,True,160.525,0.575,160.130005,0.000618,0.002935,0.008137,0.010348,0.5148,-0.1304,-1.5791,-2.1948,True,ok,failure,failure,scored,nan,2026-09-26 09:45:24 UTC
2026-06-16,20260616_VIX_NONE,VIX,NONE,NO_TRADE,False,,,16.200001,0.012963,0.012346,0.203086,0.015432,,,,,False,ok,not_applicable,not_applicable,scored,nan,2026-08-31 03:21:45 UTC
2026-06-16,20260616_WTI_SHORT_PULLBACK,WTI,SHORT,B,True,81.9,2.3,80.75,-0.058204,-0.051393,-0.093375,-0.139319,2.5435,2.3043,3.7783,5.3913,True,ok,success,success,scored,nan,2026-09-21 12:59:45 UTC
2026-06-17,20260617_BTC_NONE,BTC,NONE,NO_TRADE,False,,,66289.5,-0.028226,-0.041465,-0.04604,-0.094631,,,,,False,ok,not_applicable,not_applicable,scored,nan,2026-08-31 03:21:45 UTC
2026-06-17,20260617_GOLD_NONE,GOLD,NONE,NO_TRADE,False,,,4354.399902,0.006201,-0.034838,-0.079368,-0.062466,,,,,False,ok,not_applicable,not_applicable,scored,nan,2026-09-21 12:59:45 UTC
2026-06-17,20260617_NASDAQ_LONG_PULLBACK,NASDAQ,LONG,B,False,,,29995.0,-0.010252,0.021954,-0.016028,0.003309,,,,,False,ok,not_applicable,not_applicable,scored,nan,2026-09-21 12:59:45 UTC
2026-06-17,20260617_USDJPY_SHORT_PULLBACK,USDJPY,SHORT,B,True,160.8,0.6,159.955002,0.002901,0.00834,0.010097,0.012303,0.635,-0.815,-1.2833,-1.8717,True,ok,failure,failure,scored,nan,2026-09-26 09:45:24 UTC
2026-06-17,20260617_WTI_SHORT_MOMENTUM,WTI,SHORT,B,True,75.9,2.6,76.050003,0.00973,-0.016174,-0.075082,-0.098225,-0.3423,0.4154,2.1385,2.8154,True,ok,success,success,scored,nan,2026-09-21 12:59:45 UTC
2026-06-18,20260618_NASDAQ_LONG_PULLBACK,NASDAQ,LONG,B,False,,,29687.5,0.019397,-0.000724,0.001255,-0.004429,,,,,False,ok,not_applicable,not_applicable,scored,nan,2026-09-21 12:59:45 UTC
2026-06-18,20260618_USDJPY_SHORT_PULLBACK,USDJPY,SHORT,B,True,160.75,0.65,160.229004,0.002315,0.007514,0.00855,0.014972,0.2308,-1.0508,-1.3062,-2.8892,True,ok,failure,failure,scored,nan,2026-09-26 09:45:24 UTC
2026-06-18,20260618_WTI_SHORT_MOMENTUM,WTI,SHORT,A,True,75.2,2.6,76.790001,-0.002474,-0.046621,-0.06342,-0.105482,-0.5385,0.7654,1.2615,2.5038,True,ok,success,success,scored,nan,2026-09-21 12:59:45 UTC
2026-06-19,20260619_BTC_SHORT_A-MOMENTUM,BTC,SHORT,A,True,63300.0,1550.0,64418.445312,-0.013624,-0.018332,-0.027173,-0.075849,-0.1554,0.0403,0.4077,2.4307,True,ok,success,success,scored,nan,2026-08-31 03:21:45 UTC
2026-06-19,20260619_ETH_NONE_NO_TRADE,ETH,NONE,NO_TRADE,False,,,1747.885498,-0.021113,-0.024776,-0.047171,-0.101565,,,,,False,ok,not_applicable,not_applicable,scored,nan,2026-08-31 03:21:45 UTC
2026-06-19,20260619_GOLD_NONE_NO_TRADE,GOLD,NONE,NO_TRADE,False,,,4245.899902,-0.010174,-0.055842,-0.035234,-0.018465,,,,,False,ok,not_applicable,not_applicable,scored,nan,2026-09-21 12:59:45 UTC
2026-06-19,20260619_QQQ_LONG_B-MOMENTUM,QQQ,LONG,B,True,739.9,8.4,,,,,,,,,,False,ok,not_applicable,not_applicable,invalid_data,nan,2026-07-23 22:41:52 UTC
2026-06-19,20260619_SPX_NONE_NO_TRADE,SPX,NONE,NO_TRADE,False,,,7508.430176,0.004371,-0.010679,-0.014208,0.011064,,,,,False,ok,not_applicable,not_applicable,scored,nan,2026-09-21 12:59:45 UTC
2026-06-19,20260619_USDJPY_LONG_B-MOMENTUM,USDJPY,LONG,B,True,161.325,0.775,160.419006,0.005423,0.007175,0.008378,0.013215,-0.0464,0.3161,0.5652,1.5665,True,ok,success,success,scored,nan,2026-09-26 09:45:24 UTC
2026-06-19,20260619_WTI_SHORT_B-PULLBACK,WTI,SHORT,B,True,77.5,1.1,76.599998,-0.023238,-0.081723,-0.096214,-0.105091,2.4364,6.5091,7.5182,8.1364,True,ok,success,success,scored,nan,2026-09-21 12:59:45 UTC
2026-06-20,20260620_BTC_SHORT_A_PULLBACK,BTC,SHORT,B,True,64250.0,1950.0,62896.472656,0.021356,0.016784,-0.03023,-0.043851,0.0053,0.1528,1.6692,2.1085,True,ok,success,success,scored,nan,2026-08-31 03:21:45 UTC
2026-06-20,20260620_NO_TRADE,NONE,NONE,NO_TRADE,False,,,,,,,,,,,,False,ok,not_applicable,not_applicable,invalid_data,nan,2026-07-23 22:41:52 UTC
2026-06-20,20260620_WTI_LONG_A_MOMENTUM,WTI,LONG,B,False,,,76.599998,-0.023238,-0.081723,-0.096214,-0.105091,,,,,False,ok,not_applicable,not_applicable,scored,nan,2026-09-21 12:59:45 UTC
2026-06-21,20260621_BTC_SHORT_A_PULLBACK,BTC,SHORT,B,True,64250.0,2050.0,63540.835938,-0.004773,-0.013736,-0.060106,-0.078406,0.4939,0.7717,2.2089,2.7762,True,ok,success,success,scored,nan,2026-08-31 03:21:45 UTC
2026-06-21,20260621_ETH_SHORT_A_PULLBACK,ETH,SHORT,B,False,,,1710.982422,-0.003742,-0.02662,-0.085428,-0.082642,,,,,False,ok,not_applicable,not_applicable,scored,nan,2026-08-31 03:21:45 UTC
2026-06-21,20260621_NO_TRADE,NONE,NONE,NO_TRADE,False,,,,,,,,,,,,False,ok,not_applicable,not_applicable,invalid_data,nan,2026-07-23 22:41:52 UTC
2026-06-22,20260622_BTC_SHORT_B-PULLBACK,BTC,SHORT,B,True,65150.0,1150.0,64239.675781,-0.004477,-0.050507,-0.065742,-0.065939,1.0416,3.6129,4.464,4.475,True,ok,success,success,scored,nan,2026-08-31 03:21:45 UTC
2026-06-22,20260622_DXY_NONE_REGIME,DXY,NONE,NO_TRADE,False,,,100.849998,0.001686,0.007536,0.005057,0.0,,,,,False,ok,not_applicable,not_applicable,scored,nan,2026-09-21 12:59:45 UTC
2026-06-22,20260622_ETH_NONE_NO_TRADE,ETH,NONE,NO_TRADE,False,,,1739.301392,-0.007354,-0.068635,-0.093535,-0.074939,,,,,False,ok,not_applicable,not_applicable,scored,nan,2026-08-31 03:21:45 UTC
2026-06-22,20260622_GOLD_LONG_B-MOMENTUM,GOLD,LONG,B,True,4167.5,37.5,4245.899902,-0.010174,-0.055842,-0.035234,-0.018465,0.9387,-4.232,-1.8987,0.0,True,ok,failure,failure,scored,nan,2026-09-21 12:59:45 UTC
2026-06-22,20260622_NASDAQ_NONE_NO_TRADE,NASDAQ,NONE,NO_TRADE,False,,,30263.349609,0.012892,-0.024753,-0.029577,-0.010651,,,,,False,ok,not_applicable,not_applicable,scored,nan,2026-09-21 12:59:45 UTC
2026-06-22,20260622_SPX_NONE_NO_TRADE,SPX,NONE,NO_TRADE,False,,,7508.430176,0.004371,-0.010679,-0.014208,0.011064,,,,,False,ok,not_applicable,not_applicable,scored,nan,2026-09-21 12:59:45 UTC
2026-06-22,20260622_US10Y_NONE_REGIME,US10Y,NONE,NO_TRADE,False,,,4.451,0.013031,-0.011009,-0.017749,0.006291,,,,,False,ok,not_applicable,not_applicable,scored,nan,2026-08-31 03:21:45 UTC
2026-06-22,20260622_USDJPY_LONG_B-MOMENTUM,USDJPY,LONG,B,True,160.35,0.8,160.600006,0.005187,0.00622,0.007503,0.005286,1.3537,1.5612,1.8187,1.3738,False,ok,success,success,scored,nan,2026-09-26 09:45:24 UTC
2026-06-22,20260622_VIX_NONE_REGIME,VIX,NONE,NO_TRADE,False,,,16.4,0.053659,0.135976,0.122561,-0.05061,,,,,False,ok,not_applicable,not_applicable,scored,nan,2026-08-31 03:21:45 UTC
2026-06-22,20260622_WTI_LONG_A-MOMENTUM,WTI,LONG,A,True,77.85,1.4,76.599998,-0.023238,-0.081723,-0.096214,-0.105091,-2.1643,-5.3643,-6.1571,-6.6429,True,ok,failure,failure,scored,nan,2026-09-21 12:59:45 UTC
2026-06-23,20260623_BTC_SHORT_B-PULLBACK,BTC,SHORT,B,True,65250.0,1950.0,63237.539062,-0.009006,-0.055598,-0.052144,-0.027709,1.3241,2.835,2.723,1.9306,False,ok,success,success,scored,nan,2026-08-31 03:21:45 UTC
2026-06-23,20260623_GOLD_SHORT_B-PULLBACK,GOLD,SHORT,B,False,,,4202.700195,-0.012682,-0.036905,-0.038975,-0.010779,,,,,False,ok,not_applicable,not_applicable,scored,nan,2026-09-21 12:59:45 UTC
2026-06-23,20260623_USDJPY_LONG_B-MOMENTUM,USDJPY,LONG,B,False,,,161.289001,0.001742,0.002939,0.003088,0.001011,,,,,False,ok,not_applicable,not_applicable,scored,nan,2026-09-26 09:45:24 UTC
2026-06-23,20260623_WTI_NONE_NO_TRADE,WTI,NONE,NO_TRADE,False,,,74.82,-0.021518,-0.03876,-0.054397,-0.05854,,,,,False,ok,not_applicable,not_applicable,scored,nan,2026-09-21 12:59:45 UTC
2026-06-24,20260624_BTC_SHORT_B-MOMENTUM,BTC,SHORT,B,True,63500.0,1100.0,63952.105469,-0.046237,-0.061541,-0.069111,-0.022015,2.2772,3.1669,3.607,0.8689,False,ok,success,success,scored,nan,2026-08-31 03:21:45 UTC
2026-06-24,20260624_DXY_NONE_REGIME,DXY,NONE,NO_TRADE,False,,,101.410004,0.001972,-0.000493,-0.002169,-0.00355,,,,,False,ok,not_applicable,not_applicable,scored,nan,2026-09-21 12:59:45 UTC
2026-06-24,20260624_ETH_NONE_NO_TRADE,ETH,NONE,NO_TRADE,False,,,1726.510864,-0.061735,-0.086819,-0.090442,0.017381,,,,,False,ok,not_applicable,not_applicable,scored,nan,2026-08-31 03:21:45 UTC
2026-06-24,20260624_GOLD_SHORT_B-PULLBACK,GOLD,SHORT,B,True,4165.0,50.0,4149.399902,-0.033884,-0.012797,-0.026727,-0.016147,3.124,1.374,2.53,1.652,False,ok,success,success,scored,nan,2026-09-21 12:59:45 UTC
2026-06-24,20260624_NASDAQ_SHORT_B-MOMENTUM,NASDAQ,SHORT,B,False,721.0,10.5,29666.0,-0.005115,-0.010037,0.028905,-0.006657,,,,,False,scale_mismatch,suspect_data,suspect_data,scored,nan,2026-09-21 12:59:45 UTC
2026-06-24,20260624_SPX_NONE_NO_TRADE,SPX,NONE,NO_TRADE,False,,,7437.5,-0.001244,-0.004807,0.014891,0.012269,,,,,False,ok,not_applicable,not_applicable,scored,nan,2026-09-21 12:59:45 UTC
2026-06-24,20260624_US10Y_NONE_REGIME,US10Y,NONE,NO_TRADE,False,,,4.493,-0.020254,-0.026931,-0.016693,0.016915,,,,,False,ok,not_applicable,not_applicable,scored,nan,2026-08-31 03:21:45 UTC
2026-06-24,20260624_USDJPY_NONE_NO_TRADE,USDJPY,NONE,NO_TRADE,False,,,161.432999,0.001028,0.002304,0.003035,0.004057,,,,,False,ok,not_applicable,not_applicable,scored,nan,2026-09-26 09:45:24 UTC
2026-06-24,20260624_VIX_NONE_REGIME,VIX,NONE,NO_TRADE,False,,,19.49,-0.044125,-0.055413,-0.155977,-0.132889,,,,,False,ok,not_applicable,not_applicable,scored,nan,2026-08-31 03:21:45 UTC
2026-06-24,20260624_WTI_NONE_NO_TRADE,WTI,NONE,NO_TRADE,False,,,73.209999,-0.039202,-0.054364,-0.050676,0.004234,,,,,False,ok,not_applicable,not_applicable,scored,nan,2026-09-21 12:59:45 UTC
2026-06-25,20260625_BTC_SHORT_A-MOMENTUM,BTC,SHORT,A,True,61750.0,1550.0,62668.019531,-0.047015,-0.04353,-0.040366,0.006707,1.3086,1.1677,1.0398,-0.8634,True,ok,success,failure,scored,nan,2026-08-31 03:21:45 UTC
2026-06-25,20260625_DXY_NONE_REGIME,DXY,NONE,NO_TRADE,False,,,101.610001,-0.001771,-0.004921,-0.002165,-0.006594,,,,,False,ok,not_applicable,not_applicable,scored,nan,2026-09-21 12:59:45 UTC
2026-06-25,20260625_ETH_NONE_NO_TRADE,ETH,NONE,NO_TRADE,False,,,1665.436768,-0.060417,-0.056351,-0.033163,0.068208,,,,,False,ok,not_applicable,not_applicable,scored,nan,2026-08-31 03:21:45 UTC
2026-06-25,20260625_GOLD_SHORT_B-MOMENTUM,GOLD,SHORT,B,True,4027.5,57.5,4008.800049,0.009679,0.007508,0.01836,0.032927,-0.3496,-0.1983,-0.9548,-1.9704,True,ok,failure,failure,scored,nan,2026-09-21 12:59:45 UTC
2026-06-25,20260625_NASDAQ_SHORT_B-PULLBACK,NASDAQ,SHORT,B,False,719.0,9.0,29514.25,0.007132,0.018245,0.019652,0.014324,,,,,False,scale_mismatch,suspect_data,suspect_data,scored,nan,2026-09-21 12:59:45 UTC
2026-06-25,20260625_SPX_NONE_NO_TRADE,SPX,NONE,NO_TRADE,False,,,7428.25,-0.000673,0.009693,0.015515,0.021607,,,,,False,ok,not_applicable,not_applicable,scored,nan,2026-09-21 12:59:45 UTC
2026-06-25,20260625_US10Y_NONE_REGIME,US10Y,NONE,NO_TRADE,False,,,4.402,-0.002272,-0.006361,0.016583,0.031122,,,,,False,ok,not_applicable,not_applicable,scored,nan,2026-08-31 03:21:45 UTC
2026-06-25,20260625_USDJPY_NONE_NO_TRADE,USDJPY,NONE,NO_TRADE,False,,,161.570007,0.001194,0.001343,0.006548,0.004908,,,,,False,ok,not_applicable,not_applicable,scored,nan,2026-09-26 09:45:24 UTC
2026-06-25,20260625_VIX_NONE_REGIME,VIX,NONE,NO_TRADE,False,,,18.629999,0.013956,-0.052603,-0.109501,-0.149758,,,,,False,ok,not_applicable,not_applicable,scored,nan,2026-08-31 03:21:45 UTC
2026-06-25,20260625_WTI_NONE_NO_TRADE,WTI,NONE,NO_TRADE,False,,,70.339996,0.022462,0.005829,-0.025021,0.024737,,,,,False,ok,not_applicable,not_applicable,scored,nan,2026-09-21 12:59:45 UTC
2026-06-26,20260626_BTC_SHORT_B-PULLBACK,BTC,SHORT,B,True,61600.0,1500.0,60995.132812,-0.016046,-0.023982,-0.039942,0.041852,1.0557,1.3784,2.0274,-1.2986,False,ok,success,failure,scored,nan,2026-08-31 03:21:45 UTC
2026-06-26,20260626_DXY_NONE_REGIME,DXY,NONE,NO_TRADE,False,,,101.43,-0.00069,-0.002366,-0.00562,-0.004535,,,,,False,ok,not_applicable,not_applicable,scored,nan,2026-09-21 12:59:45 UTC
2026-06-26,20260626_ETH_NONE_NO_TRADE,ETH,NONE,NO_TRADE,False,,,1619.924927,-0.026735,-0.030596,-0.031076,0.100672,,,,,False,ok,not_applicable,not_applicable,scored,nan,2026-08-31 03:21:45 UTC
2026-06-26,20260626_GOLD_LONG_B-REVERSAL,GOLD,LONG,B,True,4030.0,45.0,4047.600098,0.012032,-0.002248,0.019295,0.016331,1.4733,0.1889,2.1267,1.86,True,ok,success,success,scored,nan,2026-09-21 12:59:45 UTC
2026-06-26,20260626_NASDAQ_SHORT_B-PULLBACK,NASDAQ,SHORT,B,False,723.0,8.0,29724.75,-0.011993,0.026872,-0.005677,0.010345,,,,,False,scale_mismatch,suspect_data,suspect_data,scored,nan,2026-09-21 12:59:45 UTC
2026-06-26,20260626_SPX_NONE_NO_TRADE,SPX,NONE,NO_TRADE,False,,,7423.25,-0.002896,0.016839,0.014145,0.026538,,,,,False,ok,not_applicable,not_applicable,scored,nan,2026-09-21 12:59:45 UTC
2026-06-26,20260626_US10Y_NONE_REGIME,US10Y,NONE,NO_TRADE,False,,,4.392,-0.004554,0.00592,0.021175,0.0403,,,,,False,ok,not_applicable,not_applicable,scored,nan,2026-08-31 03:21:45 UTC
2026-06-26,20260626_USDJPY_NONE_NO_TRADE,USDJPY,NONE,NO_TRADE,False,,,161.598999,0.001275,0.002005,0.005817,0.005817,,,,,False,ok,not_applicable,not_applicable,scored,nan,2026-09-26 09:45:24 UTC
2026-06-26,20260626_VIX_NONE_REGIME,VIX,NONE,NO_TRADE,False,,,18.889999,-0.02541,-0.129169,-0.14505,-0.204341,,,,,False,ok,not_applicable,not_applicable,scored,nan,2026-08-31 03:21:45 UTC
2026-06-26,20260626_WTI_NONE_NO_TRADE,WTI,NONE,NO_TRADE,False,,,71.919998,-0.037403,-0.033648,-0.044911,-0.007091,,,,,False,ok,not_applicable,not_applicable,scored,nan,2026-09-21 12:59:45 UTC
2026-06-27,20260627_BTC_SHORT_B-PULLBACK,BTC,SHORT,B,True,61150.0,1250.0,59721.675781,0.003657,0.006977,0.004723,0.071554,0.9679,0.8093,0.917,-2.276,True,ok,success,failure,scored,nan,2026-08-31 03:21:45 UTC
2026-06-27,20260627_DXY_NONE_REGIME,DXY,NONE,NO_TRADE,False,,,101.360001,-0.002466,0.000296,-0.005032,-0.000789,,,,,False,ok,not_applicable,not_applicable,scored,nan,2026-09-21 12:59:45 UTC
2026-06-27,20260627_ETH_NONE_NO_TRADE,ETH,NONE,NO_TRADE,False,,,1564.81665,0.004327,0.029006,0.02821,0.148744,,,,,False,ok,not_applicable,not_applicable,scored,nan,2026-08-31 03:21:45 UTC
2026-06-27,20260627_GOLD_LONG_B-REVERSAL,GOLD,LONG,B,True,4050.0,45.0,4096.299805,-0.014013,-0.003393,0.017382,-0.022117,-0.2467,0.72,2.6111,-0.9844,True,ok,success,failure,scored,nan,2026-09-21 12:59:45 UTC
2026-06-27,20260627_NASDAQ_SHORT_B-PULLBACK,NASDAQ,SHORT,B,False,715.0,9.0,29368.25,0.023307,0.024721,0.019502,0.00366,,,,,False,scale_mismatch,suspect_data,suspect_data,scored,nan,2026-09-21 12:59:45 UTC
2026-06-27,20260627_SPX_NONE_NO_TRADE,SPX,NONE,NO_TRADE,False,,,7401.75,0.013308,0.019151,0.025636,0.021785,,,,,False,ok,not_applicable,not_applicable,scored,nan,2026-09-21 12:59:45 UTC
2026-06-27,20260627_US10Y_NONE_REGIME,US10Y,NONE,NO_TRADE,False,,,4.372,0.000457,0.023559,0.024474,0.054209,,,,,False,ok,not_applicable,not_applicable,scored,nan,2026-08-20 22:10:40 UTC
2026-06-27,20260627_USDJPY_NONE_NO_TRADE,USDJPY,NONE,NO_TRADE,False,,,161.763,0.000148,0.005347,-0.001941,0.003709,,,,,False,ok,not_applicable,not_applicable,scored,nan,2026-09-26 09:45:24 UTC
2026-06-27,20260627_VIX_NONE_REGIME,VIX,NONE,NO_TRADE,False,,,18.41,-0.041282,-0.098859,-0.154264,-0.067898,,,,,False,ok,not_applicable,not_applicable,scored,nan,2026-07-23 22:41:52 UTC
2026-06-27,20260627_WTI_NONE_NO_TRADE,WTI,NONE,NO_TRADE,False,,,69.230003,0.021956,-0.009389,-0.009822,0.128701,,,,,False,ok,not_applicable,not_applicable,scored,nan,2026-09-21 12:59:45 UTC
2026-06-30,TSO-20260630-001,USDJPY,LONG,B,False,,,161.804993,0.000729,0.004536,-0.002182,0.000451,,,,,False,ok,not_applicable,not_applicable,scored,nan,2026-09-26 09:45:24 UTC
2026-06-30,TSO-20260630-002,WTI,LONG,B,False,,,70.75,-0.017668,-0.029117,-0.004382,0.121413,,,,,False,ok,not_applicable,not_applicable,scored,nan,2026-09-21 12:59:45 UTC
2026-06-30,TSO-20260630-003,BTC,NONE,NO_TRADE,False,,,59532.339844,-0.016352,0.032805,0.059732,0.061493,,,,,False,ok,not_applicable,not_applicable,scored,nan,2026-08-31 03:21:45 UTC
2026-07-01,TSO-20260701-001,USDJPY,LONG,B,True,161.0,1.6,161.787003,0.005198,-0.002089,0.00186,0.003968,1.0175,0.2806,0.68,0.8931,True,ok,success,success,scored,verified,2026-09-26 09:45:24 UTC
2026-07-01,TSO-20260701-002,WTI,LONG,B,True,69.5,2.0,69.5,-0.013237,-0.013669,0.057842,0.145324,-0.46,-0.475,2.01,5.05,True,ok,success,success,scored,verified,2026-09-21 12:59:45 UTC
2026-07-01,TSO-20260701-003,GOLD,SHORT,B,True,4075.0,65.0,4038.5,0.01087,0.031943,0.01087,0.003293,-0.1138,-1.4231,-0.1138,0.3569,True,ok,failure,success,scored,verified,2026-09-21 12:59:45 UTC
2026-07-01,TSO-20260701-004,BTC,NONE,NO_TRADE,False,,,60138.378906,-0.002239,0.040005,0.056694,0.066326,,,,,False,ok,not_applicable,not_applicable,scored,nan,2026-08-31 03:21:45 UTC
2026-07-02,TSO-20260702-001,USDJPY,LONG,B,True,161.5,1.7,161.923004,0.003804,-0.002909,0.002717,0.00163,0.6112,-0.0282,0.5077,0.4041,True,ok,success,success,scored,verified,2026-09-26 09:45:24 UTC
2026-07-02,TSO-20260702-002,GOLD,SHORT,B,True,4100.0,60.0,4082.399902,0.010607,0.018372,0.014305,-0.022119,-0.4283,-0.9567,-0.68,1.7983,True,ok,failure,success,scored,verified,2026-09-21 12:59:45 UTC
2026-07-02,TSO-20260702-003,WTI,LONG,B,True,68.5,2.0,68.580002,0.001604,0.027122,0.051035,0.15121,0.095,0.97,1.79,5.225,True,ok,success,success,scored,verified,2026-09-21 12:59:45 UTC
2026-07-02,TSO-20260702-004,BTC,NONE,NO_TRADE,False,,,58558.859375,0.049974,0.077349,0.092832,0.089537,,,,,False,ok,not_applicable,not_applicable,scored,nan,2026-08-31 03:21:45 UTC
2026-07-03,TSO-20260703-001,USDJPY,LONG,B,True,161.5,1.7,162.628006,-0.00725,-0.003321,-0.000547,-0.003419,-0.03,0.3459,0.6112,0.3365,True,ok,success,success,scored,verified,2026-09-26 09:45:24 UTC
2026-07-03,TSO-20260703-002,GOLD,LONG,B,True,4160.0,80.0,4125.700195,0.010132,-0.010495,-0.002909,-0.025911,0.0938,-0.97,-0.5787,-1.765,True,ok,failure,failure,scored,verified,2026-09-21 12:59:45 UTC
2026-07-03,TSO-20260703-003,WTI,LONG,B,True,69.5,2.5,68.690002,-0.002038,0.070316,0.039598,0.200903,-0.38,1.608,0.764,5.196,True,ok,success,success,scored,verified,2026-09-21 12:59:45 UTC
2026-07-03,TSO-20260703-004,BTC,NONE,NO_TRADE,False,,,60003.757812,0.042338,0.059065,0.054891,0.06257,,,,,False,ok,not_applicable,not_applicable,scored,nan,2026-08-31 03:21:45 UTC
2026-07-04,TSO-20260704-001,GOLD,LONG,B,True,4130.0,90.0,4125.700195,0.010132,-0.010495,-0.002909,-0.025911,0.4167,-0.5289,-0.1811,-1.2356,True,ok,failure,failure,scored,verified,2026-09-21 12:59:45 UTC
2026-07-04,TSO-20260704-002,USDJPY,LONG,B,True,160.5,1.7,162.539001,-0.006688,-0.001083,-0.001083,-0.001003,0.56,1.0959,1.0959,1.1035,False,ok,success,success,scored,verified,2026-09-26 09:45:24 UTC
2026-07-04,TSO-20260704-003,WTI,LONG,B,True,67.5,2.5,68.690002,-0.002038,0.070316,0.039598,0.200903,0.42,2.408,1.564,5.996,True,ok,success,success,scored,verified,2026-09-21 12:59:45 UTC
2026-07-04,TSO-20260704-004,BTC,NONE,NO_TRADE,False,,,61485.300781,0.026071,0.040818,0.01256,0.01226,,,,,False,ok,not_applicable,not_applicable,scored,nan,2026-08-31 03:21:45 UTC
2026-07-05,TSO-20260705-001,GOLD,LONG,B,True,4160.0,90.0,4125.700195,0.010132,-0.010495,-0.002909,-0.025911,0.0833,-0.8622,-0.5144,-1.5689,True,ok,failure,failure,scored,verified,2026-09-21 12:59:45 UTC
2026-07-05,TSO-20260705-002,USDJPY,LONG,B,True,160.5,1.7,162.539001,-0.006688,-0.001083,-0.001083,-0.001003,0.56,1.0959,1.0959,1.1035,False,ok,success,success,scored,verified,2026-09-26 09:45:24 UTC
2026-07-05,TSO-20260705-003,WTI,LONG,B,True,68.5,2.5,68.690002,-0.002038,0.070316,0.039598,0.200903,0.02,2.008,1.164,5.596,True,ok,success,success,scored,verified,2026-09-21 12:59:45 UTC
2026-07-05,TSO-20260705-004,BTC,NONE,NO_TRADE,False,,,62544.199219,0.016048,0.012043,0.010376,0.038563,,,,,False,ok,not_applicable,not_applicable,scored,nan,2026-08-31 03:21:45 UTC
2026-07-06,TSO-20260706-001,GOLD,LONG,B,True,4170.0,90.0,4125.700195,0.010132,-0.010495,-0.002909,-0.025911,-0.0278,-0.9733,-0.6256,-1.68,True,ok,failure,failure,scored,verified,2026-09-21 12:59:45 UTC
2026-07-06,TSO-20260706-002,USDJPY,LONG,B,True,160.5,1.7,162.539001,-0.006688,-0.001083,-0.001083,-0.001003,0.56,1.0959,1.0959,1.1035,False,ok,success,success,scored,verified,2026-09-26 09:45:24 UTC
2026-07-06,TSO-20260706-003,WTI,LONG,B,True,67.5,2.5,68.690002,-0.002038,0.070316,0.039598,0.200903,0.42,2.408,1.564,5.996,True,ok,success,success,scored,verified,2026-09-21 12:59:45 UTC
2026-07-06,TSO-20260706-004,BTC,NONE,NO_TRADE,False,,,63088.304688,0.014372,-0.013168,0.016466,0.025743,,,,,False,ok,not_applicable,not_applicable,scored,unverified,2026-08-31 03:21:45 UTC
2026-07-07,TSO-20260707-001,GOLD,LONG,B,True,4170.0,90.0,4167.5,-0.002424,-0.006407,-0.038824,-0.036377,-0.14,-0.3244,-1.8256,-1.7122,True,ok,failure,failure,scored,verified,2026-09-21 12:59:45 UTC
2026-07-07,TSO-20260707-002,USDJPY,LONG,B,True,160.5,1.7,161.449005,0.003958,0.006751,0.002657,0.006584,0.9341,1.1994,0.8106,1.1835,False,ok,success,success,scored,verified,2026-09-26 09:45:24 UTC
2026-07-07,TSO-20260707-003,WTI,LONG,B,True,68.5,3.0,68.550003,0.027571,0.051495,0.139898,0.21415,0.6467,1.1933,3.2133,4.91,True,ok,success,success,scored,verified,2026-09-21 12:59:45 UTC
2026-07-07,TSO-20260707-004,BTC,NONE,NO_TRADE,False,,,63547.882812,-0.003942,-0.005582,0.003999,0.003799,,,,,False,ok,not_applicable,not_applicable,scored,unverified,2026-08-31 03:21:45 UTC
2026-07-09,TSO-20260709-001,WTI,LONG,B,True,72.5,3.0,73.519997,-0.019586,0.06284,0.082699,0.181039,-0.14,1.88,2.3667,4.7767,True,ok,success,success,scored,verified,2026-09-21 12:59:45 UTC
2026-07-09,TSO-20260709-002,USDJPY,LONG,B,True,160.5,1.7,162.087997,0.002782,-0.001296,0.000611,0.006774,1.1994,0.8106,0.9924,1.58,False,ok,success,success,scored,verified,2026-09-26 09:45:24 UTC
2026-07-09,TSO-20260709-003,GOLD,NONE,B,False,,,4082.399902,0.014305,-0.018788,-0.007496,0.017024,,,,,False,ok,not_applicable,not_applicable,scored,verified,2026-09-21 12:59:45 UTC
2026-07-09,TSO-20260709-004,BTC,NONE,NO_TRADE,False,,,63297.394531,-0.001647,0.007972,-0.016719,0.023685,,,,,False,ok,not_applicable,not_applicable,scored,unverified,2026-08-31 03:21:45 UTC
2026-07-10,TSO-20260710-BTC-NT01,BTC,NONE,NO_TRADE,False,,,62257.574219,0.03003,0.024104,0.043345,0.039083,,,,,False,ok,not_applicable,not_applicable,scored,unverified,2026-08-31 03:21:45 UTC
2026-07-10,TSO-20260710-ETH-NT01,ETH,NONE,NO_TRADE,False,,,1742.677612,0.030422,0.036215,0.084239,0.073927,,,,,False,ok,not_applicable,not_applicable,scored,unverified,2026-08-31 03:21:45 UTC
2026-07-10,TSO-20260710-GOLD-B01,GOLD,LONG,B,False,,,4140.799805,-0.006545,-0.017171,-0.035911,-0.02188,,,,,False,ok,not_applicable,not_applicable,scored,verified,2026-09-21 12:59:45 UTC
2026-07-10,TSO-20260710-NDX-NT01,NASDAQ,NONE,NO_TRADE,False,,,29937.0,0.003182,-0.004902,-0.023758,-0.043967,,,,,False,ok,not_applicable,not_applicable,scored,verified,2026-09-21 12:59:45 UTC
2026-07-10,TSO-20260710-SPX-NT01,SPX,NONE,NO_TRADE,False,,,7588.75,0.004151,0.000329,-0.00145,-0.018943,,,,,False,ok,not_applicable,not_applicable,scored,verified,2026-09-21 12:59:45 UTC
2026-07-10,TSO-20260710-USDJPY-B01,USDJPY,LONG,B,False,,,162.363007,0.0,0.000406,-0.001792,0.004422,,,,,False,ok,not_applicable,not_applicable,scored,verified,2026-09-26 09:45:24 UTC
2026-07-10,TSO-20260710-WTI-B01,WTI,SHORT,B,False,,,72.080002,-0.009295,0.100721,0.095311,0.278996,,,,,False,ok,not_applicable,not_applicable,scored,verified,2026-09-21 12:59:45 UTC
2026-07-11,TSO-20260711-BTC-NT01,BTC,NONE,NO_TRADE,False,,,63193.148438,0.009635,-0.015097,0.024041,0.032233,,,,,False,ok,not_applicable,not_applicable,scored,unverified,2026-08-31 03:21:45 UTC
2026-07-11,TSO-20260711-DXY-NT01,DXY,NONE,NO_TRADE,False,,,100.970001,0.00307,-0.004655,-0.002179,0.004952,,,,,False,ok,not_applicable,not_applicable,scored,verified,2026-09-21 12:59:45 UTC
2026-07-11,TSO-20260711-ETH-NT01,ETH,NONE,NO_TRADE,False,,,1744.484619,0.025002,0.016633,0.09886,0.091302,,,,,False,ok,not_applicable,not_applicable,scored,unverified,2026-08-31 03:21:45 UTC
2026-07-11,TSO-20260711-GOLD-B01,GOLD,SHORT,B,False,,,4113.700195,-0.026254,-0.015047,-0.023069,-0.010429,,,,,False,ok,not_applicable,not_applicable,scored,verified,2026-09-21 12:59:45 UTC
2026-07-11,TSO-20260711-NDX-NT01,NASDAQ,NONE,NO_TRADE,False,,,30032.25,-0.01853,-0.011288,-0.041922,-0.058271,,,,,False,ok,not_applicable,not_applicable,scored,verified,2026-09-21 12:59:45 UTC
2026-07-11,TSO-20260711-SPX-NT01,SPX,NONE,NO_TRADE,False,,,7620.25,-0.007513,-0.000722,-0.016076,-0.02267,,,,,False,ok,not_applicable,not_applicable,scored,verified,2026-09-21 12:59:45 UTC
2026-07-11,TSO-20260711-US10Y-NT01,US10Y,NONE,NO_TRADE,False,,,4.569,0.008755,-0.005253,-0.006128,0.024075,,,,,False,ok,not_applicable,not_applicable,scored,verified,2026-08-20 22:10:40 UTC
2026-07-11,TSO-20260711-USDJPY-B01,USDJPY,LONG,B,False,,,162.539001,-0.004067,-0.002166,-0.001003,0.007955,,,,,False,ok,not_applicable,not_applicable,scored,verified,2026-09-26 09:45:24 UTC
2026-07-11,TSO-20260711-VIX-NT01,VIX,NONE,NO_TRADE,False,,,15.03,0.141717,0.042582,0.248836,0.236194,,,,,False,ok,not_applicable,not_applicable,scored,verified,2026-08-21 22:03:41 UTC
2026-07-11,TSO-20260711-WTI-B01,WTI,SHORT,B,False,,,71.410004,0.094244,0.11469,0.15516,0.250665,,,,,False,ok,not_applicable,not_applicable,scored,verified,2026-09-21 12:59:45 UTC
2026-07-12,TSO-20260712-BTC-NT01,BTC,NONE,NO_TRADE,False,,,64127.140625,-0.005753,0.012927,-0.005269,0.037082,,,,,False,ok,not_applicable,not_applicable,scored,unverified,2026-08-31 03:21:45 UTC
2026-07-12,TSO-20260712-DXY-NT01,DXY,NONE,NO_TRADE,False,,,100.970001,0.00307,-0.004655,-0.002179,0.004952,,,,,False,ok,not_applicable,not_applicable,scored,verified,2026-09-21 12:59:45 UTC
2026-07-12,TSO-20260712-ETH-NT01,ETH,NONE,NO_TRADE,False,,,1795.693237,0.005622,0.052229,0.03759,0.073894,,,,,False,ok,not_applicable,not_applicable,scored,unverified,2026-08-31 03:21:45 UTC
2026-07-12,TSO-20260712-GOLD-B01,GOLD,SHORT,B,False,,,4113.700195,-0.026254,-0.015047,-0.023069,-0.010429,,,,,False,ok,not_applicable,not_applicable,scored,verified,2026-09-21 12:59:45 UTC
2026-07-12,TSO-20260712-NDX-NT01,NASDAQ,NONE,NO_TRADE,False,,,30032.25,-0.01853,-0.011288,-0.041922,-0.058271,,,,,False,ok,not_applicable,not_applicable,scored,verified,2026-09-21 12:59:45 UTC
2026-07-12,TSO-20260712-SPX-NT01,SPX,NONE,NO_TRADE,False,,,7620.25,-0.007513,-0.000722,-0.016076,-0.02267,,,,,False,ok,not_applicable,not_applicable,scored,verified,2026-09-21 12:59:45 UTC
2026-07-12,TSO-20260712-US10Y-NT01,US10Y,NONE,NO_TRADE,False,,,4.569,0.008755,-0.005253,-0.006128,0.024075,,,,,False,ok,not_applicable,not_applicable,scored,verified,2026-08-20 22:10:40 UTC
2026-07-12,TSO-20260712-USDJPY-B01,USDJPY,LONG,B,False,,,162.539001,-0.004067,-0.002166,-0.001003,0.007955,,,,,False,ok,not_applicable,not_applicable,scored,verified,2026-09-26 09:45:24 UTC
2026-07-12,TSO-20260712-VIX-NT01,VIX,NONE,NO_TRADE,False,,,15.03,0.141717,0.042582,0.248836,0.236194,,,,,False,ok,not_applicable,not_applicable,scored,verified,2026-08-21 22:03:41 UTC
2026-07-12,TSO-20260712-WTI-B01,WTI,SHORT,B,False,,,71.410004,0.094244,0.11469,0.15516,0.250665,,,,,False,ok,not_applicable,not_applicable,scored,verified,2026-09-21 12:59:45 UTC
2026-07-13,TSO-20260713-BTC-NT01,BTC,NONE,NO_TRADE,False,,,63802.027344,-0.024496,0.014268,0.001527,0.03603,,,,,False,ok,not_applicable,not_applicable,scored,unverified,2026-08-31 03:21:45 UTC
2026-07-13,TSO-20260713-ETH-NT01,ETH,NONE,NO_TRADE,False,,,1788.099609,-0.008164,0.072056,0.029578,0.08131,,,,,False,ok,not_applicable,not_applicable,scored,unverified,2026-08-31 03:21:45 UTC
2026-07-13,TSO-20260713-GOLD-B01,GOLD,SHORT,B,False,,,4113.700195,-0.026254,-0.015047,-0.023069,-0.010429,,,,,False,ok,not_applicable,not_applicable,scored,verified,2026-09-21 12:59:45 UTC
2026-07-13,TSO-20260713-NDX-NT01,NASDAQ,NONE,NO_TRADE,False,,,30032.25,-0.01853,-0.011288,-0.041922,-0.058271,,,,,False,ok,not_applicable,not_applicable,scored,verified,2026-09-21 12:59:45 UTC
2026-07-13,TSO-20260713-SPX-NT01,SPX,NONE,NO_TRADE,False,,,7620.25,-0.007513,-0.000722,-0.016076,-0.02267,,,,,False,ok,not_applicable,not_applicable,scored,verified,2026-09-21 12:59:45 UTC
2026-07-13,TSO-20260713-USDJPY-B01,USDJPY,LONG,B,False,,,162.539001,-0.004067,-0.002166,-0.001003,0.007955,,,,,False,ok,not_applicable,not_applicable,scored,verified,2026-09-26 09:45:24 UTC
2026-07-13,TSO-20260713-WTI-B01,WTI,SHORT,B,False,,,71.410004,0.094244,0.11469,0.15516,0.250665,,,,,False,ok,not_applicable,not_applicable,scored,verified,2026-09-21 12:59:45 UTC
2026-07-14,TSO-20260714-BTC-NT01,BTC,NONE,NO_TRADE,False,,,63758.21875,0.018788,0.000487,0.016286,0.020179,,,,,False,ok,not_applicable,not_applicable,scored,unverified,2026-08-31 03:21:45 UTC
2026-07-14,TSO-20260714-ETH-NT01,ETH,NONE,NO_TRADE,False,,,1805.788086,0.046346,0.03179,0.030792,0.039491,,,,,False,ok,not_applicable,not_applicable,scored,unverified,2026-08-31 03:21:45 UTC
2026-07-14,TSO-20260714-GOLD-B01,GOLD,SHORT,B,False,,,4005.699951,0.015977,-0.003395,0.002546,0.0178,,,,,False,ok,not_applicable,not_applicable,scored,verified,2026-09-21 12:59:45 UTC
2026-07-14,TSO-20260714-NDX-NT01,NASDAQ,NONE,NO_TRADE,False,,,29475.75,0.01067,-0.008482,-0.023647,-0.043621,,,,,False,ok,not_applicable,not_applicable,scored,verified,2026-09-21 12:59:45 UTC
2026-07-14,TSO-20260714-SPX-NT01,SPX,NONE,NO_TRADE,False,,,7563.0,0.003735,0.00195,-0.010413,-0.015173,,,,,False,ok,not_applicable,not_applicable,scored,verified,2026-09-21 12:59:45 UTC
2026-07-14,TSO-20260714-USDJPY-B01,USDJPY,LONG,B,False,,,162.363007,0.000406,-0.001792,0.000918,0.007686,,,,,False,ok,not_applicable,not_applicable,scored,verified,2026-09-26 09:45:24 UTC
2026-07-14,TSO-20260714-WTI-B01,WTI,LONG,B,False,,,78.139999,0.015357,0.010366,0.06514,0.057205,,,,,False,ok,not_applicable,not_applicable,scored,verified,2026-09-21 12:59:45 UTC
2026-07-15,TSO-20260715-BTC-NT01,BTC,NONE,NO_TRADE,False,,,62239.121094,0.039738,0.026677,0.039391,0.029875,,,,,False,ok,not_applicable,not_applicable,scored,unverified,2026-08-31 03:21:45 UTC
2026-07-15,TSO-20260715-DXY-NT01,DXY,NONE,NO_TRADE,False,,,100.940002,-0.004359,-0.001882,0.002378,0.004359,,,,,False,ok,not_applicable,not_applicable,scored,verified,2026-09-21 12:59:45 UTC
2026-07-15,TSO-20260715-ETH-NT01,ETH,NONE,NO_TRADE,False,,,1773.500732,0.080881,0.038053,0.055262,0.048873,,,,,False,ok,not_applicable,not_applicable,scored,unverified,2026-08-31 03:21:45 UTC
2026-07-15,TSO-20260715-GOLD-B01,GOLD,LONG,B,True,4035.0,45.0,4069.699951,-0.004398,-0.012507,0.001646,-0.007617,0.3733,-0.36,0.92,0.0822,True,ok,success,success,scored,verified,2026-09-21 12:59:45 UTC
2026-07-15,TSO-20260715-NDX-B01,NASDAQ,LONG,B,False,25900.0,360.0,29790.25,-0.003256,-0.034139,-0.01592,-0.062713,,,,,False,scale_mismatch,suspect_data,suspect_data,scored,verified,2026-09-21 12:59:45 UTC
2026-07-15,TSO-20260715-SPX-B01,SPX,LONG,B,True,7505.0,65.0,7591.25,0.003096,-0.012317,-0.005994,-0.016598,1.6885,-0.1115,0.6269,-0.6115,True,ok,success,failure,scored,verified,2026-09-21 12:59:45 UTC
2026-07-15,TSO-20260715-US10Y-NT01,US10Y,NONE,NO_TRADE,False,,,4.585,-0.008724,-0.009597,0.009378,0.004144,,,,,False,ok,not_applicable,not_applicable,scored,verified,2026-08-31 03:21:45 UTC
2026-07-15,TSO-20260715-USDJPY-B01,USDJPY,LONG,B,True,161.725,0.775,161.878006,0.001909,0.003076,0.003762,0.011694,0.5961,0.84,0.9832,2.64,False,ok,success,success,scored,verified,2026-09-26 09:45:24 UTC
2026-07-15,TSO-20260715-VIX-NT01,VIX,NONE,NO_TRADE,False,,,16.5,-0.050303,0.137576,0.033333,0.103636,,,,,False,ok,not_applicable,not_applicable,scored,verified,2026-08-31 03:21:45 UTC
2026-07-15,TSO-20260715-WTI-NT01,WTI,NONE,NO_TRADE,False,,,79.339996,0.003277,0.039703,0.070204,-0.001008,,,,,False,ok,not_applicable,not_applicable,scored,verified,2026-09-21 12:59:45 UTC
2026-07-16,20260716_BTC_NONE_NO_TRADE,BTC,NONE,NO_TRADE,False,,,64956.113281,-0.017963,-0.002456,0.004217,-0.009919,,,,,False,ok,not_applicable,not_applicable,scored,unverified,2026-08-31 03:21:45 UTC
2026-07-16,20260716_DXY_NONE_NO_TRADE,DXY,NONE,NO_TRADE,False,,,100.5,0.002289,0.004876,0.006368,0.002985,,,,,False,ok,not_applicable,not_applicable,scored,verified,2026-09-21 12:59:45 UTC
2026-07-16,20260716_ETH_NONE_NO_TRADE,ETH,NONE,NO_TRADE,False,,,1889.479858,-0.013912,-0.014865,0.007557,-0.008604,,,,,False,ok,not_applicable,not_applicable,scored,unverified,2026-08-31 03:21:45 UTC
2026-07-16,20260716_GOLD_BUY_B-PULLBACK,GOLD,LONG,B,True,4035.0,40.0,4051.800049,-0.014734,-0.00886,0.024705,-0.003825,-1.0725,-0.4775,2.9225,0.0325,True,ok,success,success,scored,verified,2026-09-21 12:59:45 UTC
2026-07-16,20260716_NASDAQ_NONE_NO_TRADE,NASDAQ,NONE,NO_TRADE,False,,,29693.25,-0.015744,-0.030798,-0.017243,-0.079185,,,,,False,ok,not_applicable,not_applicable,scored,verified,2026-09-21 12:59:45 UTC
2026-07-16,20260716_SPX_BUY_B-PULLBACK,SPX,LONG,B,True,7585.0,45.0,7614.75,-0.004859,-0.017138,-0.009784,-0.034604,-0.1611,-2.2389,-0.9944,-5.1944,True,ok,failure,failure,scored,verified,2026-09-21 12:59:45 UTC
2026-07-16,20260716_US10Y_NONE_NO_TRADE,US10Y,NONE,NO_TRADE,False,,,4.545,0.00528,0.011661,0.024642,0.016942,,,,,False,ok,not_applicable,not_applicable,scored,verified,2026-08-31 03:21:45 UTC
2026-07-16,20260716_USDJPY_BUY_B-PULLBACK,USDJPY,LONG,B,True,161.95,0.6,162.429001,-0.002198,0.000511,0.004661,0.008835,0.2033,0.9367,2.06,3.19,True,ok,success,success,scored,verified,2026-09-26 09:45:24 UTC
2026-07-16,20260716_VIX_NONE_NO_TRADE,VIX,NONE,NO_TRADE,False,,,15.67,0.067645,0.190172,0.061902,0.318443,,,,,False,ok,not_applicable,not_applicable,scored,verified,2026-08-31 03:21:45 UTC
2026-07-16,20260716_WTI_NONE_NO_TRADE,WTI,NONE,NO_TRADE,False,,,79.599998,-0.008166,0.045603,0.090829,0.061055,,,,,False,ok,not_applicable,not_applicable,scored,verified,2026-09-21 12:59:45 UTC
2026-07-17,20260717_BTC_NONE_NO_TRADE,BTC,NONE,NO_TRADE,False,,,64712.375,-0.012562,-0.000333,0.027703,0.009703,,,,,False,ok,not_applicable,not_applicable,scored,unverified,2026-08-31 03:21:45 UTC
2026-07-17,20260717_DXY_NONE_NO_TRADE,DXY,NONE,NO_TRADE,False,,,100.730003,0.000199,0.004467,0.006949,-0.007148,,,,,False,ok,not_applicable,not_applicable,scored,verified,2026-09-21 12:59:45 UTC
2026-07-17,20260717_ETH_NONE_NO_TRADE,ETH,NONE,NO_TRADE,False,,,1916.943726,-0.039623,-0.023702,0.005968,0.019024,,,,,False,ok,not_applicable,not_applicable,scored,unverified,2026-08-31 03:21:45 UTC
2026-07-17,20260717_GOLD_SELL_B-PULLBACK,GOLD,SHORT,B,True,4012.5,37.5,3992.100098,0.006688,0.021117,0.014554,0.027053,-0.168,-1.704,-1.0053,-2.336,True,ok,failure,failure,scored,verified,2026-09-21 12:59:45 UTC
2026-07-17,20260717_NASDAQ_SELL_B-PULLBACK,NASDAQ,SHORT,B,True,29770.0,210.0,29225.75,-0.015483,0.003088,-0.020701,-0.033806,4.7464,2.1619,5.4726,7.2964,False,ok,success,success,scored,verified,2026-09-21 12:59:45 UTC
2026-07-17,20260717_SPX_NONE_NO_TRADE,SPX,NONE,NO_TRADE,False,,,7577.75,-0.010557,-0.004223,-0.017518,-0.013889,,,,,False,ok,not_applicable,not_applicable,scored,verified,2026-09-21 12:59:45 UTC
2026-07-17,20260717_US10Y_NONE_NO_TRADE,US10Y,NONE,NO_TRADE,False,,,4.569,-0.006128,0.012913,0.029328,0.020574,,,,,False,ok,not_applicable,not_applicable,scored,verified,2026-08-31 03:21:45 UTC
2026-07-17,20260717_USDJPY_BUY_B-PULLBACK,USDJPY,LONG,B,True,162.05,0.6,162.186996,0.001165,0.00185,0.005512,0.006862,0.5433,0.7283,1.7183,2.0833,True,ok,success,success,scored,verified,2026-09-26 09:45:24 UTC
2026-07-17,20260717_VIX_NONE_NO_TRADE,VIX,NONE,NO_TRADE,False,,,16.73,0.121937,0.019127,0.117753,0.021518,,,,,False,ok,not_applicable,not_applicable,scored,verified,2026-08-31 03:21:45 UTC
2026-07-17,20260717_WTI_NONE_NO_TRADE,WTI,NONE,NO_TRADE,False,,,78.949997,0.044839,0.075491,0.167701,0.058771,,,,,False,ok,not_applicable,not_applicable,scored,verified,2026-09-21 12:59:45 UTC
2026-07-18,20260718_BTC_NONE_NO_TRADE,BTC,NONE,NO_TRADE,False,,,63789.28125,0.015791,0.022586,0.036237,-0.001009,,,,,False,ok,not_applicable,not_applicable,scored,unverified,2026-08-31 03:21:45 UTC
2026-07-18,20260718_DXY_NONE_NO_TRADE,DXY,NONE,NO_TRADE,False,,,100.75,0.002382,0.003871,0.007146,-0.009429,,,,,False,ok,not_applicable,not_applicable,scored,verified,2026-09-21 12:59:45 UTC
2026-07-18,20260718_ETH_NONE_NO_TRADE,ETH,NONE,NO_TRADE,False,,,1863.193359,-0.000967,0.021772,0.037729,0.014717,,,,,False,ok,not_applicable,not_applicable,scored,unverified,2026-08-31 03:21:45 UTC
2026-07-18,20260718_GOLD_NONE_NO_TRADE,GOLD,NONE,NO_TRADE,False,,,4018.800049,-0.000722,0.033119,0.012939,0.021947,,,,,False,ok,not_applicable,not_applicable,scored,verified,2026-09-21 12:59:45 UTC
2026-07-18,20260718_NASDAQ_NONE_NO_TRADE,NASDAQ,NONE,NO_TRADE,False,,,28773.25,0.000191,0.01418,-0.017064,-0.012824,,,,,False,ok,not_applicable,not_applicable,scored,unverified,2026-09-21 12:59:45 UTC
2026-07-18,20260718_SPX_NONE_NO_TRADE,SPX,NONE,NO_TRADE,False,,,7497.75,-0.001801,0.005668,-0.006702,0.002868,,,,,False,ok,not_applicable,not_applicable,scored,unverified,2026-09-21 12:59:45 UTC
2026-07-18,20260718_US10Y_NONE_NO_TRADE,US10Y,NONE,NO_TRADE,False,,,4.541,0.012552,0.025545,0.03039,0.044924,,,,,False,ok,not_applicable,not_applicable,scored,verified,2026-08-20 22:10:40 UTC
2026-07-18,20260718_USDJPY_NONE_NO_TRADE,USDJPY,NONE,NO_TRADE,False,,,162.072006,0.002715,0.006873,0.010859,-0.011655,,,,,False,ok,not_applicable,not_applicable,scored,verified,2026-09-26 09:45:24 UTC
2026-07-18,20260718_VIX_NONE_NO_TRADE,VIX,NONE,NO_TRADE,False,,,18.77,-0.006393,-0.113479,-0.010123,-0.148109,,,,,False,ok,not_applicable,not_applicable,scored,verified,2026-08-21 22:03:41 UTC
2026-07-18,20260718_WTI_NONE_NO_TRADE,WTI,NONE,NO_TRADE,False,,,82.489998,0.008971,0.052612,0.082677,0.026427,,,,,False,ok,not_applicable,not_applicable,scored,verified,2026-09-21 12:59:45 UTC
2026-07-19,20260719_BTC_NONE_NO_TRADE,BTC,NONE,NO_TRADE,False,,,63899.460938,0.012384,0.040778,0.017924,-0.00044,,,,,False,ok,not_applicable,not_applicable,scored,unverified,2026-08-31 03:21:45 UTC
2026-07-19,20260719_DXY_NONE_NO_TRADE,DXY,NONE,NO_TRADE,False,,,100.75,0.002382,0.003871,0.007146,-0.009429,,,,,False,ok,not_applicable,not_applicable,scored,unverified,2026-09-21 12:59:45 UTC
2026-07-19,20260719_ETH_NONE_NO_TRADE,ETH,NONE,NO_TRADE,False,,,1840.988159,0.016578,0.047472,0.019616,0.04289,,,,,False,ok,not_applicable,not_applicable,scored,unverified,2026-08-31 03:21:45 UTC
2026-07-19,20260719_GOLD_NONE_NO_TRADE,GOLD,NONE,NO_TRADE,False,,,4018.800049,-0.000722,0.033119,0.012939,0.021947,,,,,False,ok,not_applicable,not_applicable,scored,unverified,2026-09-21 12:59:45 UTC
2026-07-19,20260719_NASDAQ_NONE_NO_TRADE,NASDAQ,NONE,NO_TRADE,False,,,28773.25,0.000191,0.01418,-0.017064,-0.012824,,,,,False,ok,not_applicable,not_applicable,scored,unverified,2026-09-21 12:59:45 UTC
2026-07-19,20260719_SPX_NONE_NO_TRADE,SPX,NONE,NO_TRADE,False,,,7497.75,-0.001801,0.005668,-0.006702,0.002868,,,,,False,ok,not_applicable,not_applicable,scored,unverified,2026-09-21 12:59:45 UTC
2026-07-19,20260719_US10Y_NONE_NO_TRADE,US10Y,NONE,NO_TRADE,False,,,4.541,0.012552,0.025545,0.03039,0.044924,,,,,False,ok,not_applicable,not_applicable,scored,unverified,2026-08-20 22:10:40 UTC
2026-07-19,20260719_USDJPY_NONE_NO_TRADE,USDJPY,NONE,NO_TRADE,False,,,162.072006,0.002715,0.006873,0.010859,-0.011655,,,,,False,ok,not_applicable,not_applicable,scored,unverified,2026-09-26 09:45:24 UTC
2026-07-19,20260719_VIX_NONE_NO_TRADE,VIX,NONE,NO_TRADE,False,,,18.77,-0.006393,-0.113479,-0.010123,-0.148109,,,,,False,ok,not_applicable,not_applicable,scored,unverified,2026-08-21 22:03:41 UTC
2026-07-19,20260719_WTI_NONE_NO_TRADE,WTI,NONE,NO_TRADE,False,,,82.489998,0.008971,0.052612,0.082677,0.026427,,,,,False,ok,not_applicable,not_applicable,scored,unverified,2026-09-21 12:59:45 UTC
2026-07-20,20260720_BTC_NONE_NO_TRADE,BTC,NONE,NO_TRADE,False,,,64796.601562,0.006689,0.020128,-0.010774,-0.013711,,,,,False,ok,not_applicable,not_applicable,scored,unverified,2026-08-31 03:21:45 UTC
2026-07-20,20260720_DXY_NONE_NO_TRADE,DXY,NONE,NO_TRADE,False,,,100.75,0.002382,0.003871,0.007146,-0.009429,,,,,False,ok,not_applicable,not_applicable,scored,unverified,2026-09-21 12:59:45 UTC
2026-07-20,20260720_ETH_NONE_NO_TRADE,ETH,NONE,NO_TRADE,False,,,1861.39209,0.022761,0.038733,-0.000653,0.025318,,,,,False,ok,not_applicable,not_applicable,scored,unverified,2026-08-31 03:21:45 UTC
2026-07-20,20260720_GOLD_NONE_NO_TRADE,GOLD,NONE,NO_TRADE,False,,,4018.800049,-0.000722,0.033119,0.012939,0.021947,,,,,False,ok,not_applicable,not_applicable,scored,unverified,2026-09-21 12:59:45 UTC
2026-07-20,20260720_NASDAQ_NONE_NO_TRADE,NASDAQ,NONE,NO_TRADE,False,,,28773.25,0.000191,0.01418,-0.017064,-0.012824,,,,,False,ok,not_applicable,not_applicable,scored,unverified,2026-09-21 12:59:45 UTC
2026-07-20,20260720_SPX_NONE_NO_TRADE,SPX,NONE,NO_TRADE,False,,,7497.75,-0.001801,0.005668,-0.006702,0.002868,,,,,False,ok,not_applicable,not_applicable,scored,unverified,2026-09-21 12:59:45 UTC
2026-07-20,20260720_US10Y_NONE_NO_TRADE,US10Y,NONE,NO_TRADE,False,,,4.541,0.012552,0.025545,0.03039,0.044924,,,,,False,ok,not_applicable,not_applicable,scored,unverified,2026-08-31 03:21:45 UTC
2026-07-20,20260720_USDJPY_NONE_NO_TRADE,USDJPY,NONE,NO_TRADE,False,,,162.072006,0.002715,0.006873,0.010859,-0.011655,,,,,False,ok,not_applicable,not_applicable,scored,unverified,2026-09-26 09:45:24 UTC
2026-07-20,20260720_VIX_NONE_NO_TRADE,VIX,NONE,NO_TRADE,False,,,18.77,-0.006393,-0.113479,-0.010123,-0.148109,,,,,False,ok,not_applicable,not_applicable,scored,unverified,2026-08-31 03:21:45 UTC
2026-07-20,20260720_WTI_NONE_NO_TRADE,WTI,NONE,NO_TRADE,False,,,82.489998,0.008971,0.052612,0.082677,0.026427,,,,,False,ok,not_applicable,not_applicable,scored,unverified,2026-09-21 12:59:45 UTC
2026-07-21,20260721_BTC_NONE_NO_TRADE,BTC,NONE,NO_TRADE,False,,,64690.804688,0.028046,0.005472,-0.005859,0.000533,,,,,False,ok,not_applicable,not_applicable,scored,unverified,2026-08-31 03:21:45 UTC
2026-07-21,20260721_DXY_NONE_NO_TRADE,DXY,NONE,NO_TRADE,False,,,100.989998,0.001881,0.004357,0.005149,-0.010199,,,,,False,ok,not_applicable,not_applicable,scored,verified,2026-09-21 12:59:45 UTC
2026-07-21,20260721_ETH_NONE_NO_TRADE,ETH,NONE,NO_TRADE,False,,,1871.508545,0.03039,0.002988,0.000916,0.024507,,,,,False,ok,not_applicable,not_applicable,scored,unverified,2026-08-31 03:21:45 UTC
2026-07-21,20260721_GOLD_SELL_B-PULLBACK,GOLD,SHORT,B,True,4025.0,65.0,4015.899902,0.015065,0.008541,0.015215,0.018576,-0.7908,-0.3877,-0.8,-1.0077,True,ok,failure,failure,scored,verified,2026-09-21 12:59:45 UTC
2026-07-21,20260721_NASDAQ_NONE_NO_TRADE,NASDAQ,NONE,NO_TRADE,False,,,28778.75,0.018668,-0.00549,-0.020458,0.003927,,,,,False,ok,not_applicable,not_applicable,scored,verified,2026-09-21 12:59:45 UTC
2026-07-21,20260721_SPX_NONE_NO_TRADE,SPX,NONE,NO_TRADE,False,,,7484.25,0.008217,-0.005244,-0.00481,0.01924,,,,,False,ok,not_applicable,not_applicable,scored,verified,2026-09-21 12:59:45 UTC
2026-07-21,20260721_US10Y_NONE_NO_TRADE,US10Y,NONE,NO_TRADE,False,,,4.598,0.006525,0.022836,0.009352,0.019139,,,,,False,ok,not_applicable,not_applicable,scored,verified,2026-08-31 03:21:45 UTC
2026-07-21,20260721_USDJPY_NONE_NO_TRADE,USDJPY,NONE,NO_TRADE,False,,,162.376007,0.000684,0.004342,0.007606,-0.029524,,,,,False,ok,not_applicable,not_applicable,scored,verified,2026-09-26 09:45:24 UTC
2026-07-21,20260721_VIX_NONE_NO_TRADE,VIX,NONE,NO_TRADE,False,,,18.65,-0.085791,0.002681,0.001072,-0.149598,,,,,False,ok,not_applicable,not_applicable,scored,verified,2026-08-31 03:21:45 UTC
2026-07-21,20260721_WTI_NONE_NO_TRADE,WTI,NONE,NO_TRADE,False,,,83.230003,0.020185,0.107653,-0.007449,-0.034723,,,,,False,ok,not_applicable,not_applicable,scored,verified,2026-09-21 12:59:45 UTC
2026-07-22,20260722_BTC_NONE_DATA_UNAVAILABLE,BTC,NONE,NO_TRADE,False,,,65230.027344,0.013349,-0.017347,0.001691,-0.037042,,,,,False,ok,not_applicable,not_applicable,scored,unverified,2026-08-31 03:21:45 UTC
2026-07-22,20260722_DXY_NONE_DATA_UNAVAILABLE,DXY,NONE,NO_TRADE,False,,,101.18,-0.000395,0.002866,0.001977,-0.01275,,,,,False,ok,not_applicable,not_applicable,scored,unverified,2026-09-21 12:59:45 UTC
2026-07-22,20260722_ETH_NONE_DATA_UNAVAILABLE,ETH,NONE,NO_TRADE,False,,,1903.758911,0.015617,-0.022893,0.026081,-0.022804,,,,,False,ok,not_applicable,not_applicable,scored,unverified,2026-08-31 03:21:45 UTC
2026-07-22,20260722_GOLD_NONE_DATA_UNAVAILABLE,GOLD,NONE,NO_TRADE,False,,,4076.399902,0.018521,-0.001374,-0.009248,0.018693,,,,,False,ok,not_applicable,not_applicable,scored,unverified,2026-09-21 12:59:45 UTC
2026-07-22,20260722_NASDAQ_NONE_DATA_UNAVAILABLE,NASDAQ,NONE,NO_TRADE,False,,,29316.0,-0.004596,-0.035262,-0.047551,0.018676,,,,,False,ok,not_applicable,not_applicable,scored,unverified,2026-09-21 12:59:45 UTC
2026-07-22,20260722_SPX_NONE_DATA_UNAVAILABLE,SPX,NONE,NO_TRADE,False,,,7545.75,-0.000729,-0.013021,-0.010668,0.029122,,,,,False,ok,not_applicable,not_applicable,scored,unverified,2026-09-21 12:59:45 UTC
2026-07-22,20260722_US10Y_NONE_DATA_UNAVAILABLE,US10Y,NONE,NO_TRADE,False,,,4.628,0.006266,0.01102,-0.005186,-0.000216,,,,,False,ok,not_applicable,not_applicable,scored,unverified,2026-08-31 03:21:45 UTC
2026-07-22,20260722_USDJPY_NONE_DATA_UNAVAILABLE,USDJPY,NONE,NO_TRADE,False,,,162.511993,0.004147,0.008123,0.007747,-0.030662,,,,,False,ok,not_applicable,not_applicable,scored,unverified,2026-09-26 09:45:24 UTC
2026-07-22,20260722_VIX_NONE_DATA_UNAVAILABLE,VIX,NONE,NO_TRADE,False,,,17.049999,-0.024047,0.089736,0.068035,-0.032258,,,,,False,ok,not_applicable,not_applicable,scored,unverified,2026-08-31 03:21:45 UTC
2026-07-22,20260722_WTI_NONE_DATA_UNAVAILABLE,WTI,NONE,NO_TRADE,False,,,84.910004,0.022612,0.051819,-0.066541,-0.107643,,,,,False,ok,not_applicable,not_applicable,scored,unverified,2026-09-21 12:59:45 UTC
2026-07-23,20260723_BTC_NONE_DATA_UNAVAILABLE,BTC,NONE,NO_TRADE,False,,,66505.125,-0.021958,-0.03298,-0.041805,-0.056263,,,,,False,ok,not_applicable,not_applicable,scored,unverified,2026-08-31 03:21:45 UTC
2026-07-23,20260723_DXY_NONE_DATA_UNAVAILABLE,DXY,NONE,NO_TRADE,False,,,101.139999,0.002867,0.003658,-0.003362,-0.014337,,,,,False,ok,not_applicable,not_applicable,scored,unverified,2026-09-21 12:59:45 UTC
2026-07-23,20260723_ETH_NONE_DATA_UNAVAILABLE,ETH,NONE,NO_TRADE,False,,,1928.383789,-0.026594,-0.028605,-0.019586,-0.044061,,,,,False,ok,not_applicable,not_applicable,scored,unverified,2026-08-31 03:21:45 UTC
2026-07-23,20260723_GOLD_NONE_DATA_UNAVAILABLE,GOLD,NONE,NO_TRADE,False,,,4151.899902,-0.024495,-0.01804,-0.027843,0.036923,,,,,False,ok,not_applicable,not_applicable,scored,unverified,2026-09-21 12:59:45 UTC
2026-07-23,20260723_NASDAQ_NONE_DATA_UNAVAILABLE,NASDAQ,NONE,NO_TRADE,False,,,29181.25,-0.019208,-0.033969,-0.063028,0.014864,,,,,False,ok,not_applicable,not_applicable,scored,unverified,2026-09-21 12:59:45 UTC
2026-07-23,20260723_SPX_NONE_DATA_UNAVAILABLE,SPX,NONE,NO_TRADE,False,,,7540.25,-0.012632,-0.012201,-0.025065,0.027751,,,,,False,ok,not_applicable,not_applicable,scored,unverified,2026-09-21 12:59:45 UTC
2026-07-23,20260723_US10Y_NONE_DATA_UNAVAILABLE,US10Y,NONE,NO_TRADE,False,,,4.657,0.009878,-0.003436,-0.007516,-0.008589,,,,,False,ok,not_applicable,not_applicable,scored,unverified,2026-08-31 03:21:45 UTC
2026-07-23,20260723_USDJPY_NONE_DATA_UNAVAILABLE,USDJPY,NONE,NO_TRADE,False,,,162.487,0.003656,0.006917,0.008475,-0.02951,,,,,False,ok,not_applicable,not_applicable,scored,unverified,2026-09-26 09:45:24 UTC
2026-07-23,20260723_VIX_NONE_DATA_UNAVAILABLE,VIX,NONE,NO_TRADE,False,,,16.639999,0.123798,0.121995,0.241587,-0.04988,,,,,False,ok,not_applicable,not_applicable,scored,unverified,2026-08-31 03:21:45 UTC
2026-07-23,20260723_WTI_NONE_DATA_UNAVAILABLE,WTI,NONE,NO_TRADE,False,,,86.830002,0.06173,-0.048601,-0.027295,-0.13371,,,,,False,ok,not_applicable,not_applicable,scored,unverified,2026-09-21 12:59:45 UTC
2026-07-24,20260724_BTC_NONE_NO_TRADE,BTC,NONE,NO_TRADE,False,,,66100.796875,-0.030292,-0.011505,-0.033728,-0.039618,,,,,False,ok,not_applicable,not_applicable,scored,verified,2026-08-31 03:21:45 UTC
2026-07-24,20260724_DXY_NONE_NO_TRADE,DXY,NONE,NO_TRADE,False,,,101.43,0.000394,-0.000493,-0.014,-0.014394,,,,,False,ok,not_applicable,not_applicable,scored,verified,2026-09-21 12:59:45 UTC
2026-07-24,20260724_ETH_NONE_NO_TRADE,ETH,NONE,NO_TRADE,False,,,1933.490112,-0.037918,0.010303,-0.007004,-0.026361,,,,,False,ok,not_applicable,not_applicable,scored,verified,2026-08-31 03:21:45 UTC
2026-07-24,20260724_GOLD_NONE_NO_TRADE,GOLD,NONE,NO_TRADE,False,,,4050.199951,0.005086,-0.002839,0.01232,0.061577,,,,,False,ok,not_applicable,not_applicable,scored,verified,2026-09-21 12:59:45 UTC
2026-07-24,20260724_NASDAQ_NONE_NO_TRADE,NASDAQ,NONE,NO_TRADE,False,,,28620.75,-0.011827,-0.024414,-0.013382,0.03031,,,,,False,ok,not_applicable,not_applicable,scored,verified,2026-09-21 12:59:45 UTC
2026-07-24,20260724_SPX_NONE_NO_TRADE,SPX,NONE,NO_TRADE,False,,,7445.0,0.000336,0.00272,0.003694,0.038919,,,,,False,ok,not_applicable,not_applicable,scored,verified,2026-09-21 12:59:45 UTC
2026-07-24,20260724_US10Y_NONE_NO_TRADE,US10Y,NONE,NO_TRADE,False,,,4.703,-0.005103,-0.02105,-0.008505,-0.007017,,,,,False,ok,not_applicable,not_applicable,scored,verified,2026-08-31 03:21:45 UTC
2026-07-24,20260724_USDJPY_NONE_NO_TRADE,USDJPY,NONE,NO_TRADE,False,,,163.186005,0.003959,0.003585,0.000699,-0.034231,,,,,False,ok,not_applicable,not_applicable,scored,verified,2026-09-26 09:45:24 UTC
2026-07-24,20260724_VIX_NONE_NO_TRADE,VIX,NONE,NO_TRADE,False,,,18.700001,-0.006417,-0.026203,-0.086096,-0.18984,,,,,False,ok,not_applicable,not_applicable,scored,verified,2026-08-31 03:21:45 UTC
2026-07-24,20260724_WTI_NONE_NO_TRADE,WTI,NONE,NO_TRADE,False,,,92.190002,-0.03124,-0.140254,-0.093286,-0.161623,,,,,False,ok,not_applicable,not_applicable,scored,verified,2026-09-21 12:59:45 UTC
2026-07-25,20260725_BTC_NONE_DATA_UNAVAILABLE,BTC,NONE,NO_TRADE,False,,,65044.8125,-0.011269,-0.020292,-0.017475,-0.024351,,,,,False,ok,not_applicable,not_applicable,scored,unverified,2026-08-31 03:21:45 UTC
2026-07-25,20260725_DXY_NONE_DATA_UNAVAILABLE,DXY,NONE,NO_TRADE,False,,,101.470001,0.000394,-0.006603,-0.016458,-0.018429,,,,,False,ok,not_applicable,not_applicable,scored,unverified,2026-09-21 12:59:45 UTC
2026-07-25,20260725_ETH_NONE_DATA_UNAVAILABLE,ETH,NONE,NO_TRADE,False,,,1877.10022,-0.002066,0.007199,0.016738,-0.010039,,,,,False,ok,not_applicable,not_applicable,scored,unverified,2026-08-31 03:21:45 UTC
2026-07-25,20260725_GOLD_NONE_DATA_UNAVAILABLE,GOLD,NONE,NO_TRADE,False,,,4070.800049,0.001523,-0.008475,0.008893,0.080795,,,,,False,ok,not_applicable,not_applicable,scored,unverified,2026-09-21 12:59:45 UTC
2026-07-25,20260725_NASDAQ_NONE_DATA_UNAVAILABLE,NASDAQ,NONE,NO_TRADE,False,,,28282.25,-0.003262,-0.033245,0.004314,0.054893,,,,,False,ok,not_applicable,not_applicable,scored,unverified,2026-09-21 12:59:45 UTC
2026-07-25,20260725_SPX_NONE_DATA_UNAVAILABLE,SPX,NONE,NO_TRADE,False,,,7447.5,0.000101,-0.012924,0.009634,0.044612,,,,,False,ok,not_applicable,not_applicable,scored,unverified,2026-09-21 12:59:45 UTC
2026-07-25,20260725_US10Y_NONE_DATA_UNAVAILABLE,US10Y,NONE,NO_TRADE,False,,,4.679,-0.008121,-0.012182,0.014106,-0.004061,,,,,False,ok,not_applicable,not_applicable,scored,unverified,2026-08-20 22:10:40 UTC
2026-07-25,20260725_USDJPY_NONE_DATA_UNAVAILABLE,USDJPY,NONE,NO_TRADE,False,,,163.080994,0.00325,0.004801,-0.01777,-0.028648,,,,,False,ok,not_applicable,not_applicable,scored,unverified,2026-09-26 09:45:24 UTC
2026-07-25,20260725_VIX_NONE_DATA_UNAVAILABLE,VIX,NONE,NO_TRADE,False,,,18.58,0.004844,0.111948,-0.139397,-0.198062,,,,,False,ok,not_applicable,not_applicable,scored,unverified,2026-08-21 22:03:41 UTC
2026-07-25,20260725_WTI_NONE_DATA_UNAVAILABLE,WTI,NONE,NO_TRADE,False,,,89.309998,-0.07502,-0.054305,-0.051954,-0.124622,,,,,False,ok,not_applicable,not_applicable,scored,unverified,2026-09-21 12:59:45 UTC
2026-07-26,20260726_BTC_NONE_DATA_UNAVAILABLE,BTC,NONE,NO_TRADE,False,,,64098.496094,0.019373,-0.003543,0.009779,-0.000664,,,,,False,ok,not_applicable,not_applicable,scored,unverified,2026-08-31 03:21:45 UTC
2026-07-26,20260726_DXY_NONE_DATA_UNAVAILABLE,DXY,NONE,NO_TRADE,False,,,101.470001,0.000394,-0.006603,-0.016458,-0.018429,,,,,False,ok,not_applicable,not_applicable,scored,unverified,2026-09-21 12:59:45 UTC
2026-07-26,20260726_ETH_NONE_DATA_UNAVAILABLE,ETH,NONE,NO_TRADE,False,,,1860.176758,0.050121,0.032132,0.030748,0.004413,,,,,False,ok,not_applicable,not_applicable,scored,unverified,2026-08-31 03:21:45 UTC
2026-07-26,20260726_GOLD_NONE_DATA_UNAVAILABLE,GOLD,NONE,NO_TRADE,False,,,4070.800049,0.001523,-0.008475,0.008893,0.080795,,,,,False,ok,not_applicable,not_applicable,scored,unverified,2026-09-21 12:59:45 UTC
2026-07-26,20260726_NASDAQ_NONE_DATA_UNAVAILABLE,NASDAQ,NONE,NO_TRADE,False,,,28282.25,-0.003262,-0.033245,0.004314,0.054893,,,,,False,ok,not_applicable,not_applicable,scored,unverified,2026-09-21 12:59:45 UTC
2026-07-26,20260726_SPX_NONE_DATA_UNAVAILABLE,SPX,NONE,NO_TRADE,False,,,7447.5,0.000101,-0.012924,0.009634,0.044612,,,,,False,ok,not_applicable,not_applicable,scored,unverified,2026-09-21 12:59:45 UTC
2026-07-26,20260726_US10Y_NONE_DATA_UNAVAILABLE,US10Y,NONE,NO_TRADE,False,,,4.679,-0.008121,-0.012182,0.014106,-0.004061,,,,,False,ok,not_applicable,not_applicable,scored,unverified,2026-08-20 22:10:40 UTC
2026-07-26,20260726_USDJPY_NONE_DATA_UNAVAILABLE,USDJPY,NONE,NO_TRADE,False,,,163.080994,0.00325,0.004801,-0.01777,-0.028648,,,,,False,ok,not_applicable,not_applicable,scored,unverified,2026-09-26 09:45:24 UTC
2026-07-26,20260726_VIX_NONE_DATA_UNAVAILABLE,VIX,NONE,NO_TRADE,False,,,18.58,0.004844,0.111948,-0.139397,-0.198062,,,,,False,ok,not_applicable,not_applicable,scored,unverified,2026-08-21 22:03:41 UTC
2026-07-26,20260726_WTI_NONE_DATA_UNAVAILABLE,WTI,NONE,NO_TRADE,False,,,89.309998,-0.07502,-0.054305,-0.051954,-0.124622,,,,,False,ok,not_applicable,not_applicable,scored,unverified,2026-09-21 12:59:45 UTC
2026-07-27,20260727_BTC_NONE_NO_TRADE,BTC,NONE,NO_TRADE,False,,,64311.8125,-0.009126,-0.006276,-0.023294,0.004442,,,,,False,ok,not_applicable,not_applicable,scored,partially_verified,2026-08-31 03:21:45 UTC
2026-07-27,20260727_DXY_NONE_NO_TRADE,DXY,NONE,NO_TRADE,False,,,101.470001,0.000394,-0.006603,-0.016458,-0.018429,,,,,False,ok,not_applicable,not_applicable,scored,unverified,2026-09-21 12:59:45 UTC
2026-07-27,20260727_ETH_NONE_NO_TRADE,ETH,NONE,NO_TRADE,False,,,1873.222412,0.009284,0.018843,-0.006874,0.017779,,,,,False,ok,not_applicable,not_applicable,scored,partially_verified,2026-08-31 03:21:45 UTC
2026-07-27,20260727_GOLD_LONG_B-PULLBACK,GOLD,LONG,B,True,4005.0,105.0,4070.800049,0.001523,-0.008475,0.008893,0.080795,0.6857,0.2981,0.9714,3.759,True,ok,success,success,scored,partially_verified,2026-09-21 12:59:45 UTC
2026-07-27,20260727_NASDAQ_NONE_NO_TRADE,NASDAQ,NONE,NO_TRADE,False,,,28282.25,-0.003262,-0.033245,0.004314,0.054893,,,,,False,ok,not_applicable,not_applicable,scored,verified,2026-09-21 12:59:45 UTC
2026-07-27,20260727_SPX_NONE_NO_TRADE,SPX,NONE,NO_TRADE,False,,,7447.5,0.000101,-0.012924,0.009634,0.044612,,,,,False,ok,not_applicable,not_applicable,scored,verified,2026-09-21 12:59:45 UTC
2026-07-27,20260727_US10Y_NONE_NO_TRADE,US10Y,NONE,NO_TRADE,False,,,4.679,-0.008121,-0.012182,0.014106,-0.004061,,,,,False,ok,not_applicable,not_applicable,scored,partially_verified,2026-08-31 03:21:45 UTC
2026-07-27,20260727_USDJPY_NONE_NO_TRADE,USDJPY,NONE,NO_TRADE,False,,,163.080994,0.00325,0.004801,-0.01777,-0.028648,,,,,False,ok,not_applicable,not_applicable,scored,partially_verified,2026-09-26 09:45:24 UTC
2026-07-27,20260727_VIX_NONE_NO_TRADE,VIX,NONE,NO_TRADE,False,,,18.58,0.004844,0.111948,-0.139397,-0.198062,,,,,False,ok,not_applicable,not_applicable,scored,verified,2026-08-31 03:21:45 UTC
2026-07-27,20260727_WTI_SHORT_B-REVERSAL,WTI,SHORT,B,True,87.0,5.5,89.309998,-0.07502,-0.054305,-0.051954,-0.124622,0.7982,0.4618,0.4236,1.6036,True,ok,success,success,scored,partially_verified,2026-09-21 12:59:45 UTC
2026-07-28,20260728_BTC_NONE_NO_TRADE,BTC,NONE,NO_TRADE,False,,,65340.300781,-0.022481,-0.009412,-0.039439,-0.016501,,,,,False,ok,not_applicable,not_applicable,scored,partially_verified,2026-08-31 03:21:45 UTC
2026-07-28,20260728_DXY_NONE_NO_TRADE,DXY,NONE,NO_TRADE,False,,,101.510002,-0.001281,-0.014777,-0.015269,-0.016747,,,,,False,ok,not_applicable,not_applicable,scored,partially_verified,2026-09-21 12:59:45 UTC
2026-07-28,20260728_ETH_NONE_NO_TRADE,ETH,NONE,NO_TRADE,False,,,1953.411255,-0.01713,-0.018449,-0.056308,-0.026289,,,,,False,ok,not_applicable,not_applicable,scored,partially_verified,2026-08-31 03:21:45 UTC
2026-07-28,20260728_GOLD_LONG_B-PULLBACK,GOLD,LONG,B,True,4050.0,110.0,4077.0,-0.009394,0.005666,0.003311,0.084057,-0.1027,0.4555,0.3682,3.3609,True,ok,success,success,scored,partially_verified,2026-09-21 12:59:45 UTC
2026-07-28,20260728_NASDAQ_SHORT_B-REVERSAL,NASDAQ,SHORT,B,True,28660.0,490.0,28190.0,-0.009507,0.001694,0.024894,0.054878,1.5061,0.8617,-0.473,-2.198,True,ok,failure,failure,scored,partially_verified,2026-09-21 12:59:45 UTC
2026-07-28,20260728_SPX_NONE_NO_TRADE,SPX,NONE,NO_TRADE,False,,,7448.25,0.002282,0.003256,0.024167,0.044104,,,,,False,ok,not_applicable,not_applicable,scored,verified,2026-09-21 12:59:45 UTC
2026-07-28,20260728_US10Y_NONE_NO_TRADE,US10Y,NONE,NO_TRADE,False,,,4.641,-0.007972,0.00474,0.009696,0.012497,,,,,False,ok,not_applicable,not_applicable,scored,verified,2026-08-31 03:21:45 UTC
2026-07-28,20260728_USDJPY_NONE_NO_TRADE,USDJPY,NONE,NO_TRADE,False,,,163.832001,-0.000372,-0.003247,-0.038149,-0.036263,,,,,False,ok,not_applicable,not_applicable,scored,verified,2026-09-26 09:45:24 UTC
2026-07-28,20260728_VIX_NONE_NO_TRADE,VIX,NONE,NO_TRADE,False,,,18.67,-0.024639,-0.084628,-0.150509,-0.171934,,,,,False,ok,not_applicable,not_applicable,scored,partially_verified,2026-08-31 03:21:45 UTC
2026-07-28,20260728_WTI_NONE_NO_TRADE,WTI,NONE,NO_TRADE,False,,,82.610001,-0.040552,0.011863,-0.027479,-0.00581,,,,,False,ok,not_applicable,not_applicable,scored,verified,2026-09-21 12:59:45 UTC
2026-07-29,20260729_BTC_NONE_NO_TRADE,BTC,NONE,NO_TRADE,False,,,63724.898438,0.002876,-0.014298,-0.003812,0.018129,,,,,False,ok,not_applicable,not_applicable,scored,verified,2026-08-31 03:21:45 UTC
2026-07-29,20260729_DXY_NONE_NO_TRADE,DXY,NONE,NO_TRADE,False,,,101.379997,-0.005721,-0.015585,-0.014697,-0.015388,,,,,False,ok,not_applicable,not_applicable,scored,verified,2026-09-21 12:59:45 UTC
2026-07-29,20260729_ETH_NONE_NO_TRADE,ETH,NONE,NO_TRADE,False,,,1890.613525,0.009471,-0.016009,-0.00428,0.011989,,,,,False,ok,not_applicable,not_applicable,scored,partially_verified,2026-08-31 03:21:45 UTC
2026-07-29,20260729_GOLD_LONG_B-PULLBACK,GOLD,LONG,B,True,4010.0,110.0,4038.699951,-0.000594,0.016911,0.028202,0.099636,0.2391,0.8818,1.2964,3.9191,True,ok,success,success,scored,verified,2026-09-21 12:59:45 UTC
2026-07-29,20260729_NASDAQ_SHORT_B-REVERSAL,NASDAQ,SHORT,B,True,28325.0,625.0,27922.0,-0.020772,0.017271,0.069533,0.061027,1.5728,-0.1268,-2.4616,-2.0816,True,ok,failure,failure,scored,partially_verified,2026-09-21 12:59:45 UTC
2026-07-29,20260729_SPX_NONE_NO_TRADE,SPX,NONE,NO_TRADE,False,,,7465.25,-0.015271,0.007234,0.04022,0.037809,,,,,False,ok,not_applicable,not_applicable,scored,verified,2026-09-21 12:59:45 UTC
2026-07-29,20260729_US10Y_NONE_NO_TRADE,US10Y,NONE,NO_TRADE,False,,,4.604,0.00391,0.030625,0.004996,0.017376,,,,,False,ok,not_applicable,not_applicable,scored,verified,2026-08-31 03:21:45 UTC
2026-07-29,20260729_USDJPY_NONE_NO_TRADE,USDJPY,NONE,NO_TRADE,False,,,163.610992,0.001546,-0.020952,-0.037173,-0.027229,,,,,False,ok,not_applicable,not_applicable,scored,partially_verified,2026-09-26 09:45:24 UTC
2026-07-29,20260729_VIX_NONE_NO_TRADE,VIX,NONE,NO_TRADE,False,,,18.209999,0.134542,-0.121911,-0.093904,-0.160901,,,,,False,ok,not_applicable,not_applicable,scored,verified,2026-08-31 03:21:45 UTC
2026-07-29,20260729_WTI_NONE_NO_TRADE,WTI,NONE,NO_TRADE,False,,,79.260002,0.065607,0.068256,-0.044032,0.04971,,,,,False,ok,not_applicable,not_applicable,scored,partially_verified,2026-09-21 12:59:45 UTC
2026-07-30,20260730_BTC_NONE_NO_TRADE,BTC,NONE,NO_TRADE,False,,,63871.363281,0.01337,-0.017348,-0.006426,0.016178,,,,,False,ok,not_applicable,not_applicable,scored,verified,2026-08-31 03:21:45 UTC
2026-07-30,20260730_DXY_NONE_NO_TRADE,DXY,NONE,NO_TRADE,False,,,100.800003,-0.007837,-0.008333,-0.011012,-0.007837,,,,,False,ok,not_applicable,not_applicable,scored,partially_verified,2026-09-21 12:59:45 UTC
2026-07-30,20260730_ETH_NONE_NO_TRADE,ETH,NONE,NO_TRADE,False,,,1919.948486,-0.001341,-0.039861,-0.032132,-0.0023,,,,,False,ok,not_applicable,not_applicable,scored,partially_verified,2026-08-31 03:21:45 UTC
2026-07-30,20260730_GOLD_LONG_B-PULLBACK,GOLD,LONG,B,True,4025.0,115.0,4036.300049,0.015807,0.013428,0.06662,0.10683,0.653,0.5696,2.4365,3.8478,True,ok,success,success,scored,partially_verified,2026-09-21 12:59:45 UTC
2026-07-30,20260730_NASDAQ_SHORT_B-PULLBACK,NASDAQ,SHORT,B,True,28165.0,635.0,27342.0,0.032761,0.05668,0.083132,0.091846,-0.1146,-1.1445,-2.2835,-2.6587,True,ok,failure,failure,scored,verified,2026-09-21 12:59:45 UTC
2026-07-30,20260730_SPX_NONE_NO_TRADE,SPX,NONE,NO_TRADE,False,,,7351.25,0.016494,0.037681,0.054174,0.057031,,,,,False,ok,not_applicable,not_applicable,scored,partially_verified,2026-09-21 12:59:45 UTC
2026-07-30,20260730_US10Y_NONE_NO_TRADE,US10Y,NONE,NO_TRADE,False,,,4.622,0.008871,0.013847,-0.001082,0.012981,,,,,False,ok,not_applicable,not_applicable,scored,verified,2026-08-31 03:21:45 UTC
2026-07-30,20260730_USDJPY_NONE_NO_TRADE,USDJPY,NONE,NO_TRADE,False,,,163.770996,-0.002876,-0.037791,-0.037119,-0.027514,,,,,False,ok,not_applicable,not_applicable,scored,verified,2026-09-26 09:45:24 UTC
2026-07-30,20260730_VIX_NONE_NO_TRADE,VIX,NONE,NO_TRADE,False,,,20.66,-0.172798,-0.232333,-0.234753,-0.295741,,,,,False,ok,not_applicable,not_applicable,scored,verified,2026-08-31 03:21:45 UTC
2026-07-30,20260730_WTI_NONE_NO_TRADE,WTI,NONE,NO_TRADE,False,,,84.459999,-0.010301,-0.048781,-0.109401,-0.01409,,,,,False,ok,not_applicable,not_applicable,scored,verified,2026-09-21 12:59:45 UTC
2026-07-31,20260731_BTC_NONE_NO_TRADE,BTC,NONE,NO_TRADE,False,,,63908.167969,-0.017125,-0.006668,0.002312,0.014657,,,,,False,ok,not_applicable,not_applicable,scored,verified,2026-08-31 03:21:45 UTC
2026-07-31,20260731_DXY_NONE_NO_TRADE,DXY,NONE,NO_TRADE,False,,,100.010002,-0.0021,-0.0012,-0.0004,-0.0005,,,,,False,ok,not_applicable,not_applicable,scored,partially_verified,2026-09-21 12:59:45 UTC
2026-07-31,20260731_ETH_NONE_NO_TRADE,ETH,NONE,NO_TRADE,False,,,1908.519043,-0.025241,-0.013622,-0.021028,8.6e-05,,,,,False,ok,not_applicable,not_applicable,scored,partially_verified,2026-08-31 03:21:45 UTC
2026-07-31,20260731_GOLD_LONG_B-PULLBACK,GOLD,LONG,B,True,4075.0,105.0,4100.100098,0.001683,0.012805,0.048657,0.07812,0.3048,0.739,2.139,3.2895,True,ok,success,success,scored,verified,2026-09-21 12:59:45 UTC
2026-07-31,20260731_NASDAQ_NONE_NO_TRADE,NASDAQ,NONE,NO_TRADE,False,,,28237.75,0.005896,0.057574,0.044285,0.069083,,,,,False,ok,not_applicable,not_applicable,scored,partially_verified,2026-09-21 12:59:45 UTC
2026-07-31,20260731_SPX_NONE_NO_TRADE,SPX,NONE,NO_TRADE,False,,,7472.5,0.006256,0.03921,0.035095,0.046838,,,,,False,ok,not_applicable,not_applicable,scored,verified,2026-09-21 12:59:45 UTC
2026-07-31,20260731_US10Y_NONE_NO_TRADE,US10Y,NONE,NO_TRADE,False,,,4.663,0.017585,-0.00772,0.001501,-0.004718,,,,,False,ok,not_applicable,not_applicable,scored,partially_verified,2026-08-31 03:21:45 UTC
2026-07-31,20260731_USDJPY_NONE_NO_TRADE,USDJPY,NONE,NO_TRADE,False,,,163.863998,-0.022464,-0.03866,-0.038227,-0.027681,,,,,False,ok,not_applicable,not_applicable,scored,partially_verified,2026-09-26 09:45:24 UTC
2026-07-31,20260731_VIX_NONE_NO_TRADE,VIX,NONE,NO_TRADE,False,,,17.09,-0.064365,-0.034523,-0.113517,-0.143944,,,,,False,ok,not_applicable,not_applicable,scored,verified,2026-08-31 03:21:45 UTC
2026-07-31,20260731_WTI_NONE_NO_TRADE,WTI,NONE,NO_TRADE,False,,,83.589996,0.01292,-0.093552,-0.075368,-0.027994,,,,,False,ok,not_applicable,not_applicable,scored,partially_verified,2026-09-21 12:59:45 UTC
2026-08-01,20260801_BTC_NONE_NO_TRADE,BTC,NONE,NO_TRADE,False,,,64725.308594,-0.030313,-0.019535,-0.001975,-0.012587,,,,,False,ok,not_applicable,not_applicable,scored,verified,2026-08-31 03:21:45 UTC
2026-08-01,20260801_DXY_NONE_NO_TRADE,DXY,NONE,NO_TRADE,False,,,99.800003,0.001603,-0.001102,-0.002004,-0.001303,,,,,False,ok,not_applicable,not_applicable,scored,partially_verified,2026-09-21 12:59:45 UTC
2026-08-01,20260801_ETH_NONE_NO_TRADE,ETH,NONE,NO_TRADE,False,,,1917.372925,-0.038571,-0.030832,-0.005657,-0.02404,,,,,False,ok,not_applicable,not_applicable,scored,partially_verified,2026-08-31 03:21:45 UTC
2026-08-01,20260801_GOLD_LONG_B-PULLBACK,GOLD,LONG,B,True,4032.5,112.5,4107.0,-0.004018,0.048259,0.071269,0.080424,0.5156,2.424,3.264,3.5982,False,ok,success,success,scored,partially_verified,2026-09-21 12:59:45 UTC
2026-08-01,20260801_NASDAQ_LONG_B-PULLBACK,NASDAQ,LONG,B,True,28200.0,800.0,28404.25,0.017163,0.042626,0.050362,0.06117,0.8647,1.7688,2.0434,2.4272,False,ok,success,success,scored,partially_verified,2026-09-21 12:59:45 UTC
2026-08-01,20260801_SPX_NONE_NO_TRADE,SPX,NONE,NO_TRADE,False,,,7519.25,0.014496,0.030621,0.034644,0.038002,,,,,False,ok,not_applicable,not_applicable,scored,verified,2026-09-21 12:59:45 UTC
2026-08-01,20260801_US10Y_NONE_NO_TRADE,US10Y,NONE,NO_TRADE,False,,,4.745,-0.012434,-0.026976,-0.017914,-0.010327,,,,,False,ok,not_applicable,not_applicable,scored,verified,2026-08-20 22:10:40 UTC
2026-08-01,20260801_USDJPY_NONE_NO_TRADE,USDJPY,NONE,NO_TRADE,False,,,163.300003,-0.035015,-0.034342,-0.029951,-0.023723,,,,,False,ok,not_applicable,not_applicable,scored,partially_verified,2026-09-26 09:45:24 UTC
2026-08-01,20260801_VIX_NONE_NO_TRADE,VIX,NONE,NO_TRADE,False,,,15.99,-0.00813,-0.011257,-0.068168,-0.108818,,,,,False,ok,not_applicable,not_applicable,scored,verified,2026-08-21 22:03:41 UTC
2026-08-01,20260801_WTI_NONE_NO_TRADE,WTI,NONE,NO_TRADE,False,,,84.669998,-0.05114,-0.11161,-0.076651,-0.02681,,,,,False,ok,not_applicable,not_applicable,scored,verified,2026-09-21 12:59:45 UTC
2026-08-02,20260802_BTC_NONE_NO_TRADE,BTC,NONE,NO_TRADE,False,,,62813.746094,0.010639,0.019776,0.023058,0.011751,,,,,False,ok,not_applicable,not_applicable,scored,verified,2026-08-31 03:21:45 UTC
2026-08-02,20260802_DXY_NONE_NO_TRADE,DXY,NONE,NO_TRADE,False,,,99.800003,0.001603,-0.001102,-0.002004,-0.001303,,,,,False,ok,not_applicable,not_applicable,scored,partially_verified,2026-09-21 12:59:45 UTC
2026-08-02,20260802_ETH_NONE_NO_TRADE,ETH,NONE,NO_TRADE,False,,,1860.345947,0.01192,0.004322,0.022421,0.011303,,,,,False,ok,not_applicable,not_applicable,scored,unverified,2026-08-31 03:21:45 UTC
2026-08-02,20260802_GOLD_NONE_NO_TRADE,GOLD,NONE,NO_TRADE,False,,,4107.0,-0.004018,0.048259,0.071269,0.080424,,,,,False,ok,not_applicable,not_applicable,scored,partially_verified,2026-09-21 12:59:45 UTC
2026-08-02,20260802_NASDAQ_NONE_NO_TRADE,NASDAQ,NONE,NO_TRADE,False,,,28404.25,0.017163,0.042626,0.050362,0.06117,,,,,False,ok,not_applicable,not_applicable,scored,verified,2026-09-21 12:59:45 UTC
2026-08-02,20260802_SPX_NONE_NO_TRADE,SPX,NONE,NO_TRADE,False,,,7519.25,0.014496,0.030621,0.034644,0.038002,,,,,False,ok,not_applicable,not_applicable,scored,verified,2026-09-21 12:59:45 UTC
2026-08-02,20260802_US10Y_NONE_NO_TRADE,US10Y,NONE,NO_TRADE,False,,,4.745,-0.012434,-0.026976,-0.017914,-0.010327,,,,,False,ok,not_applicable,not_applicable,scored,partially_verified,2026-08-20 22:10:40 UTC
2026-08-02,20260802_USDJPY_NONE_NO_TRADE,USDJPY,NONE,NO_TRADE,False,,,163.300003,-0.035015,-0.034342,-0.029951,-0.023723,,,,,False,ok,not_applicable,not_applicable,scored,verified,2026-09-26 09:45:24 UTC
2026-08-02,20260802_VIX_NONE_NO_TRADE,VIX,NONE,NO_TRADE,False,,,15.99,-0.00813,-0.011257,-0.068168,-0.108818,,,,,False,ok,not_applicable,not_applicable,scored,verified,2026-08-21 22:03:41 UTC
2026-08-02,20260802_WTI_NONE_NO_TRADE,WTI,NONE,NO_TRADE,False,,,84.669998,-0.05114,-0.11161,-0.076651,-0.02681,,,,,False,ok,not_applicable,not_applicable,scored,verified,2026-09-21 12:59:45 UTC
2026-08-03,20260803_BTC_NONE_NO_TRADE,BTC,NONE,NO_TRADE,False,,,62763.320312,0.011114,0.029224,0.033728,0.010183,,,,,False,ok,not_applicable,not_applicable,scored,partially_verified,2026-08-31 03:21:45 UTC
2026-08-03,20260803_DXY_NONE_NO_TRADE,DXY,NONE,NO_TRADE,False,,,99.800003,0.001603,-0.001102,-0.002004,-0.001303,,,,,False,ok,not_applicable,not_applicable,scored,partially_verified,2026-09-21 12:59:45 UTC
2026-08-03,20260803_ETH_LONG_B-PULLBACK,ETH,LONG,B,False,1600.0,120.0,1843.417725,0.00805,0.034234,0.037898,0.018833,,,,,False,scale_mismatch,suspect_data,suspect_data,scored,partially_verified,2026-08-31 03:21:45 UTC
2026-08-03,20260803_GOLD_NONE_NO_TRADE,GOLD,NONE,NO_TRADE,False,,,4107.0,-0.004018,0.048259,0.071269,0.080424,,,,,False,ok,not_applicable,not_applicable,scored,partially_verified,2026-09-21 12:59:45 UTC
2026-08-03,20260803_NASDAQ_LONG_B-PULLBACK,NASDAQ,LONG,B,True,28200.0,800.0,28404.25,0.017163,0.042626,0.050362,0.06117,0.8647,1.7688,2.0434,2.4272,False,ok,success,success,scored,partially_verified,2026-09-21 12:59:45 UTC
2026-08-03,20260803_SPX_NONE_NO_TRADE,SPX,NONE,NO_TRADE,False,,,7519.25,0.014496,0.030621,0.034644,0.038002,,,,,False,ok,not_applicable,not_applicable,scored,partially_verified,2026-09-21 12:59:45 UTC
2026-08-03,20260803_US10Y_NONE_NO_TRADE,US10Y,NONE,NO_TRADE,False,,,4.745,-0.012434,-0.026976,-0.017914,-0.010327,,,,,False,ok,not_applicable,not_applicable,scored,partially_verified,2026-08-31 03:21:45 UTC
2026-08-03,20260803_USDJPY_NONE_NO_TRADE,USDJPY,NONE,NO_TRADE,False,,,163.300003,-0.035015,-0.034342,-0.029951,-0.023723,,,,,False,ok,not_applicable,not_applicable,scored,verified,2026-09-26 09:45:24 UTC
2026-08-03,20260803_VIX_NONE_NO_TRADE,VIX,NONE,NO_TRADE,False,,,15.99,-0.00813,-0.011257,-0.068168,-0.108818,,,,,False,ok,not_applicable,not_applicable,scored,partially_verified,2026-08-31 03:21:45 UTC
2026-08-03,20260803_WTI_NONE_NO_TRADE,WTI,NONE,NO_TRADE,False,,,84.669998,-0.05114,-0.11161,-0.076651,-0.02681,,,,,False,ok,not_applicable,not_applicable,scored,verified,2026-09-21 12:59:45 UTC
2026-08-04,20260804_BTC_NONE_NO_TRADE,BTC,NONE,NO_TRADE,False,,,63482.0,0.009041,0.012289,0.022411,-0.001257,,,,,False,ok,not_applicable,not_applicable,scored,partially_verified,2026-08-31 03:21:45 UTC
2026-08-04,20260804_DXY_NONE_NO_TRADE,DXY,NONE,NO_TRADE,False,,,99.959999,-0.0007,0.0001,-0.001501,-0.003201,,,,,False,ok,not_applicable,not_applicable,scored,partially_verified,2026-09-21 12:59:45 UTC
2026-08-04,20260804_ETH_LONG_B-PULLBACK,ETH,LONG,B,False,1665.0,135.0,1882.521973,-0.007509,0.010377,0.017536,0.000781,,,,,False,scale_mismatch,suspect_data,suspect_data,scored,partially_verified,2026-08-31 03:21:45 UTC
2026-08-04,20260804_GOLD_NONE_NO_TRADE,GOLD,NONE,NO_TRADE,False,,,4090.5,0.015182,0.051118,0.080479,0.093681,,,,,False,ok,not_applicable,not_applicable,scored,partially_verified,2026-09-21 12:59:45 UTC
2026-08-04,20260804_NASDAQ_LONG_A-PULLBACK,NASDAQ,LONG,A,True,28850.0,950.0,28891.75,0.033634,0.020646,0.029256,0.041681,1.0668,0.6718,0.9337,1.3116,True,ok,success,success,scored,partially_verified,2026-09-21 12:59:45 UTC
2026-08-04,20260804_SPX_LONG_B-PULLBACK,SPX,LONG,B,True,7545.0,195.0,7628.25,0.017992,0.013961,0.019467,0.018418,1.1308,0.9731,1.1885,1.1474,False,ok,success,success,scored,partially_verified,2026-09-21 12:59:45 UTC
2026-08-04,20260804_US10Y_NONE_NO_TRADE,US10Y,NONE,NO_TRADE,False,,,4.686,-0.012591,-0.003414,0.002774,0.008109,,,,,False,ok,not_applicable,not_applicable,scored,partially_verified,2026-08-31 03:21:45 UTC
2026-08-04,20260804_USDJPY_NONE_NO_TRADE,USDJPY,NONE,NO_TRADE,False,,,160.182999,-0.016568,-0.016125,-0.014309,-0.005993,,,,,False,ok,not_applicable,not_applicable,scored,verified,2026-09-26 09:45:24 UTC
2026-08-04,20260804_VIX_NONE_NO_TRADE,VIX,NONE,NO_TRADE,False,,,15.86,0.040353,-0.044767,-0.025221,-0.042245,,,,,False,ok,not_applicable,not_applicable,scored,partially_verified,2026-08-31 03:21:45 UTC
2026-08-04,20260804_WTI_NONE_NO_TRADE,WTI,NONE,NO_TRADE,False,,,80.339996,-0.056883,-0.037964,0.02228,0.05178,,,,,False,ok,not_applicable,not_applicable,scored,partially_verified,2026-09-21 12:59:45 UTC
2026-08-05,20260805_BTC_NONE_NO_TRADE,BTC,NONE,NO_TRADE,False,,,63460.898438,0.01791,0.022365,0.021809,-0.007647,,,,,False,ok,not_applicable,not_applicable,scored,partially_verified,2026-08-31 03:21:45 UTC
2026-08-05,20260805_DXY_NONE_NO_TRADE,DXY,NONE,NO_TRADE,False,,,99.889999,-0.002002,-0.002903,-0.000701,-0.002403,,,,,False,ok,not_applicable,not_applicable,scored,verified,2026-09-21 12:59:45 UTC
2026-08-05,20260805_ETH_NONE_NO_TRADE,ETH,NONE,NO_TRADE,False,,,1858.25647,0.025976,0.02961,0.027136,0.012051,,,,,False,ok,not_applicable,not_applicable,scored,partially_verified,2026-08-31 03:21:45 UTC
2026-08-05,20260805_GOLD_NONE_NO_TRADE,GOLD,NONE,NO_TRADE,False,,,4152.600098,0.036748,0.059505,0.069475,0.064538,,,,,False,ok,not_applicable,not_applicable,scored,partially_verified,2026-09-21 12:59:45 UTC
2026-08-05,20260805_NASDAQ_LONG_B-PULLBACK,NASDAQ,LONG,B,True,29325.0,875.0,29863.5,-0.008321,-0.000963,-0.007953,-0.009292,0.3314,0.5826,0.344,0.2983,True,ok,success,success,scored,partially_verified,2026-09-21 12:59:45 UTC
2026-08-05,20260805_SPX_LONG_B-PULLBACK,SPX,LONG,B,True,7670.0,200.0,7765.5,-0.00206,0.001835,-0.002318,-0.006632,0.3975,0.5487,0.3875,0.22,False,ok,success,success,scored,partially_verified,2026-09-21 12:59:45 UTC
2026-08-05,20260805_US10Y_NONE_NO_TRADE,US10Y,NONE,NO_TRADE,False,,,4.627,-0.002161,0.007132,0.012319,0.017074,,,,,False,ok,not_applicable,not_applicable,scored,verified,2026-08-31 03:21:45 UTC
2026-08-05,20260805_USDJPY_NONE_NO_TRADE,USDJPY,NONE,NO_TRADE,False,,,157.582001,0.000698,0.005248,0.009988,0.011156,,,,,False,ok,not_applicable,not_applicable,scored,verified,2026-09-26 09:45:24 UTC
2026-08-05,20260805_VIX_NONE_NO_TRADE,VIX,NONE,NO_TRADE,False,,,16.5,-0.041818,-0.09697,-0.073939,-0.04,,,,,False,ok,not_applicable,not_applicable,scored,partially_verified,2026-08-31 03:21:45 UTC
2026-08-05,20260805_WTI_NONE_NO_TRADE,WTI,NONE,NO_TRADE,False,,,75.769997,-0.007259,0.031807,0.09806,0.121024,,,,,False,ok,not_applicable,not_applicable,scored,verified,2026-09-21 12:59:45 UTC
2026-08-06,20260806_BTC_NONE_NO_TRADE,BTC,NONE,NO_TRADE,False,,,64055.953125,0.003218,0.01325,-0.002269,-0.016105,,,,,False,ok,not_applicable,not_applicable,scored,partially_verified,2026-08-31 03:21:45 UTC
2026-08-06,20260806_DXY_NONE_NO_TRADE,DXY,NONE,NO_TRADE,False,,,99.690002,0.002809,0.001204,0.00321,-0.008627,,,,,False,ok,not_applicable,not_applicable,scored,partially_verified,2026-09-21 12:59:45 UTC
2026-08-06,20260806_ETH_NONE_NO_TRADE,ETH,NONE,NO_TRADE,False,,,1868.385864,0.018022,0.025234,0.001548,0.006702,,,,,False,ok,not_applicable,not_applicable,scored,partially_verified,2026-08-31 03:21:45 UTC
2026-08-06,20260806_GOLD_LONG_B-PULLBACK,GOLD,LONG,B,True,4215.0,175.0,4305.200195,-0.001301,0.026596,0.037699,0.05577,0.4834,1.1697,1.4429,1.8874,False,ok,success,success,scored,partially_verified,2026-09-21 12:59:45 UTC
2026-08-06,20260806_NASDAQ_LONG_B-PULLBACK,NASDAQ,LONG,B,True,29175.0,975.0,29615.0,-0.00428,0.00412,0.008045,-0.003453,0.3213,0.5764,0.6956,0.3464,True,ok,success,success,scored,partially_verified,2026-09-21 12:59:45 UTC
2026-08-06,20260806_SPX_LONG_B-PULLBACK,SPX,LONG,B,True,7670.0,200.0,7749.5,-0.001903,0.003516,0.00271,-0.002645,0.3237,0.5337,0.5025,0.295,False,ok,success,success,scored,partially_verified,2026-09-21 12:59:45 UTC
2026-08-06,20260806_US10Y_NONE_NO_TRADE,US10Y,NONE,NO_TRADE,False,,,4.617,0.011479,0.01776,0.014078,0.007797,,,,,False,ok,not_applicable,not_applicable,scored,verified,2026-08-31 03:21:45 UTC
2026-08-06,20260806_USDJPY_NONE_NO_TRADE,USDJPY,NONE,NO_TRADE,False,,,157.529007,0.000451,0.002298,0.01102,0.012829,,,,,False,ok,not_applicable,not_applicable,scored,partially_verified,2026-09-26 09:45:24 UTC
2026-08-06,20260806_VIX_NONE_NO_TRADE,VIX,NONE,NO_TRADE,False,,,15.81,-0.041746,-0.022138,-0.079696,-0.058191,,,,,False,ok,not_applicable,not_applicable,scored,partially_verified,2026-08-31 03:21:45 UTC
2026-08-06,20260806_WTI_NONE_NO_TRADE,WTI,NONE,NO_TRADE,False,,,75.220001,0.027519,0.091864,0.107019,0.141053,,,,,False,ok,not_applicable,not_applicable,scored,partially_verified,2026-09-21 12:59:45 UTC
2026-08-07,20260807_BTC_NONE_NO_TRADE,BTC,NONE,NO_TRADE,False,,,64597.5,0.004376,0.00383,-0.016187,-0.027537,,,,,False,ok,not_applicable,not_applicable,scored,partially_verified,2026-08-31 03:21:45 UTC
2026-08-07,20260807_DXY_NONE_NO_TRADE,DXY,NONE,NO_TRADE,False,,,99.970001,-0.003701,-0.0015,-0.0001,-0.010703,,,,,False,ok,not_applicable,not_applicable,scored,partially_verified,2026-09-21 12:59:45 UTC
2026-08-07,20260807_ETH_NONE_NO_TRADE,ETH,NONE,NO_TRADE,False,,,1906.526001,0.003542,0.001131,-0.013193,-0.01709,,,,,False,ok,not_applicable,not_applicable,scored,partially_verified,2026-08-31 03:21:45 UTC
2026-08-07,20260807_GOLD_LONG_B-PULLBACK,GOLD,LONG,B,True,4235.0,185.0,4299.600098,0.023281,0.03291,0.028096,0.063215,0.8903,1.1141,1.0022,1.8184,False,ok,success,success,scored,verified,2026-09-21 12:59:45 UTC
2026-08-07,20260807_NASDAQ_LONG_B-PULLBACK,NASDAQ,LONG,B,True,29050.0,1000.0,29488.25,0.01175,0.004671,0.023747,-0.006367,0.7847,0.576,1.1385,0.2505,False,ok,success,success,scored,partially_verified,2026-09-21 12:59:45 UTC
2026-08-07,20260807_SPX_LONG_B-PULLBACK,SPX,LONG,B,True,7655.0,195.0,7734.75,0.005818,0.001648,0.011345,-0.009341,0.6397,0.4744,0.859,0.0385,False,ok,success,success,scored,partially_verified,2026-09-21 12:59:45 UTC
2026-08-07,20260807_US10Y_NONE_NO_TRADE,US10Y,NONE,NO_TRADE,False,,,4.67,-0.002141,0.002998,-0.00621,0.005567,,,,,False,ok,not_applicable,not_applicable,scored,partially_verified,2026-08-31 03:21:45 UTC
2026-08-07,20260807_USDJPY_NONE_NO_TRADE,USDJPY,NONE,NO_TRADE,False,,,157.692001,0.004547,0.009284,0.010375,0.003703,,,,,False,ok,not_applicable,not_applicable,scored,partially_verified,2026-09-26 09:45:24 UTC
2026-08-07,20260807_VIX_NONE_NO_TRADE,VIX,NONE,NO_TRADE,False,,,15.15,-0.016502,0.008581,-0.034323,0.056766,,,,,False,ok,not_applicable,not_applicable,scored,partially_verified,2026-08-31 03:21:45 UTC
2026-08-07,20260807_WTI_NONE_NO_TRADE,WTI,NONE,NO_TRADE,False,,,77.290001,0.011515,0.076465,0.051236,0.13637,,,,,False,ok,not_applicable,not_applicable,scored,verified,2026-09-21 12:59:45 UTC
2026-08-08,20260808_BTC_NONE_NO_TRADE,BTC,NONE,NO_TRADE,False,,,64262.113281,0.009999,-0.00547,-0.013378,0.003799,,,,,False,ok,not_applicable,not_applicable,scored,partially_verified,2026-08-31 03:21:45 UTC
2026-08-08,20260808_DXY_NONE_NO_TRADE,DXY,NONE,NO_TRADE,False,,,99.599998,0.002108,0.004117,0.000703,-0.008032,,,,,False,ok,not_applicable,not_applicable,scored,verified,2026-09-21 12:59:45 UTC
2026-08-08,20260808_ETH_NONE_NO_TRADE,ETH,NONE,NO_TRADE,False,,,1902.057495,0.007085,-0.016182,-0.012577,0.005334,,,,,False,ok,not_applicable,not_applicable,scored,partially_verified,2026-08-31 03:21:45 UTC
2026-08-08,20260808_GOLD_BUY_PULLBACK,GOLD,LONG,A,True,4335.0,215.0,4399.700195,0.004546,0.01541,0.008546,0.063845,0.394,0.6163,0.4758,1.6074,False,ok,success,success,scored,verified,2026-09-21 12:59:45 UTC
2026-08-08,20260808_NASDAQ_BUY_PULLBACK,NASDAQ,LONG,B,True,29550.0,1100.0,29834.75,-0.003276,0.00062,0.01029,-0.014983,0.17,0.2757,0.538,-0.1475,True,ok,success,failure,scored,partially_verified,2026-09-21 12:59:45 UTC
2026-08-08,20260808_SPX_BUY_PULLBACK,SPX,LONG,B,True,7705.0,205.0,7779.75,-0.000386,-0.001189,0.003246,-0.011376,0.35,0.3195,0.4878,-0.0671,False,ok,success,failure,scored,partially_verified,2026-09-21 12:59:45 UTC
2026-08-08,20260808_US10Y_NONE_NO_TRADE,US10Y,NONE,NO_TRADE,False,,,4.66,0.008369,0.004721,0.007725,0.016738,,,,,False,ok,not_applicable,not_applicable,scored,verified,2026-08-21 22:03:41 UTC
2026-08-08,20260808_USDJPY_NONE_NO_TRADE,USDJPY,NONE,NO_TRADE,False,,,157.600006,0.001846,0.010565,0.011586,0.008141,,,,,False,ok,not_applicable,not_applicable,scored,verified,2026-09-26 09:45:24 UTC
2026-08-08,20260808_VIX_NONE_NO_TRADE,VIX,NONE,NO_TRADE,False,,,14.9,0.037584,-0.02349,-0.043624,0.015436,,,,,False,ok,not_applicable,not_applicable,scored,partially_verified,2026-08-21 22:03:41 UTC
2026-08-08,20260808_WTI_NONE_NO_TRADE,WTI,NONE,NO_TRADE,False,,,78.18,0.050524,0.065106,0.053978,0.113584,,,,,False,ok,not_applicable,not_applicable,scored,verified,2026-09-21 12:59:45 UTC
2026-08-09,20260809_BTC_NONE_NO_TRADE,BTC,NONE,NO_TRADE,False,,,64880.191406,-0.000544,-0.020473,-0.022781,-0.003075,,,,,False,ok,not_applicable,not_applicable,scored,partially_verified,2026-08-31 03:21:45 UTC
2026-08-09,20260809_DXY_NONE_NO_TRADE,DXY,NONE,NO_TRADE,False,,,99.599998,0.002108,0.004117,0.000703,-0.008032,,,,,False,ok,not_applicable,not_applicable,scored,partially_verified,2026-09-21 12:59:45 UTC
2026-08-09,20260809_ETH_NONE_NO_TRADE,ETH,NONE,NO_TRADE,False,,,1913.279419,-0.002403,-0.016676,-0.015308,0.001662,,,,,False,ok,not_applicable,not_applicable,scored,partially_verified,2026-08-31 03:21:45 UTC
2026-08-09,20260809_GOLD_BUY_PULLBACK,GOLD,LONG,A,True,4355.0,175.0,4399.700195,0.004546,0.01541,0.008546,0.063845,0.3697,0.6429,0.4703,1.8606,True,ok,success,success,scored,partially_verified,2026-09-21 12:59:45 UTC
2026-08-09,20260809_NASDAQ_BUY_PULLBACK,NASDAQ,LONG,B,True,27750.0,1000.0,29834.75,-0.003276,0.00062,0.01029,-0.014983,1.987,2.1033,2.3918,1.6378,False,ok,success,success,scored,partially_verified,2026-09-21 12:59:45 UTC
2026-08-09,20260809_SPX_BUY_PULLBACK,SPX,LONG,B,True,7740.0,200.0,7779.75,-0.000386,-0.001189,0.003246,-0.011376,0.1837,0.1525,0.325,-0.2437,True,ok,success,failure,scored,partially_verified,2026-09-21 12:59:45 UTC
2026-08-09,20260809_US10Y_NONE_NO_TRADE,US10Y,NONE,NO_TRADE,False,,,4.66,0.008369,0.004721,0.007725,0.016738,,,,,False,ok,not_applicable,not_applicable,scored,verified,2026-08-21 22:03:41 UTC
2026-08-09,20260809_USDJPY_NONE_NO_TRADE,USDJPY,NONE,NO_TRADE,False,,,157.600006,0.001846,0.010565,0.011586,0.008141,,,,,False,ok,not_applicable,not_applicable,scored,partially_verified,2026-09-26 09:45:24 UTC
2026-08-09,20260809_VIX_NONE_NO_TRADE,VIX,NONE,NO_TRADE,False,,,14.9,0.037584,-0.02349,-0.043624,0.015436,,,,,False,ok,not_applicable,not_applicable,scored,partially_verified,2026-08-21 22:03:41 UTC
2026-08-09,20260809_WTI_NONE_NO_TRADE,WTI,NONE,NO_TRADE,False,,,78.18,0.050524,0.065106,0.053978,0.113584,,,,,False,ok,not_applicable,not_applicable,scored,verified,2026-09-21 12:59:45 UTC
2026-08-10,20260810_BTC_NONE_NO_TRADE,BTC,NONE,NO_TRADE,False,,,64904.6875,-0.015316,-0.023146,-0.029722,0.067199,,,,,False,ok,not_applicable,not_applicable,scored,partially_verified,2026-08-31 03:21:45 UTC
2026-08-10,20260810_DXY_NONE_NO_TRADE,DXY,NONE,NO_TRADE,False,,,99.599998,0.002108,0.004117,0.000703,-0.008032,,,,,False,ok,not_applicable,not_applicable,scored,partially_verified,2026-09-21 12:59:45 UTC
2026-08-10,20260810_ETH_NONE_NO_TRADE,ETH,NONE,NO_TRADE,False,,,1915.532959,-0.023103,-0.019524,-0.018211,0.175369,,,,,False,ok,not_applicable,not_applicable,scored,partially_verified,2026-08-31 03:21:45 UTC
2026-08-10,20260810_GOLD_BUY_PULLBACK,GOLD,LONG,A,True,4355.0,175.0,4399.700195,0.004546,0.01541,0.008546,0.063845,0.3697,0.6429,0.4703,1.8606,True,ok,success,success,scored,partially_verified,2026-09-21 12:59:45 UTC
2026-08-10,20260810_NASDAQ_BUY_PULLBACK,NASDAQ,LONG,B,True,27750.0,1000.0,29834.75,-0.003276,0.00062,0.01029,-0.014983,1.987,2.1033,2.3918,1.6378,False,ok,success,success,scored,partially_verified,2026-09-21 12:59:45 UTC
2026-08-10,20260810_SPX_BUY_PULLBACK,SPX,LONG,B,True,7740.0,200.0,7779.75,-0.000386,-0.001189,0.003246,-0.011376,0.1837,0.1525,0.325,-0.2437,True,ok,success,failure,scored,partially_verified,2026-09-21 12:59:45 UTC
2026-08-10,20260810_US10Y_NONE_NO_TRADE,US10Y,NONE,NO_TRADE,False,,,4.66,0.008369,0.004721,0.007725,0.016738,,,,,False,ok,not_applicable,not_applicable,scored,partially_verified,2026-08-31 03:21:45 UTC
2026-08-10,20260810_USDJPY_NONE_NO_TRADE,USDJPY,NONE,NO_TRADE,False,,,157.600006,0.001846,0.010565,0.011586,0.008141,,,,,False,ok,not_applicable,not_applicable,scored,partially_verified,2026-09-26 09:45:24 UTC
2026-08-10,20260810_VIX_NONE_NO_TRADE,VIX,NONE,NO_TRADE,False,,,14.9,0.037584,-0.02349,-0.043624,0.015436,,,,,False,ok,not_applicable,not_applicable,scored,partially_verified,2026-08-31 03:21:45 UTC
2026-08-10,20260810_WTI_NONE_NO_TRADE,WTI,NONE,NO_TRADE,False,,,78.18,0.050524,0.065106,0.053978,0.113584,,,,,False,ok,not_applicable,not_applicable,scored,partially_verified,2026-09-21 12:59:45 UTC
2026-08-11,20260811_BTC_NONE_NO_TRADE,BTC,NONE,NO_TRADE,False,,,64844.886719,-0.01994,-0.022249,-0.028076,0.126269,,,,,False,ok,not_applicable,not_applicable,scored,partially_verified,2026-08-31 03:21:45 UTC
2026-08-11,20260811_DXY_NONE_NO_TRADE,DXY,NONE,NO_TRADE,False,,,99.809998,0.0001,0.001503,-0.001703,-0.008115,,,,,False,ok,not_applicable,not_applicable,scored,partially_verified,2026-09-21 12:59:45 UTC
2026-08-11,20260811_ETH_NONE_NO_TRADE,ETH,NONE,NO_TRADE,False,,,1908.682739,-0.014308,-0.012936,-0.014552,0.218843,,,,,False,ok,not_applicable,not_applicable,scored,partially_verified,2026-08-31 03:21:45 UTC
2026-08-11,20260811_GOLD_BUY_PULLBACK,GOLD,LONG,B,True,4330.0,170.0,4419.700195,0.004842,0.000158,0.012218,0.062923,0.6535,0.5318,0.8453,2.1635,False,ok,success,success,scored,partially_verified,2026-09-21 12:59:45 UTC
2026-08-11,20260811_NASDAQ_BUY_PULLBACK,NASDAQ,LONG,B,True,27600.0,1000.0,29737.0,-0.003733,0.015183,0.012073,-0.021228,2.026,2.5885,2.496,1.5057,False,ok,success,success,scored,partially_verified,2026-09-21 12:59:45 UTC
2026-08-11,20260811_SPX_BUY_PULLBACK,SPX,LONG,B,True,7720.0,200.0,7776.75,-0.003761,0.005883,-0.001029,-0.013759,0.1375,0.5125,0.2437,-0.2512,True,ok,success,failure,scored,partially_verified,2026-09-21 12:59:45 UTC
2026-08-11,20260811_US10Y_NONE_NO_TRADE,US10Y,NONE,NO_TRADE,False,,,4.699,-0.003192,-0.012343,0.00532,0.001064,,,,,False,ok,not_applicable,not_applicable,scored,partially_verified,2026-08-31 03:21:45 UTC
2026-08-11,20260811_USDJPY_NONE_NO_TRADE,USDJPY,NONE,NO_TRADE,False,,,158.408997,0.004716,0.005801,0.005139,0.003125,,,,,False,ok,not_applicable,not_applicable,scored,partially_verified,2026-09-26 09:45:24 UTC
2026-08-11,20260811_VIX_NONE_NO_TRADE,VIX,NONE,NO_TRADE,False,,,15.46,-0.011643,-0.053687,-0.017464,0.025226,,,,,False,ok,not_applicable,not_applicable,scored,partially_verified,2026-08-31 03:21:45 UTC
2026-08-11,20260811_WTI_NONE_NO_TRADE,WTI,NONE,NO_TRADE,False,,,82.129997,0.013028,-0.010715,0.028857,0.035066,,,,,False,ok,not_applicable,not_applicable,scored,verified,2026-09-21 12:59:45 UTC
2026-08-12,20260812_BTC_NONE_NO_TRADE,BTC,NONE,NO_TRADE,False,,,63910.585938,-0.007951,-0.01463,-0.017085,0.2257,,,,,False,ok,not_applicable,not_applicable,scored,verified,2026-08-31 03:21:45 UTC
2026-08-12,20260812_DXY_NONE_NO_TRADE,DXY,NONE,NO_TRADE,False,,,99.82,0.001903,-0.001503,-0.001703,-0.009016,,,,,False,ok,not_applicable,not_applicable,scored,verified,2026-09-21 12:59:45 UTC
2026-08-12,20260812_ETH_NONE_NO_TRADE,ETH,NONE,NO_TRADE,False,,,1871.278687,0.003664,0.005008,0.001424,0.344151,,,,,False,ok,not_applicable,not_applicable,scored,verified,2026-08-31 03:21:45 UTC
2026-08-12,20260812_GOLD_BUY_PULLBACK,GOLD,LONG,B,True,4380.0,170.0,4441.100098,0.005944,-0.000856,-0.004616,0.057058,0.5147,0.3371,0.2388,1.85,True,ok,success,success,scored,verified,2026-09-21 12:59:45 UTC
2026-08-12,20260812_NASDAQ_BUY_PULLBACK,NASDAQ,LONG,B,True,29250.0,1000.0,29626.0,0.007671,0.017409,-0.00135,-0.011789,0.6032,0.8918,0.336,0.0267,False,ok,success,success,scored,partially_verified,2026-09-21 12:59:45 UTC
2026-08-12,20260812_SPX_BUY_PULLBACK,SPX,LONG,B,True,7700.0,190.0,7747.5,0.002969,0.007422,-0.004324,-0.007164,0.3711,0.5526,0.0737,-0.0421,True,ok,success,failure,scored,partially_verified,2026-09-21 12:59:45 UTC
2026-08-12,20260812_US10Y_NONE_NO_TRADE,US10Y,NONE,NO_TRADE,False,,,4.684,-0.000427,0.002562,0.004697,-0.009607,,,,,False,ok,not_applicable,not_applicable,scored,verified,2026-08-31 03:21:45 UTC
2026-08-12,20260812_USDJPY_NONE_NO_TRADE,USDJPY,NONE,NO_TRADE,False,,,157.891006,0.008702,0.009722,0.009177,0.007904,,,,,False,ok,not_applicable,not_applicable,scored,verified,2026-09-26 09:45:24 UTC
2026-08-12,20260812_VIX_NONE_NO_TRADE,VIX,NONE,NO_TRADE,False,,,15.28,-0.047775,-0.067408,0.036649,0.011126,,,,,False,ok,not_applicable,not_applicable,scored,verified,2026-08-31 03:21:45 UTC
2026-08-12,20260812_WTI_NONE_NO_TRADE,WTI,NONE,NO_TRADE,False,,,83.199997,0.000841,-0.009615,0.020914,-0.010096,,,,,False,ok,not_applicable,not_applicable,scored,verified,2026-09-21 12:59:45 UTC
2026-08-13,20260813_BTC_NONE_NO_TRADE,BTC,NONE,NO_TRADE,False,,,63551.875,-0.002356,-0.008301,0.015017,0.212921,,,,,False,ok,not_applicable,not_applicable,scored,verified,2026-08-31 03:21:45 UTC
2026-08-13,20260813_DXY_NONE_NO_TRADE,DXY,NONE,NO_TRADE,False,,,100.010002,-0.0005,-0.0037,-0.011799,-0.008399,,,,,False,ok,not_applicable,not_applicable,scored,verified,2026-09-21 12:59:45 UTC
2026-08-13,20260813_ETH_NONE_NO_TRADE,ETH,NONE,NO_TRADE,False,,,1881.373535,0.001391,-0.000247,0.016386,0.288554,,,,,False,ok,not_applicable,not_applicable,scored,verified,2026-08-31 03:21:45 UTC
2026-08-13,20260813_GOLD_BUY_PULLBACK,GOLD,LONG,B,True,4430.0,180.0,4467.5,-0.010543,0.001388,0.017415,0.041589,-0.0533,0.2428,0.6406,1.2406,True,ok,success,success,scored,verified,2026-09-21 12:59:45 UTC
2026-08-13,20260813_NASDAQ_BUY_PULLBACK,NASDAQ,LONG,B,True,29575.0,1025.0,29853.25,0.01123,0.008131,-0.011406,-0.018884,0.5985,0.5083,-0.0607,-0.2785,True,ok,failure,failure,scored,verified,2026-09-21 12:59:45 UTC
2026-08-13,20260813_SPX_BUY_PULLBACK,SPX,LONG,B,True,7750.0,200.0,7770.5,0.006692,-0.000225,-0.005341,-0.01036,0.3625,0.0938,-0.105,-0.3,True,ok,failure,failure,scored,verified,2026-09-21 12:59:45 UTC
2026-08-13,20260813_US10Y_NONE_NO_TRADE,US10Y,NONE,NO_TRADE,False,,,4.682,-0.008757,0.00897,-0.006194,-0.003845,,,,,False,ok,not_applicable,not_applicable,scored,verified,2026-08-31 03:21:45 UTC
2026-08-13,20260813_USDJPY_NONE_NO_TRADE,USDJPY,NONE,NO_TRADE,False,,,159.156006,0.001081,0.000421,0.002476,0.000421,,,,,False,ok,not_applicable,not_applicable,scored,verified,2026-09-26 09:45:24 UTC
2026-08-13,20260813_VIX_NONE_NO_TRADE,VIX,NONE,NO_TRADE,False,,,14.55,0.005498,0.043986,0.023368,0.045361,,,,,False,ok,not_applicable,not_applicable,scored,verified,2026-08-31 03:21:45 UTC
2026-08-13,20260813_WTI_NONE_NO_TRADE,WTI,NONE,NO_TRADE,False,,,83.269997,-0.024258,0.014771,0.030743,-0.012489,,,,,False,ok,not_applicable,not_applicable,scored,verified,2026-09-21 12:59:45 UTC
2026-08-14,20260814_BTC_NONE_NO_TRADE,BTC,NONE,NO_TRADE,False,,,63402.433594,-0.006732,-0.009208,0.020161,0.226377,,,,,False,ok,not_applicable,not_applicable,scored,verified,2026-08-31 03:21:45 UTC
2026-08-14,20260814_DXY_NONE_NO_TRADE,DXY,NONE,NO_TRADE,False,,,99.959999,-0.002901,-0.003101,-0.010604,-0.008003,,,,,False,ok,not_applicable,not_applicable,scored,verified,2026-09-21 12:59:45 UTC
2026-08-14,20260814_ETH_NONE_NO_TRADE,ETH,NONE,NO_TRADE,False,,,1878.13501,0.001339,-0.002232,0.020406,0.311842,,,,,False,ok,not_applicable,not_applicable,scored,partially_verified,2026-08-31 03:21:45 UTC
2026-08-14,20260814_GOLD_BUY_PULLBACK,GOLD,LONG,B,True,4350.0,200.0,4420.399902,0.003823,4.5e-05,0.03416,0.055108,0.4365,0.353,1.107,1.57,True,ok,success,success,scored,partially_verified,2026-09-21 12:59:45 UTC
2026-08-14,20260814_NASDAQ_BUY_PULLBACK,NASDAQ,LONG,A,True,29975.0,1075.0,30188.5,-0.001549,-0.019958,-0.029415,-0.016322,0.1551,-0.3619,-0.6274,-0.2598,True,ok,failure,failure,scored,verified,2026-09-21 12:59:45 UTC
2026-08-14,20260814_SPX_BUY_PULLBACK,SPX,LONG,B,True,7795.0,195.0,7822.5,-0.002237,-0.01387,-0.020454,-0.010227,0.0513,-0.4154,-0.6795,-0.2692,True,ok,failure,failure,scored,verified,2026-09-21 12:59:45 UTC
2026-08-14,20260814_US10Y_NONE_NO_TRADE,US10Y,NONE,NO_TRADE,False,,,4.641,0.011851,0.014006,0.011851,0.00668,,,,,False,ok,not_applicable,not_applicable,scored,verified,2026-08-31 03:21:45 UTC
2026-08-14,20260814_USDJPY_NONE_NO_TRADE,USDJPY,NONE,NO_TRADE,False,,,159.264999,0.001011,0.000471,-0.00621,-6.3e-05,,,,,False,ok,not_applicable,not_applicable,scored,verified,2026-09-26 09:45:24 UTC
2026-08-14,20260814_VIX_NONE_NO_TRADE,VIX,NONE,NO_TRADE,False,,,14.63,-0.025974,0.082707,0.094327,-0.008202,,,,,False,ok,not_applicable,not_applicable,scored,verified,2026-08-31 03:21:45 UTC
2026-08-14,20260814_WTI_NONE_NO_TRADE,WTI,NONE,NO_TRADE,False,,,81.25,0.014154,0.045415,0.080985,0.028062,,,,,False,ok,not_applicable,not_applicable,scored,verified,2026-09-21 12:59:45 UTC
2026-08-15,20260815_BTC_NONE_NO_TRADE,BTC,NONE,NO_TRADE,False,,,63402.171875,-0.00596,0.017414,0.092489,0.245454,,,,,False,ok,not_applicable,not_applicable,scored,verified,2026-08-31 03:21:45 UTC
2026-08-15,20260815_DXY_NONE_NO_TRADE,DXY,NONE,NO_TRADE,False,,,99.669998,-0.000301,-0.008428,-0.008729,0.000301,,,,,False,ok,not_applicable,not_applicable,scored,verified,2026-09-21 12:59:45 UTC
2026-08-15,20260815_ETH_NONE_NO_TRADE,ETH,NONE,NO_TRADE,False,,,1883.991333,-0.001636,0.014974,0.195047,0.317326,,,,,False,ok,not_applicable,not_applicable,scored,partially_verified,2026-08-31 03:21:45 UTC
2026-08-15,20260815_GOLD_BUY_PULLBACK,GOLD,LONG,B,True,4350.0,200.0,4437.299805,0.008203,0.024339,0.054831,0.020869,0.6185,0.9765,1.653,0.8995,True,ok,success,success,scored,verified,2026-09-21 12:59:45 UTC
2026-08-15,20260815_NASDAQ_BUY_PULLBACK,NASDAQ,LONG,B,True,29975.0,1075.0,30141.75,-0.001518,-0.020868,-0.025015,-0.021565,0.1126,-0.43,-0.5463,-0.4495,True,ok,failure,failure,scored,verified,2026-09-21 12:59:45 UTC
2026-08-15,20260815_SPX_BUY_PULLBACK,SPX,LONG,B,True,7770.0,190.0,7805.0,-0.004644,-0.009737,-0.014574,-0.010634,-0.0066,-0.2158,-0.4145,-0.2526,True,ok,failure,failure,scored,verified,2026-09-21 12:59:45 UTC
2026-08-15,20260815_US10Y_NONE_NO_TRADE,US10Y,NONE,NO_TRADE,False,,,4.696,0.005962,-0.009157,0.008944,0.005111,,,,,False,ok,not_applicable,not_applicable,scored,verified,2026-09-07 23:49:04 UTC
2026-08-15,20260815_USDJPY_NONE_NO_TRADE,USDJPY,NONE,NO_TRADE,False,,,159.328003,-0.000659,0.001393,-0.002793,-4.4e-05,,,,,False,ok,not_applicable,not_applicable,scored,verified,2026-09-26 09:45:24 UTC
2026-08-15,20260815_VIX_NONE_NO_TRADE,VIX,NONE,NO_TRADE,False,,,14.25,0.065965,0.044912,0.061754,0.012632,,,,,False,ok,not_applicable,not_applicable,scored,verified,2026-09-07 23:49:04 UTC
2026-08-15,20260815_WTI_NONE_NO_TRADE,WTI,NONE,NO_TRADE,False,,,82.400002,0.025485,0.041626,0.056553,0.012136,,,,,False,ok,not_applicable,not_applicable,scored,verified,2026-09-21 12:59:45 UTC
2026-08-16,20260816_BTC_NONE_NO_TRADE,BTC,NONE,NO_TRADE,False,,,62975.59375,-0.002492,0.027076,0.159699,0.247546,,,,,False,ok,not_applicable,not_applicable,scored,verified,2026-08-31 03:21:45 UTC
2026-08-16,20260816_DXY_NONE_NO_TRADE,DXY,NONE,NO_TRADE,False,,,99.669998,-0.000301,-0.008428,-0.008729,0.000301,,,,,False,ok,not_applicable,not_applicable,scored,verified,2026-09-21 12:59:45 UTC
2026-08-16,20260816_ETH_NONE_NO_TRADE,ETH,NONE,NO_TRADE,False,,,1880.650024,-0.003566,0.019041,0.237011,0.299104,,,,,False,ok,not_applicable,not_applicable,scored,partially_verified,2026-08-31 03:21:45 UTC
2026-08-16,20260816_GOLD_BUY_PULLBACK,GOLD,LONG,B,True,4350.0,130.0,4437.299805,0.008203,0.024339,0.054831,0.020869,0.9515,1.5023,2.5431,1.3838,True,ok,success,success,scored,partially_verified,2026-09-21 12:59:45 UTC
2026-08-16,20260816_NASDAQ_BUY_PULLBACK,NASDAQ,LONG,B,True,29975.0,825.0,30141.75,-0.001518,-0.020868,-0.025015,-0.021565,0.1467,-0.5603,-0.7118,-0.5858,True,ok,failure,failure,scored,partially_verified,2026-09-21 12:59:45 UTC
2026-08-16,20260816_SPX_BUY_PULLBACK,SPX,LONG,B,True,7760.0,140.0,7805.0,-0.004644,-0.009737,-0.014574,-0.010634,0.0625,-0.2214,-0.4911,-0.2714,True,ok,failure,failure,scored,partially_verified,2026-09-21 12:59:45 UTC
2026-08-16,20260816_US10Y_NONE_NO_TRADE,US10Y,NONE,NO_TRADE,False,,,4.696,0.005962,-0.009157,0.008944,0.005111,,,,,False,ok,not_applicable,not_applicable,scored,partially_verified,2026-09-07 23:49:04 UTC
2026-08-16,20260816_USDJPY_NONE_NO_TRADE,USDJPY,NONE,NO_TRADE,False,,,159.328003,-0.000659,0.001393,-0.002793,-4.4e-05,,,,,False,ok,not_applicable,not_applicable,scored,partially_verified,2026-09-26 09:45:24 UTC
2026-08-16,20260816_VIX_NONE_NO_TRADE,VIX,NONE,NO_TRADE,False,,,14.25,0.065965,0.044912,0.061754,0.012632,,,,,False,ok,not_applicable,not_applicable,scored,verified,2026-09-07 23:49:04 UTC
2026-08-16,20260816_WTI_NONE_NO_TRADE,WTI,NONE,NO_TRADE,False,,,82.400002,0.025485,0.041626,0.056553,0.012136,,,,,False,ok,not_applicable,not_applicable,scored,verified,2026-09-21 12:59:45 UTC
2026-08-17,20260817_BTC_NONE_NO_TRADE,BTC,NONE,NO_TRADE,False,,,63024.320312,0.023514,0.099039,0.242936,0.253919,,,,,False,ok,not_applicable,not_applicable,scored,partially_verified,2026-08-31 03:21:45 UTC
2026-08-17,20260817_DXY_NONE_NO_TRADE,DXY,NONE,NO_TRADE,False,,,99.669998,-0.000301,-0.008428,-0.008729,0.000301,,,,,False,ok,not_applicable,not_applicable,scored,partially_verified,2026-09-21 12:59:45 UTC
2026-08-17,20260817_ETH_NONE_NO_TRADE,ETH,NONE,NO_TRADE,False,,,1880.908325,0.016638,0.197006,0.33727,0.332474,,,,,False,ok,not_applicable,not_applicable,scored,unverified,2026-08-31 03:21:45 UTC
2026-08-17,20260817_GOLD_BUY_PULLBACK,GOLD,LONG,B,True,4350.0,130.0,4437.299805,0.008203,0.024339,0.054831,0.020869,0.9515,1.5023,2.5431,1.3838,True,ok,success,success,scored,partially_verified,2026-09-21 12:59:45 UTC
2026-08-17,20260817_NASDAQ_BUY_PULLBACK,NASDAQ,LONG,B,True,29975.0,825.0,30141.75,-0.001518,-0.020868,-0.025015,-0.021565,0.1467,-0.5603,-0.7118,-0.5858,True,ok,failure,failure,scored,partially_verified,2026-09-21 12:59:45 UTC
2026-08-17,20260817_SPX_BUY_PULLBACK,SPX,LONG,B,True,7760.0,140.0,7805.0,-0.004644,-0.009737,-0.014574,-0.010634,0.0625,-0.2214,-0.4911,-0.2714,True,ok,failure,failure,scored,partially_verified,2026-09-21 12:59:45 UTC
2026-08-17,20260817_US10Y_NONE_NO_TRADE,US10Y,NONE,NO_TRADE,False,,,4.696,0.005962,-0.009157,0.008944,0.005111,,,,,False,ok,not_applicable,not_applicable,scored,partially_verified,2026-09-07 23:49:04 UTC
2026-08-17,20260817_USDJPY_NONE_NO_TRADE,USDJPY,NONE,NO_TRADE,False,,,159.328003,-0.000659,0.001393,-0.002793,-4.4e-05,,,,,False,ok,not_applicable,not_applicable,scored,partially_verified,2026-09-26 09:45:24 UTC
2026-08-17,20260817_VIX_NONE_NO_TRADE,VIX,NONE,NO_TRADE,False,,,14.25,0.065965,0.044912,0.061754,0.012632,,,,,False,ok,not_applicable,not_applicable,scored,partially_verified,2026-09-07 23:49:04 UTC
2026-08-17,20260817_WTI_NONE_NO_TRADE,WTI,NONE,NO_TRADE,False,,,82.400002,0.025485,0.041626,0.056553,0.012136,,,,,False,ok,not_applicable,not_applicable,scored,partially_verified,2026-09-21 12:59:45 UTC
2026-08-18,20260818_BTC_NONE_NO_TRADE,BTC,NONE,NO_TRADE,False,,,62818.652344,0.029642,0.162597,0.227078,0.277607,,,,,False,ok,not_applicable,not_applicable,scored,partially_verified,2026-08-31 03:21:45 UTC
2026-08-18,20260818_DXY_NONE_NO_TRADE,DXY,NONE,NO_TRADE,False,,,99.639999,0.0001,-0.007427,-0.006423,-0.002108,,,,,False,ok,not_applicable,not_applicable,scored,verified,2026-09-21 12:59:45 UTC
2026-08-18,20260818_ETH_NONE_NO_TRADE,ETH,NONE,NO_TRADE,False,,,1873.942993,0.022688,0.241438,0.293663,0.339641,,,,,False,ok,not_applicable,not_applicable,scored,partially_verified,2026-08-31 03:21:45 UTC
2026-08-18,20260818_GOLD_BUY_PULLBACK,GOLD,LONG,B,True,4405.0,145.0,4473.700195,-0.011869,0.021839,0.050093,0.001743,0.1076,1.1476,2.0193,0.5276,True,ok,success,success,scored,verified,2026-09-21 12:59:45 UTC
2026-08-18,20260818_NASDAQ_BUY_PULLBACK,NASDAQ,LONG,B,True,30000.0,800.0,30096.0,-0.016946,-0.026432,-0.032903,-0.019371,-0.5175,-0.8744,-1.1178,-0.6088,True,ok,failure,failure,scored,verified,2026-09-21 12:59:45 UTC
2026-08-18,20260818_SPX_BUY_PULLBACK,SPX,LONG,B,True,7762.5,132.5,7768.75,-0.007047,-0.013677,-0.012743,-0.008978,-0.366,-0.7547,-0.7,-0.4792,True,ok,failure,failure,scored,verified,2026-09-21 12:59:45 UTC
2026-08-18,20260818_US10Y_NONE_NO_TRADE,US10Y,NONE,NO_TRADE,False,,,4.724,-0.00381,-0.005927,-0.004234,0.007197,,,,,False,ok,not_applicable,not_applicable,scored,verified,2026-09-07 23:49:04 UTC
2026-08-18,20260818_USDJPY_NONE_NO_TRADE,USDJPY,NONE,NO_TRADE,False,,,159.425995,-0.000539,-0.007213,-0.003274,0.004366,,,,,False,ok,not_applicable,not_applicable,scored,verified,2026-09-26 09:45:24 UTC
2026-08-18,20260818_VIX_NONE_NO_TRADE,VIX,NONE,NO_TRADE,False,,,15.19,0.042791,0.053983,0.04345,-0.017775,,,,,False,ok,not_applicable,not_applicable,scored,verified,2026-09-07 23:49:04 UTC
2026-08-18,20260818_WTI_NONE_NO_TRADE,WTI,NONE,NO_TRADE,False,,,84.5,0.005207,0.039408,0.006036,0.014911,,,,,False,ok,not_applicable,not_applicable,scored,partially_verified,2026-09-21 12:59:45 UTC
2026-08-19,20260819_BTC_NONE_NO_TRADE,BTC,NONE,NO_TRADE,False,,,64506.253906,0.07379,0.214381,0.205391,0.206554,,,,,False,ok,not_applicable,not_applicable,scored,partially_verified,2026-08-31 03:21:45 UTC
2026-08-19,20260819_DXY_NONE_NO_TRADE,DXY,NONE,NO_TRADE,False,,,99.650002,-0.008229,-0.00853,-0.007326,0.000201,,,,,False,ok,not_applicable,not_applicable,scored,partially_verified,2026-09-21 12:59:45 UTC
2026-08-19,20260819_ETH_NONE_NO_TRADE,ETH,NONE,NO_TRADE,False,,,1912.202148,0.177416,0.315385,0.28847,0.277342,,,,,False,ok,not_applicable,not_applicable,scored,partially_verified,2026-08-31 03:21:45 UTC
2026-08-19,20260819_GOLD_NONE_NO_TRADE,GOLD,NONE,NO_TRADE,False,,,4420.600098,0.028209,0.058816,0.06196,-0.005474,,,,,False,ok,not_applicable,not_applicable,scored,partially_verified,2026-09-21 12:59:45 UTC
2026-08-19,20260819_NASDAQ_NONE_NO_TRADE,NASDAQ,NONE,NO_TRADE,False,,,29586.0,-0.002476,-0.006701,-0.010453,-0.015565,,,,,False,ok,not_applicable,not_applicable,scored,verified,2026-09-21 12:59:45 UTC
2026-08-19,20260819_SPX_NONE_NO_TRADE,SPX,NONE,NO_TRADE,False,,,7714.0,0.001945,-0.002949,-0.002852,-0.009236,,,,,False,ok,not_applicable,not_applicable,scored,verified,2026-09-21 12:59:45 UTC
2026-08-19,20260819_US10Y_NONE_NO_TRADE,US10Y,NONE,NO_TRADE,False,,,4.706,-0.011262,0.0068,-0.014237,0.019125,,,,,False,ok,not_applicable,not_applicable,scored,verified,2026-09-01 23:35:35 UTC
2026-08-19,20260819_USDJPY_NONE_NO_TRADE,USDJPY,NONE,NO_TRADE,False,,,159.223007,0.002054,-0.002135,-0.000528,0.003291,,,,,False,ok,not_applicable,not_applicable,scored,partially_verified,2026-09-26 09:45:24 UTC
2026-08-19,20260819_VIX_NONE_NO_TRADE,VIX,NONE,NO_TRADE,False,,,15.84,-0.059975,-0.044823,-0.024621,0.031566,,,,,False,ok,not_applicable,not_applicable,scored,verified,2026-09-07 23:49:04 UTC
2026-08-19,20260819_WTI_NONE_NO_TRADE,WTI,NONE,NO_TRADE,False,,,84.940002,0.010478,0.024959,-0.030374,0.062162,,,,,False,ok,not_applicable,not_applicable,scored,verified,2026-09-21 12:59:45 UTC
2026-08-20,20260820_BTC_NONE_NO_TRADE,BTC,NONE,NO_TRADE,False,,,64680.710938,0.129127,0.191753,0.220835,0.209724,,,,,False,ok,not_applicable,not_applicable,scored,partially_verified,2026-09-01 23:35:35 UTC
2026-08-20,20260820_DXY_NONE_NO_TRADE,DXY,NONE,NO_TRADE,False,,,98.830002,0.000708,0.00172,0.00344,0.007386,,,,,False,ok,not_applicable,not_applicable,scored,verified,2026-09-21 12:59:45 UTC
2026-08-20,20260820_ETH_NONE_NO_TRADE,ETH,NONE,NO_TRADE,False,,,1916.459595,0.213897,0.264963,0.295008,0.28241,,,,,False,ok,not_applicable,not_applicable,scored,partially_verified,2026-09-01 23:35:35 UTC
2026-08-20,20260820_GOLD_BUY_PULLBACK,GOLD,LONG,B,True,4465.0,155.0,4545.299805,0.005742,0.033551,0.023761,-0.028755,0.6865,1.5019,1.2148,-0.3252,False,ok,success,failure,scored,verified,2026-09-21 12:59:45 UTC
2026-08-20,20260820_NASDAQ_NONE_NO_TRADE,NASDAQ,NONE,NO_TRADE,False,,,29512.75,-0.007192,-0.013791,-0.007565,-0.011063,,,,,False,ok,not_applicable,not_applicable,scored,partially_verified,2026-09-21 12:59:45 UTC
2026-08-20,20260820_SPX_BUY_PULLBACK,SPX,LONG,B,True,7665.0,145.0,7729.0,-0.008604,-0.007666,-0.005046,-0.006793,-0.0172,0.0328,0.1724,0.0793,True,ok,success,success,scored,partially_verified,2026-09-21 12:59:45 UTC
2026-08-20,20260820_US10Y_NONE_NO_TRADE,US10Y,NONE,NO_TRADE,False,,,4.653,0.009241,0.010961,0.002364,0.030733,,,,,False,ok,not_applicable,not_applicable,scored,verified,2026-09-03 23:35:13 UTC
2026-08-20,20260820_USDJPY_NONE_NO_TRADE,USDJPY,NONE,NO_TRADE,False,,,159.339996,-0.006678,-0.002736,-0.000734,0.005372,,,,,False,ok,not_applicable,not_applicable,scored,verified,2026-09-26 09:45:24 UTC
2026-08-20,20260820_VIX_NONE_NO_TRADE,VIX,NONE,NO_TRADE,False,,,14.89,0.075218,0.064473,0.021491,0.020819,,,,,False,ok,not_applicable,not_applicable,scored,verified,2026-09-03 23:35:13 UTC
2026-08-20,20260820_WTI_NONE_NO_TRADE,WTI,NONE,NO_TRADE,False,,,85.830002,0.023302,-0.009554,-0.041943,0.060352,,,,,False,ok,not_applicable,not_applicable,scored,verified,2026-09-21 12:59:45 UTC
2026-08-21,20260821_BTC_BUY_PULLBACK,BTC,LONG,B,True,69750.0,3750.0,69266.1875,0.13093,0.122557,0.134247,0.121291,2.2894,2.1347,2.3507,2.1114,False,ok,success,success,scored,verified,2026-08-31 23:47:50 UTC
2026-08-21,20260821_DXY_NONE_NO_TRADE,DXY,NONE,NO_TRADE,False,,,98.900002,-0.001011,0.000202,0.002629,0.001011,,,,,False,ok,not_applicable,not_applicable,scored,verified,2026-09-21 12:59:45 UTC
2026-08-21,20260821_ETH_NONE_NO_TRADE,ETH,NONE,NO_TRADE,False,,,2251.458008,0.117179,0.09432,0.085145,0.073944,,,,,False,ok,not_applicable,not_applicable,scored,partially_verified,2026-08-31 23:47:50 UTC
2026-08-21,20260821_GOLD_BUY_PULLBACK,GOLD,LONG,B,True,4505.0,155.0,4571.399902,0.023888,0.026928,0.020256,-0.006891,1.1329,1.2226,1.0258,0.2252,False,ok,success,success,scored,verified,2026-09-21 12:59:45 UTC
2026-08-21,20260821_NASDAQ_NONE_NO_TRADE,NASDAQ,NONE,NO_TRADE,False,,,29300.5,0.002978,-0.000811,0.01349,0.007653,,,,,False,ok,not_applicable,not_applicable,scored,verified,2026-09-21 12:59:45 UTC
2026-08-21,20260821_SPX_NONE_NO_TRADE,SPX,NONE,NO_TRADE,False,,,7662.5,0.003752,0.00385,0.01044,0.012039,,,,,False,ok,not_applicable,not_applicable,scored,verified,2026-09-21 12:59:45 UTC
2026-08-21,20260821_US10Y_NONE_NO_TRADE,US10Y,NONE,NO_TRADE,False,,,4.696,0.008944,-0.012138,-0.005111,0.014055,,,,,False,ok,not_applicable,not_applicable,scored,verified,2026-09-04 23:25:03 UTC
2026-08-21,20260821_USDJPY_NONE_NO_TRADE,USDJPY,NONE,NO_TRADE,False,,,159.550003,-0.004181,-0.002576,-0.001849,-0.00393,,,,,False,ok,not_applicable,not_applicable,scored,verified,2026-09-26 09:45:24 UTC
2026-08-21,20260821_VIX_NONE_NO_TRADE,VIX,NONE,NO_TRADE,False,,,16.01,-0.054966,-0.034978,-0.093691,-0.105559,,,,,False,ok,not_applicable,not_applicable,scored,verified,2026-09-04 23:25:03 UTC
2026-08-21,20260821_WTI_NONE_NO_TRADE,WTI,NONE,NO_TRADE,False,,,87.830002,-0.008767,-0.062279,-0.048958,0.039508,,,,,False,ok,not_applicable,not_applicable,scored,verified,2026-09-21 12:59:45 UTC
2026-08-22,20260822_BTC_BUY_PULLBACK,BTC,LONG,B,True,74500.0,4500.0,73032.757812,0.055464,0.08122,0.082082,0.075526,0.5741,0.9921,1.0061,0.8997,False,ok,success,success,scored,verified,2026-09-01 23:35:35 UTC
2026-08-22,20260822_DXY_NONE_NO_TRADE,DXY,NONE,NO_TRADE,False,,,98.800003,0.002024,0.003745,0.009109,0.003644,,,,,False,ok,not_applicable,not_applicable,scored,partially_verified,2026-09-21 12:59:45 UTC
2026-08-22,20260822_ETH_BUY_PULLBACK,ETH,LONG,B,True,2205.0,225.0,2326.384766,0.042068,0.066819,0.07732,0.060366,0.9744,1.2304,1.3389,1.1636,False,ok,success,success,scored,partially_verified,2026-09-01 23:35:35 UTC
2026-08-22,20260822_GOLD_BUY_PULLBACK,GOLD,LONG,B,True,4585.0,145.0,4680.600098,0.003675,-0.005833,-0.032197,-0.043584,0.7779,0.471,-0.38,-0.7476,True,ok,failure,failure,scored,verified,2026-09-21 12:59:45 UTC
2026-08-22,20260822_NASDAQ_NONE_NO_TRADE,NASDAQ,NONE,NO_TRADE,False,,,29387.75,-0.009596,-0.003343,0.003539,0.00604,,,,,False,ok,not_applicable,not_applicable,scored,partially_verified,2026-09-21 12:59:45 UTC
2026-08-22,20260822_SPX_NONE_NO_TRADE,SPX,NONE,NO_TRADE,False,,,7691.25,-0.002795,-0.000163,0.003998,0.003998,,,,,False,ok,not_applicable,not_applicable,scored,partially_verified,2026-09-21 12:59:45 UTC
2026-08-22,20260822_US10Y_NONE_NO_TRADE,US10Y,NONE,NO_TRADE,False,,,4.738,-0.007176,-0.015618,-0.003799,0.009709,,,,,False,ok,not_applicable,not_applicable,scored,verified,2026-09-05 23:23:59 UTC
2026-08-22,20260822_USDJPY_NONE_NO_TRADE,USDJPY,NONE,NO_TRADE,False,,,158.276001,0.003968,0.005983,0.006602,-0.016528,,,,,False,ok,not_applicable,not_applicable,scored,partially_verified,2026-09-26 09:45:24 UTC
2026-08-22,20260822_VIX_NONE_NO_TRADE,VIX,NONE,NO_TRADE,False,,,15.13,0.047588,0.005288,-0.046266,-0.039656,,,,,False,ok,not_applicable,not_applicable,scored,partially_verified,2026-09-05 23:23:59 UTC
2026-08-22,20260822_WTI_NONE_NO_TRADE,WTI,NONE,NO_TRADE,False,,,87.059998,-0.023547,-0.055479,-0.04204,0.05077,,,,,False,ok,not_applicable,not_applicable,scored,verified,2026-09-21 12:59:45 UTC
2026-08-23,20260823_BTC_BUY_PULLBACK,BTC,LONG,B,True,75100.0,4700.0,78335.1875,-0.007403,0.002933,0.02454,-0.011892,0.565,0.7372,1.0973,0.4901,True,ok,success,success,scored,partially_verified,2026-09-02 23:36:36 UTC
2026-08-23,20260823_DXY_NONE_NO_TRADE,DXY,NONE,NO_TRADE,False,,,98.800003,0.002024,0.003745,0.009109,0.003644,,,,,False,ok,not_applicable,not_applicable,scored,partially_verified,2026-09-21 12:59:45 UTC
2026-08-23,20260823_ETH_BUY_PULLBACK,ETH,LONG,B,True,2290.0,240.0,2515.281738,-0.020461,-0.028674,-0.001937,-0.038739,0.7242,0.6382,0.9184,0.5327,False,ok,success,success,scored,partially_verified,2026-09-02 23:36:36 UTC
2026-08-23,20260823_GOLD_BUY_PULLBACK,GOLD,LONG,B,True,4605.0,155.0,4680.600098,0.003675,-0.005833,-0.032197,-0.043584,0.5987,0.3116,-0.4845,-0.8284,True,ok,failure,failure,scored,verified,2026-09-21 12:59:45 UTC
2026-08-23,20260823_NASDAQ_NONE_NO_TRADE,NASDAQ,NONE,NO_TRADE,False,,,29387.75,-0.009596,-0.003343,0.003539,0.00604,,,,,False,ok,not_applicable,not_applicable,scored,partially_verified,2026-09-21 12:59:45 UTC
2026-08-23,20260823_SPX_NONE_NO_TRADE,SPX,NONE,NO_TRADE,False,,,7691.25,-0.002795,-0.000163,0.003998,0.003998,,,,,False,ok,not_applicable,not_applicable,scored,partially_verified,2026-09-21 12:59:45 UTC
2026-08-23,20260823_US10Y_NONE_NO_TRADE,US10Y,NONE,NO_TRADE,False,,,4.738,-0.007176,-0.015618,-0.003799,0.009709,,,,,False,ok,not_applicable,not_applicable,scored,verified,2026-09-05 23:23:59 UTC
2026-08-23,20260823_USDJPY_NONE_NO_TRADE,USDJPY,NONE,NO_TRADE,False,,,158.276001,0.003968,0.005983,0.006602,-0.016528,,,,,False,ok,not_applicable,not_applicable,scored,partially_verified,2026-09-26 09:45:24 UTC
2026-08-23,20260823_VIX_NONE_NO_TRADE,VIX,NONE,NO_TRADE,False,,,15.13,0.047588,0.005288,-0.046266,-0.039656,,,,,False,ok,not_applicable,not_applicable,scored,partially_verified,2026-09-05 23:23:59 UTC
2026-08-23,20260823_WTI_NONE_NO_TRADE,WTI,NONE,NO_TRADE,False,,,87.059998,-0.023547,-0.055479,-0.04204,0.05077,,,,,False,ok,not_applicable,not_applicable,scored,verified,2026-09-21 12:59:45 UTC
2026-08-24,20260824_BTC_BUY_PULLBACK,BTC,LONG,B,True,75100.0,4700.0,77083.414062,0.024403,0.02522,0.009689,0.002816,0.8222,0.8356,0.5809,0.4682,False,ok,success,success,scored,verified,2026-09-07 23:49:04 UTC
2026-08-24,20260824_DXY_NONE_NO_TRADE,DXY,NONE,NO_TRADE,False,,,98.800003,0.002024,0.003745,0.009109,0.003644,,,,,False,ok,not_applicable,not_applicable,scored,partially_verified,2026-09-21 12:59:45 UTC
2026-08-24,20260824_ETH_BUY_PULLBACK,ETH,LONG,B,True,2330.0,250.0,2424.251221,0.023752,0.033829,0.007542,-0.013509,0.6073,0.705,0.4501,0.246,False,ok,success,success,scored,partially_verified,2026-09-07 23:49:04 UTC
2026-08-24,20260824_GOLD_BUY_PULLBACK,GOLD,LONG,B,True,4610.0,150.0,4680.600098,0.003675,-0.005833,-0.032197,-0.043584,0.5853,0.2887,-0.534,-0.8893,True,ok,failure,failure,scored,partially_verified,2026-09-21 12:59:45 UTC
2026-08-24,20260824_NASDAQ_NONE_NO_TRADE,NASDAQ,NONE,NO_TRADE,False,,,29387.75,-0.009596,-0.003343,0.003539,0.00604,,,,,False,ok,not_applicable,not_applicable,scored,partially_verified,2026-09-21 12:59:45 UTC
2026-08-24,20260824_SPX_NONE_NO_TRADE,SPX,NONE,NO_TRADE,False,,,7691.25,-0.002795,-0.000163,0.003998,0.003998,,,,,False,ok,not_applicable,not_applicable,scored,partially_verified,2026-09-21 12:59:45 UTC
2026-08-24,20260824_US10Y_NONE_NO_TRADE,US10Y,NONE,NO_TRADE,False,,,4.738,-0.007176,-0.015618,-0.003799,0.009709,,,,,False,ok,not_applicable,not_applicable,scored,verified,2026-09-05 23:23:59 UTC
2026-08-24,20260824_USDJPY_NONE_NO_TRADE,USDJPY,NONE,NO_TRADE,False,,,158.276001,0.003968,0.005983,0.006602,-0.016528,,,,,False,ok,not_applicable,not_applicable,scored,partially_verified,2026-09-26 09:45:24 UTC
2026-08-24,20260824_VIX_NONE_NO_TRADE,VIX,NONE,NO_TRADE,False,,,15.13,0.047588,0.005288,-0.046266,-0.039656,,,,,False,ok,not_applicable,not_applicable,scored,partially_verified,2026-09-05 23:23:59 UTC
2026-08-24,20260824_WTI_NONE_NO_TRADE,WTI,NONE,NO_TRADE,False,,,87.059998,-0.023547,-0.055479,-0.04204,0.05077,,,,,False,ok,not_applicable,not_applicable,scored,verified,2026-09-21 12:59:45 UTC
2026-08-25,20260825_BTC_BUY_PULLBACK,BTC,LONG,B,True,77250.0,4750.0,77755.265625,0.010414,0.032181,0.006309,0.045225,0.2768,0.6332,0.2096,0.8467,True,ok,success,success,scored,partially_verified,2026-09-04 23:25:03 UTC
2026-08-25,20260825_DXY_NONE_NO_TRADE,DXY,NONE,NO_TRADE,False,,,99.0,-0.000808,0.001616,0.004343,-0.001616,,,,,False,ok,not_applicable,not_applicable,scored,verified,2026-09-21 12:59:45 UTC
2026-08-25,20260825_ETH_BUY_PULLBACK,ETH,LONG,B,True,2435.0,255.0,2463.815918,-0.008384,0.018911,-0.002488,0.017942,0.032,0.2957,0.089,0.2864,True,ok,success,success,scored,verified,2026-09-04 23:25:03 UTC
2026-08-25,20260825_GOLD_BUY_PULLBACK,GOLD,LONG,B,True,4640.0,150.0,4697.799805,-0.000702,-0.007195,-0.046043,-0.05509,0.3633,0.16,-1.0567,-1.34,True,ok,failure,failure,scored,verified,2026-09-21 12:59:45 UTC
2026-08-25,20260825_NASDAQ_NONE_NO_TRADE,NASDAQ,NONE,NO_TRADE,False,,,29105.75,0.005875,0.020271,0.013992,0.014877,,,,,False,ok,not_applicable,not_applicable,scored,verified,2026-09-21 12:59:45 UTC
2026-08-25,20260825_SPX_NONE_NO_TRADE,SPX,NONE,NO_TRADE,False,,,7669.75,0.002901,0.009485,0.003814,0.001402,,,,,False,ok,not_applicable,not_applicable,scored,verified,2026-09-21 12:59:45 UTC
2026-08-25,20260825_US10Y_NONE_NO_TRADE,US10Y,NONE,NO_TRADE,False,,,4.704,-0.013818,-0.006803,0.01148,0.021684,,,,,False,ok,not_applicable,not_applicable,scored,verified,2026-09-09 23:33:08 UTC
2026-08-25,20260825_USDJPY_NONE_NO_TRADE,USDJPY,NONE,NO_TRADE,False,,,158.882996,0.001611,0.002341,0.007798,-0.016905,,,,,False,ok,not_applicable,not_applicable,scored,partially_verified,2026-09-26 09:45:24 UTC
2026-08-25,20260825_VIX_NONE_NO_TRADE,VIX,NONE,NO_TRADE,False,,,15.85,-0.025237,-0.084543,-0.058675,-0.0347,,,,,False,ok,not_applicable,not_applicable,scored,partially_verified,2026-09-08 22:33:28 UTC
2026-08-25,20260825_WTI_NONE_NO_TRADE,WTI,NONE,NO_TRADE,False,,,85.010002,-0.031173,-0.01741,0.008822,0.094342,,,,,False,ok,not_applicable,not_applicable,scored,verified,2026-09-21 12:59:45 UTC
2026-08-26,20260826_BTC_BUY_PULLBACK,BTC,LONG,B,True,77750.0,4750.0,78964.484375,0.000797,-0.014363,-0.016424,0.00896,0.2689,0.0169,-0.0174,0.4046,True,ok,failure,success,scored,verified,2026-09-05 23:23:59 UTC
2026-08-26,20260826_DXY_NONE_NO_TRADE,DXY,NONE,NO_TRADE,False,,,98.919998,0.002527,0.007885,0.007582,-0.001516,,,,,False,ok,not_applicable,not_applicable,scored,partially_verified,2026-09-21 12:59:45 UTC
2026-08-26,20260826_ETH_BUY_PULLBACK,ETH,LONG,B,True,2430.0,250.0,2481.831299,0.009843,-0.015833,-0.025744,-0.010377,0.305,0.0501,-0.0482,0.1043,True,ok,failure,success,scored,verified,2026-09-05 23:23:59 UTC
2026-08-26,20260826_GOLD_BUY_PULLBACK,GOLD,LONG,B,True,4635.0,155.0,4694.5,-0.008776,-0.035062,-0.0635,-0.049803,0.1181,-0.6781,-1.5394,-1.1245,True,ok,failure,failure,scored,partially_verified,2026-09-21 12:59:45 UTC
2026-08-26,20260826_NASDAQ_NONE_NO_TRADE,NASDAQ,NONE,NO_TRADE,False,,,29276.75,0.000435,0.007344,-0.005166,0.005875,,,,,False,ok,not_applicable,not_applicable,scored,partially_verified,2026-09-21 12:59:45 UTC
2026-08-26,20260826_SPX_NONE_NO_TRADE,SPX,NONE,NO_TRADE,False,,,7692.0,-0.00026,0.0039,-0.006403,-0.006273,,,,,False,ok,not_applicable,not_applicable,scored,partially_verified,2026-09-21 12:59:45 UTC
2026-08-26,20260826_US10Y_NONE_NO_TRADE,US10Y,NONE,NO_TRADE,False,,,4.639,0.005389,0.017461,0.033844,0.042682,,,,,False,ok,not_applicable,not_applicable,scored,partially_verified,2026-09-10 23:26:18 UTC
2026-08-26,20260826_USDJPY_NONE_NO_TRADE,USDJPY,NONE,NO_TRADE,False,,,158.904007,0.002008,0.002624,0.005305,-0.031774,,,,,False,ok,not_applicable,not_applicable,scored,partially_verified,2026-09-26 09:45:24 UTC
2026-08-26,20260826_VIX_NONE_NO_TRADE,VIX,NONE,NO_TRADE,False,,,15.45,-0.015534,-0.066019,0.057605,0.017476,,,,,False,ok,not_applicable,not_applicable,scored,partially_verified,2026-09-09 23:33:08 UTC
2026-08-26,20260826_WTI_NONE_NO_TRADE,WTI,NONE,NO_TRADE,False,,,82.360001,-0.001578,0.012628,0.095435,0.166221,,,,,False,ok,not_applicable,not_applicable,scored,verified,2026-09-21 12:59:45 UTC
2026-08-27,20260827_BTC_BUY_PULLBACK,BTC,LONG,B,True,77750.0,5250.0,78564.976562,0.021543,-0.004062,-0.000208,0.016024,0.4776,0.0944,0.1521,0.395,True,ok,success,success,scored,partially_verified,2026-09-06 23:16:13 UTC
2026-08-27,20260827_DXY_NONE_NO_TRADE,DXY,NONE,NO_TRADE,False,,,99.169998,-0.000101,0.002622,0.003933,-0.000807,,,,,False,ok,not_applicable,not_applicable,scored,verified,2026-09-21 12:59:45 UTC
2026-08-27,20260827_ETH_BUY_PULLBACK,ETH,LONG,B,True,2425.0,265.0,2443.159424,0.027526,0.005946,0.009685,0.01538,0.3223,0.1233,0.1578,0.2103,True,ok,success,success,scored,partially_verified,2026-09-06 23:16:13 UTC
2026-08-27,20260827_GOLD_BUY_PULLBACK,GOLD,LONG,B,True,4590.0,150.0,4653.299805,0.002299,-0.03692,-0.051297,-0.052866,0.4933,-0.7233,-1.1693,-1.218,True,ok,failure,failure,scored,partially_verified,2026-09-21 12:59:45 UTC
2026-08-27,20260827_NASDAQ_BUY_PULLBACK,NASDAQ,LONG,B,True,29250.0,800.0,29289.5,0.01387,0.007631,-0.003525,-0.005266,0.5572,0.3287,-0.0797,-0.1434,True,ok,failure,failure,scored,partially_verified,2026-09-21 12:59:45 UTC
2026-08-27,20260827_SPX_NONE_NO_TRADE,SPX,NONE,NO_TRADE,False,,,7690.0,0.006827,0.00117,-0.001756,-0.011899,,,,,False,ok,not_applicable,not_applicable,scored,verified,2026-09-21 12:59:45 UTC
2026-08-27,20260827_US10Y_NONE_NO_TRADE,US10Y,NONE,NO_TRADE,False,,,4.664,0.001715,0.020154,0.028302,0.060034,,,,,False,ok,not_applicable,not_applicable,scored,partially_verified,2026-09-11 23:34:02 UTC
2026-08-27,20260827_USDJPY_NONE_NO_TRADE,USDJPY,NONE,NO_TRADE,False,,,159.139008,0.000729,0.006177,0.006642,-0.035573,,,,,False,ok,not_applicable,not_applicable,scored,verified,2026-09-26 09:45:24 UTC
2026-08-27,20260827_VIX_NONE_NO_TRADE,VIX,NONE,NO_TRADE,False,,,15.21,-0.046022,-0.019066,-0.000657,0.082183,,,,,False,ok,not_applicable,not_applicable,scored,partially_verified,2026-09-10 23:26:18 UTC
2026-08-27,20260827_WTI_NONE_NO_TRADE,WTI,NONE,NO_TRADE,False,,,82.230003,0.015809,0.042928,0.106774,0.24626,,,,,False,ok,not_applicable,not_applicable,scored,verified,2026-09-21 12:59:45 UTC
2026-08-28,20260828_BTC_BUY_PULLBACK,BTC,LONG,B,True,77500.0,5000.0,79027.421875,-0.015148,-0.017207,-0.020547,0.016736,0.0661,0.0335,-0.0193,0.57,True,ok,failure,success,scored,partially_verified,2026-09-07 23:49:04 UTC
2026-08-28,20260828_DXY_NONE_NO_TRADE,DXY,NONE,NO_TRADE,False,,,99.160004,0.005446,0.005143,-0.001614,-0.000403,,,,,False,ok,not_applicable,not_applicable,scored,partially_verified,2026-09-21 12:59:45 UTC
2026-08-28,20260828_ETH_BUY_PULLBACK,ETH,LONG,B,True,2420.0,260.0,2506.260986,-0.025426,-0.035241,-0.035279,0.003307,0.0867,-0.0079,-0.0083,0.3636,True,ok,failure,success,scored,partially_verified,2026-09-07 23:49:04 UTC
2026-08-28,20260828_GOLD_BUY_PULLBACK,GOLD,LONG,B,True,4580.0,160.0,4664.0,-0.028752,-0.057376,-0.026608,-0.054696,-0.3131,-1.1475,-0.2506,-1.0694,True,ok,failure,failure,scored,partially_verified,2026-09-21 12:59:45 UTC
2026-08-28,20260828_NASDAQ_BUY_PULLBACK,NASDAQ,LONG,B,True,29500.0,550.0,29695.75,-0.00687,-0.019203,-0.005758,-0.010397,-0.015,-0.6809,0.045,-0.2055,True,ok,success,failure,scored,partially_verified,2026-09-21 12:59:45 UTC
2026-08-28,20260828_SPX_NONE_NO_TRADE,SPX,NONE,NO_TRADE,False,,,7742.5,-0.002648,-0.012883,0.001582,-0.01072,,,,,False,ok,not_applicable,not_applicable,scored,verified,2026-09-21 12:59:45 UTC
2026-08-28,20260828_US10Y_NONE_NO_TRADE,US10Y,NONE,NO_TRADE,False,,,4.672,0.010274,0.026541,0.019264,0.064854,,,,,False,ok,not_applicable,not_applicable,scored,partially_verified,2026-09-12 23:27:19 UTC
2026-08-28,20260828_USDJPY_NONE_NO_TRADE,USDJPY,NONE,NO_TRADE,False,,,159.223007,0.000615,0.003291,-0.001884,-0.035485,,,,,False,ok,not_applicable,not_applicable,scored,verified,2026-09-26 09:45:24 UTC
2026-08-28,20260828_VIX_NONE_NO_TRADE,VIX,NONE,NO_TRADE,False,,,14.51,-0.005513,0.12612,-0.013094,0.229497,,,,,False,ok,not_applicable,not_applicable,scored,partially_verified,2026-09-11 23:34:02 UTC
2026-08-28,20260828_WTI_NONE_NO_TRADE,WTI,NONE,NO_TRADE,False,,,83.529999,-0.001556,0.080091,0.093021,0.197773,,,,,False,ok,not_applicable,not_applicable,scored,verified,2026-09-21 12:59:45 UTC
2026-08-29,20260829_BTC_BUY_PULLBACK,BTC,LONG,B,True,78000.0,5000.0,80257.539062,-0.025066,-0.021293,-0.036845,-0.014225,0.0492,0.1097,-0.1399,0.2232,True,ok,failure,success,scored,partially_verified,2026-09-08 22:33:28 UTC
2026-08-29,20260829_DXY_NONE_NO_TRADE,DXY,NONE,NO_TRADE,False,,,99.699997,-0.002708,-0.001404,-0.005416,-0.002407,,,,,False,ok,not_applicable,not_applicable,scored,partially_verified,2026-09-21 12:59:45 UTC
2026-08-29,20260829_ETH_BUY_PULLBACK,ETH,LONG,B,True,2420.0,260.0,2510.410156,-0.021002,-0.017364,-0.047366,-0.007749,0.1449,0.1801,-0.1096,0.2729,True,ok,failure,success,scored,partially_verified,2026-09-08 22:33:28 UTC
2026-08-29,20260829_GOLD_NONE_NO_TRADE,GOLD,NONE,NO_TRADE,False,,,4529.899902,-0.010685,-0.025453,-0.011766,-0.039294,,,,,False,ok,not_applicable,not_applicable,scored,verified,2026-09-21 12:59:45 UTC
2026-08-29,20260829_NASDAQ_NONE_NO_TRADE,NASDAQ,NONE,NO_TRADE,False,,,29491.75,0.000721,-0.010359,0.002492,-0.011512,,,,,False,ok,not_applicable,not_applicable,scored,partially_verified,2026-09-21 12:59:45 UTC
2026-08-29,20260829_SPX_NONE_NO_TRADE,SPX,NONE,NO_TRADE,False,,,7722.0,-0.002979,-0.005892,0.0,-0.012562,,,,,False,ok,not_applicable,not_applicable,scored,partially_verified,2026-09-21 12:59:45 UTC
2026-08-29,20260829_US10Y_NONE_NO_TRADE,US10Y,NONE,NO_TRADE,False,,,4.72,0.008051,0.016102,0.013559,0.051059,,,,,False,ok,not_applicable,not_applicable,scored,partially_verified,2026-09-15 00:00:59 UTC
2026-08-29,20260829_USDJPY_NONE_NO_TRADE,USDJPY,NONE,NO_TRADE,False,,,159.255005,0.005444,0.005909,-0.022574,-0.029971,,,,,False,ok,not_applicable,not_applicable,scored,partially_verified,2026-09-26 09:45:24 UTC
2026-08-29,20260829_VIX_NONE_NO_TRADE,VIX,NONE,NO_TRADE,False,,,14.43,0.033957,0.053361,0.00693,0.097713,,,,,False,ok,not_applicable,not_applicable,scored,partially_verified,2026-09-12 23:27:19 UTC
2026-08-29,20260829_WTI_NONE_NO_TRADE,WTI,NONE,NO_TRADE,False,,,83.400002,0.028297,0.091247,0.096883,0.215707,,,,,False,ok,not_applicable,not_applicable,scored,verified,2026-09-21 12:59:45 UTC
2026-08-30,20260830_BTC_NONE_NO_TRADE,BTC,NONE,NO_TRADE,False,,,77830.289062,-0.002091,-0.005482,0.044217,0.007816,,,,,False,ok,not_applicable,not_applicable,scored,partially_verified,2026-09-09 23:33:08 UTC
2026-08-30,20260830_DXY_NONE_NO_TRADE,DXY,NONE,NO_TRADE,False,,,99.699997,-0.002708,-0.001404,-0.005416,-0.002407,,,,,False,ok,not_applicable,not_applicable,scored,partially_verified,2026-09-21 12:59:45 UTC
2026-08-30,20260830_ETH_NONE_NO_TRADE,ETH,NONE,NO_TRADE,False,,,2442.535889,-0.01007,-0.01011,0.02681,0.017361,,,,,False,ok,not_applicable,not_applicable,scored,partially_verified,2026-09-09 23:33:08 UTC
2026-08-30,20260830_GOLD_NONE_NO_TRADE,GOLD,NONE,NO_TRADE,False,,,4529.899902,-0.010685,-0.025453,-0.011766,-0.039294,,,,,False,ok,not_applicable,not_applicable,scored,partially_verified,2026-09-21 12:59:45 UTC
2026-08-30,20260830_NASDAQ_NONE_NO_TRADE,NASDAQ,NONE,NO_TRADE,False,,,29491.75,0.000721,-0.010359,0.002492,-0.011512,,,,,False,ok,not_applicable,not_applicable,scored,partially_verified,2026-09-21 12:59:45 UTC
2026-08-30,20260830_SPX_NONE_NO_TRADE,SPX,NONE,NO_TRADE,False,,,7722.0,-0.002979,-0.005892,0.0,-0.012562,,,,,False,ok,not_applicable,not_applicable,scored,partially_verified,2026-09-21 12:59:45 UTC
2026-08-30,20260830_US10Y_NONE_NO_TRADE,US10Y,NONE,NO_TRADE,False,,,4.72,0.008051,0.016102,0.013559,0.051059,,,,,False,ok,not_applicable,not_applicable,scored,verified,2026-09-15 00:00:59 UTC
2026-08-30,20260830_USDJPY_NONE_NO_TRADE,USDJPY,NONE,NO_TRADE,False,,,159.255005,0.005444,0.005909,-0.022574,-0.029971,,,,,False,ok,not_applicable,not_applicable,scored,partially_verified,2026-09-26 09:45:24 UTC
2026-08-30,20260830_VIX_NONE_NO_TRADE,VIX,NONE,NO_TRADE,False,,,14.43,0.033957,0.053361,0.00693,0.097713,,,,,False,ok,not_applicable,not_applicable,scored,verified,2026-09-12 23:27:19 UTC
2026-08-30,20260830_WTI_NONE_NO_TRADE,WTI,NONE,NO_TRADE,False,,,83.400002,0.028297,0.091247,0.096883,0.215707,,,,,False,ok,not_applicable,not_applicable,scored,verified,2026-09-21 12:59:45 UTC
2026-08-31,20260831_BTC_NONE_NO_TRADE,BTC,NONE,NO_TRADE,False,,,78245.8125,0.00387,-0.012082,0.018227,0.000175,,,,,False,ok,not_applicable,not_applicable,scored,partially_verified,2026-09-10 23:26:18 UTC
2026-08-31,20260831_DXY_NONE_NO_TRADE,DXY,NONE,NO_TRADE,False,,,99.699997,-0.002708,-0.001404,-0.005416,-0.002407,,,,,False,ok,not_applicable,not_applicable,scored,partially_verified,2026-09-21 12:59:45 UTC
2026-08-31,20260831_ETH_NONE_NO_TRADE,ETH,NONE,NO_TRADE,False,,,2457.686279,0.003717,-0.02693,-0.000654,0.003755,,,,,False,ok,not_applicable,not_applicable,scored,partially_verified,2026-09-10 23:26:18 UTC
2026-08-31,20260831_GOLD_NONE_NO_TRADE,GOLD,NONE,NO_TRADE,False,,,4529.899902,-0.010685,-0.025453,-0.011766,-0.039294,,,,,False,ok,not_applicable,not_applicable,scored,partially_verified,2026-09-21 12:59:45 UTC
2026-08-31,20260831_NASDAQ_NONE_NO_TRADE,NASDAQ,NONE,NO_TRADE,False,,,29491.75,0.000721,-0.010359,0.002492,-0.011512,,,,,False,ok,not_applicable,not_applicable,scored,partially_verified,2026-09-21 12:59:45 UTC
2026-08-31,20260831_SPX_NONE_NO_TRADE,SPX,NONE,NO_TRADE,False,,,7722.0,-0.002979,-0.005892,0.0,-0.012562,,,,,False,ok,not_applicable,not_applicable,scored,partially_verified,2026-09-21 12:59:45 UTC
2026-08-31,20260831_US10Y_NONE_NO_TRADE,US10Y,NONE,NO_TRADE,False,,,4.72,0.008051,0.016102,0.013559,0.051059,,,,,False,ok,not_applicable,not_applicable,scored,partially_verified,2026-09-15 00:00:59 UTC
2026-08-31,20260831_USDJPY_NONE_NO_TRADE,USDJPY,NONE,NO_TRADE,False,,,159.255005,0.005444,0.005909,-0.022574,-0.029971,,,,,False,ok,not_applicable,not_applicable,scored,partially_verified,2026-09-26 09:45:24 UTC
2026-08-31,20260831_VIX_NONE_NO_TRADE,VIX,NONE,NO_TRADE,False,,,14.43,0.033957,0.053361,0.00693,0.097713,,,,,False,ok,not_applicable,not_applicable,scored,partially_verified,2026-09-12 23:27:19 UTC
2026-08-31,20260831_WTI_BUY_PULLBACK,WTI,LONG,B,True,84.25,3.75,83.400002,0.028297,0.091247,0.096883,0.215707,0.4027,1.8027,1.928,4.5707,True,ok,success,success,scored,partially_verified,2026-09-21 12:59:45 UTC
2026-09-01,20260901_BTC_BUY_PULLBACK,BTC,LONG,B,True,77150.0,3150.0,77667.570312,-0.003398,0.046405,0.027763,-0.014156,0.0805,1.3085,0.8488,-0.1847,True,ok,success,failure,scored,partially_verified,2026-09-11 23:34:02 UTC
2026-09-01,20260901_DXY_NONE_NO_TRADE,DXY,NONE,NO_TRADE,False,,,99.43,0.002414,-0.004325,-0.005934,0.002213,,,,,False,ok,not_applicable,not_applicable,scored,partially_verified,2026-09-21 12:59:45 UTC
2026-09-01,20260901_ETH_NONE_NO_TRADE,ETH,NONE,NO_TRADE,False,,,2417.938721,-4e-05,0.037256,0.025971,0.007924,,,,,False,ok,not_applicable,not_applicable,scored,partially_verified,2026-09-11 23:34:02 UTC
2026-09-01,20260901_GOLD_NONE_NO_TRADE,GOLD,NONE,NO_TRADE,False,,,4481.5,-0.018989,0.013031,-0.009483,-0.033181,,,,,False,ok,not_applicable,not_applicable,scored,verified,2026-09-21 12:59:45 UTC
2026-09-01,20260901_NASDAQ_BUY_PULLBACK,NASDAQ,LONG,B,True,29325.0,425.0,29513.0,-0.01313,0.000398,0.000872,-0.018907,-0.4694,0.47,0.5029,-0.8706,True,ok,success,failure,scored,verified,2026-09-21 12:59:45 UTC
2026-09-01,20260901_SPX_NONE_NO_TRADE,SPX,NONE,NO_TRADE,False,,,7699.0,-0.007306,0.007241,-0.002403,-0.014255,,,,,False,ok,not_applicable,not_applicable,scored,partially_verified,2026-09-21 12:59:45 UTC
2026-09-01,20260901_US10Y_NONE_NO_TRADE,US10Y,NONE,NO_TRADE,False,,,4.758,0.007987,0.000841,0.010088,0.050021,,,,,False,ok,not_applicable,not_applicable,scored,verified,2026-09-16 23:54:19 UTC
2026-09-01,20260901_USDJPY_NONE_NO_TRADE,USDJPY,NONE,NO_TRADE,False,,,159.320999,0.002674,-0.002498,-0.019608,-0.037013,,,,,False,ok,not_applicable,not_applicable,scored,partially_verified,2026-09-26 09:45:24 UTC
2026-09-01,20260901_VIX_NONE_NO_TRADE,VIX,NONE,NO_TRADE,False,,,14.92,0.095174,-0.040215,0.025469,0.146113,,,,,False,ok,not_applicable,not_applicable,scored,partially_verified,2026-09-15 00:00:59 UTC
2026-09-01,20260901_WTI_BUY_PULLBACK,WTI,LONG,B,True,85.15,2.35,85.760002,0.052006,0.064599,0.084771,0.234025,2.1574,2.617,3.3532,8.8,False,ok,success,success,scored,verified,2026-09-21 12:59:45 UTC
2026-09-02,20260902_BTC_BUY_PULLBACK,BTC,LONG,B,True,77150.0,3150.0,78548.632812,-0.01589,0.014301,0.022934,-0.017503,0.0478,0.8006,1.0159,0.0076,True,ok,success,success,scored,partially_verified,2026-09-12 23:27:19 UTC
2026-09-02,20260902_DXY_NONE_NO_TRADE,DXY,NONE,NO_TRADE,False,,,99.669998,-0.001104,-0.005117,-0.00903,0.006421,,,,,False,ok,not_applicable,not_applicable,scored,verified,2026-09-21 12:59:45 UTC
2026-09-02,20260902_ETH_NONE_NO_TRADE,ETH,NONE,NO_TRADE,False,,,2466.820312,-0.030533,-0.004355,0.019348,0.019423,,,,,False,ok,not_applicable,not_applicable,scored,partially_verified,2026-09-12 23:27:19 UTC
2026-09-02,20260902_GOLD_NONE_NO_TRADE,GOLD,NONE,NO_TRADE,False,,,4396.399902,0.00414,0.018242,0.014626,-0.002024,,,,,False,ok,not_applicable,not_applicable,scored,verified,2026-09-21 12:59:45 UTC
2026-09-02,20260902_NASDAQ_NONE_NO_TRADE,NASDAQ,NONE,NO_TRADE,False,,,29125.5,0.002086,0.015098,0.011099,-0.005562,,,,,False,ok,not_applicable,not_applicable,scored,partially_verified,2026-09-21 12:59:45 UTC
2026-09-02,20260902_SPX_NONE_NO_TRADE,SPX,NONE,NO_TRADE,False,,,7642.75,0.004416,0.010369,0.000131,-0.011285,,,,,False,ok,not_applicable,not_applicable,scored,partially_verified,2026-09-21 12:59:45 UTC
2026-09-02,20260902_US10Y_NONE_NO_TRADE,US10Y,NONE,NO_TRADE,False,,,4.796,0.0,-0.002502,0.008549,0.043786,,,,,False,ok,not_applicable,not_applicable,scored,verified,2026-09-17 23:44:50 UTC
2026-09-02,20260902_USDJPY_NONE_NO_TRADE,USDJPY,NONE,NO_TRADE,False,,,160.121994,0.000462,-0.027866,-0.039139,-0.035829,,,,,False,ok,not_applicable,not_applicable,scored,verified,2026-09-26 09:45:24 UTC
2026-09-02,20260902_VIX_NONE_NO_TRADE,VIX,NONE,NO_TRADE,False,,,16.34,-0.069767,-0.110771,-0.037944,0.052632,,,,,False,ok,not_applicable,not_applicable,scored,verified,2026-09-16 23:54:19 UTC
2026-09-02,20260902_WTI_BUY_PULLBACK,WTI,LONG,B,True,87.5,2.5,90.220001,0.008756,0.013966,0.06462,0.135336,1.404,1.592,3.42,5.972,False,ok,success,success,scored,verified,2026-09-21 12:59:45 UTC
2026-09-03,20260903_BTC_NONE_NO_TRADE,BTC,NONE,NO_TRADE,False,,,77403.625,0.049973,0.031268,0.022121,-0.00172,,,,,False,ok,not_applicable,not_applicable,scored,partially_verified,2026-09-13 09:01:58 UTC
2026-09-03,20260903_DXY_NONE_NO_TRADE,DXY,NONE,NO_TRADE,False,,,99.559998,-0.005625,-0.007232,-0.004721,0.006629,,,,,False,ok,not_applicable,not_applicable,scored,partially_verified,2026-09-21 12:59:45 UTC
2026-09-03,20260903_ETH_NONE_NO_TRADE,ETH,NONE,NO_TRADE,False,,,2417.842041,0.037297,0.026012,0.03024,0.04471,,,,,False,ok,not_applicable,not_applicable,scored,partially_verified,2026-09-13 09:01:58 UTC
2026-09-03,20260903_GOLD_BUY_REVERSAL,GOLD,LONG,B,True,4395.0,55.0,4414.600098,0.028383,0.005527,-0.001654,-0.003375,2.6345,0.8,0.2236,0.0855,True,ok,success,success,scored,verified,2026-09-21 12:59:45 UTC
2026-09-03,20260903_NASDAQ_BUY_PULLBACK,NASDAQ,LONG,B,True,28950.0,350.0,29186.25,0.011598,0.012078,-0.001747,0.008925,1.6421,1.6821,0.5293,1.4193,True,ok,success,success,scored,verified,2026-09-21 12:59:45 UTC
2026-09-03,20260903_SPX_NONE_NO_TRADE,SPX,NONE,NO_TRADE,False,,,7676.5,0.010193,0.000521,-0.010161,-0.004755,,,,,False,ok,not_applicable,not_applicable,scored,partially_verified,2026-09-21 12:59:45 UTC
2026-09-03,20260903_US10Y_NONE_NO_TRADE,US10Y,NONE,NO_TRADE,False,,,4.796,-0.007089,0.002085,0.030859,0.031485,,,,,False,ok,not_applicable,not_applicable,scored,verified,2026-09-18 23:38:29 UTC
2026-09-03,20260903_USDJPY_NONE_NO_TRADE,USDJPY,NONE,NO_TRADE,False,,,159.746994,-0.005158,-0.022223,-0.039243,-0.028051,,,,,False,ok,not_applicable,not_applicable,scored,verified,2026-09-26 09:45:24 UTC
2026-09-03,20260903_VIX_NONE_NO_TRADE,VIX,NONE,NO_TRADE,False,,,15.2,-0.057895,0.006579,0.082895,0.165132,,,,,False,ok,not_applicable,not_applicable,scored,verified,2026-09-17 23:44:50 UTC
2026-09-03,20260903_WTI_BUY_PULLBACK,WTI,LONG,B,True,90.0,2.0,91.010002,0.003186,0.022195,0.12603,0.119767,0.65,1.515,6.24,5.955,True,ok,success,success,scored,verified,2026-09-21 12:59:45 UTC
2026-09-04,20260904_BTC_NONE_NO_TRADE,BTC,NONE,NO_TRADE,False,,,77300.476562,0.030679,0.039451,0.014723,-0.005981,,,,,False,ok,not_applicable,not_applicable,scored,partially_verified,2026-09-15 00:00:59 UTC
2026-09-04,20260904_DXY_NONE_NO_TRADE,DXY,NONE,NO_TRADE,False,,,99.0,0.001616,-0.002323,0.001212,0.012323,,,,,False,ok,not_applicable,not_applicable,scored,verified,2026-09-21 12:59:45 UTC
2026-09-04,20260904_ETH_NONE_NO_TRADE,ETH,NONE,NO_TRADE,False,,,2391.500977,0.027003,0.051452,0.039072,0.03576,,,,,False,ok,not_applicable,not_applicable,scored,partially_verified,2026-09-15 00:00:59 UTC
2026-09-04,20260904_GOLD_BUY_PULLBACK,GOLD,LONG,B,True,4495.0,55.0,4539.899902,-0.013943,-0.017445,-0.028855,-0.025331,-0.3345,-0.6236,-1.5655,-1.2745,True,ok,failure,failure,scored,verified,2026-09-21 12:59:45 UTC
2026-09-04,20260904_NASDAQ_BUY_PULLBACK,NASDAQ,LONG,B,True,29425.0,325.0,29524.75,0.001372,-0.002574,-0.004666,0.003012,0.4315,0.0731,-0.1169,0.5806,True,ok,failure,success,scored,partially_verified,2026-09-21 12:59:45 UTC
2026-09-04,20260904_SPX_NONE_NO_TRADE,SPX,NONE,NO_TRADE,False,,,7754.75,-0.004223,-0.014314,-0.012283,-0.01256,,,,,False,ok,not_applicable,not_applicable,scored,partially_verified,2026-09-21 12:59:45 UTC
2026-09-04,20260904_US10Y_NONE_NO_TRADE,US10Y,NONE,NO_TRADE,False,,,4.762,0.00462,0.01575,0.044729,0.049559,,,,,False,ok,not_applicable,not_applicable,scored,verified,2026-09-19 23:38:41 UTC
2026-09-04,20260904_USDJPY_NONE_NO_TRADE,USDJPY,NONE,NO_TRADE,False,,,160.195999,-0.028315,-0.039583,-0.041343,-0.026105,,,,,False,ok,not_applicable,not_applicable,scored,verified,2026-09-26 09:45:24 UTC
2026-09-04,20260904_VIX_NONE_NO_TRADE,VIX,NONE,NO_TRADE,False,,,14.32,0.014665,0.097765,0.24581,0.078212,,,,,False,ok,not_applicable,not_applicable,scored,verified,2026-09-18 23:38:29 UTC
2026-09-04,20260904_WTI_BUY_PULLBACK,WTI,LONG,B,True,90.3,1.8,91.300003,0.001972,0.052026,0.095838,0.098576,0.6556,3.1944,5.4167,5.5556,True,ok,success,success,scored,verified,2026-09-21 12:59:45 UTC
2026-09-05,20260905_BTC_NONE_NO_TRADE,BTC,NONE,NO_TRADE,False,,,81271.742188,-0.017815,-0.026527,-0.037064,-0.038246,,,,,False,ok,not_applicable,not_applicable,scored,partially_verified,2026-09-15 23:45:52 UTC
2026-09-05,20260905_DXY_NONE_NO_TRADE,DXY,NONE,NO_TRADE,False,,,99.160004,-0.003227,-0.000706,0.003025,0.012808,,,,,False,ok,not_applicable,not_applicable,scored,partially_verified,2026-09-26 09:45:24 UTC
2026-09-05,20260905_ETH_NONE_NO_TRADE,ETH,NONE,NO_TRADE,False,,,2508.020752,-0.010879,-0.006803,-0.01639,0.002546,,,,,False,ok,not_applicable,not_applicable,scored,partially_verified,2026-09-15 23:45:52 UTC
2026-09-05,20260905_GOLD_NONE_NO_TRADE,GOLD,NONE,NO_TRADE,False,,,4476.600098,-0.008399,-0.015481,-0.027856,-0.020708,,,,,False,ok,not_applicable,not_applicable,scored,verified,2026-09-26 09:45:24 UTC
2026-09-05,20260905_NASDAQ_NONE_NO_TRADE,NASDAQ,NONE,NO_TRADE,False,,,29565.25,-0.000896,-0.014544,-0.013969,0.041248,,,,,False,ok,not_applicable,not_applicable,scored,partially_verified,2026-09-26 09:45:24 UTC
2026-09-05,20260905_SPX_NONE_NO_TRADE,SPX,NONE,NO_TRADE,False,,,7722.0,-0.005374,-0.015993,-0.012562,0.014439,,,,,False,ok,not_applicable,not_applicable,scored,partially_verified,2026-09-26 09:45:24 UTC
2026-09-05,20260905_US10Y_NONE_NO_TRADE,US10Y,NONE,NO_TRADE,False,,,4.784,0.004599,0.033445,0.036998,0.037416,,,,,False,ok,not_applicable,not_applicable,scored,verified,2026-09-26 09:45:24 UTC
2026-09-05,20260905_USDJPY_NONE_NO_TRADE,USDJPY,NONE,NO_TRADE,False,,,158.923004,-0.017153,-0.034262,-0.027944,-0.017581,,,,,False,ok,not_applicable,not_applicable,scored,partially_verified,2026-09-26 09:45:24 UTC
2026-09-05,20260905_VIX_NONE_NO_TRADE,VIX,NONE,NO_TRADE,False,,,14.53,0.052994,0.132829,0.090158,0.019271,,,,,False,ok,not_applicable,not_applicable,scored,partially_verified,2026-09-19 23:38:41 UTC
2026-09-05,20260905_WTI_BUY_PULLBACK,WTI,LONG,B,True,90.0,2.0,91.480003,0.016944,0.120245,0.10833,0.047005,1.515,6.24,5.695,2.89,False,ok,success,success,scored,verified,2026-09-26 09:45:24 UTC
2026-09-06,20260906_BTC_NONE_NO_TRADE,BTC,NONE,NO_TRADE,False,,,79671.96875,0.008511,-0.015481,-0.038958,-0.050952,,,,,False,ok,not_applicable,not_applicable,scored,partially_verified,2026-09-16 23:54:19 UTC
2026-09-06,20260906_DXY_NONE_NO_TRADE,DXY,NONE,NO_TRADE,False,,,99.160004,-0.003227,-0.000706,0.003025,0.012808,,,,,False,ok,not_applicable,not_applicable,scored,partially_verified,2026-09-26 09:45:24 UTC
2026-09-06,20260906_ETH_NONE_NO_TRADE,ETH,NONE,NO_TRADE,False,,,2456.078125,0.023807,0.011752,-0.007728,-0.023204,,,,,False,ok,not_applicable,not_applicable,scored,partially_verified,2026-09-16 23:54:19 UTC
2026-09-06,20260906_GOLD_NONE_NO_TRADE,GOLD,NONE,NO_TRADE,False,,,4476.600098,-0.008399,-0.015481,-0.027856,-0.020708,,,,,False,ok,not_applicable,not_applicable,scored,partially_verified,2026-09-26 09:45:24 UTC
2026-09-06,20260906_NASDAQ_NONE_NO_TRADE,NASDAQ,NONE,NO_TRADE,False,,,29565.25,-0.000896,-0.014544,-0.013969,0.041248,,,,,False,ok,not_applicable,not_applicable,scored,partially_verified,2026-09-26 09:45:24 UTC
2026-09-06,20260906_SPX_NONE_NO_TRADE,SPX,NONE,NO_TRADE,False,,,7722.0,-0.005374,-0.015993,-0.012562,0.014439,,,,,False,ok,not_applicable,not_applicable,scored,partially_verified,2026-09-26 09:45:24 UTC
2026-09-06,20260906_US10Y_NONE_NO_TRADE,US10Y,NONE,NO_TRADE,False,,,4.784,0.004599,0.033445,0.036998,0.037416,,,,,False,ok,not_applicable,not_applicable,scored,verified,2026-09-26 09:45:24 UTC
2026-09-06,20260906_USDJPY_NONE_NO_TRADE,USDJPY,NONE,NO_TRADE,False,,,158.923004,-0.017153,-0.034262,-0.027944,-0.017581,,,,,False,ok,not_applicable,not_applicable,scored,partially_verified,2026-09-26 09:45:24 UTC
2026-09-06,20260906_VIX_NONE_NO_TRADE,VIX,NONE,NO_TRADE,False,,,14.53,0.052994,0.132829,0.090158,0.019271,,,,,False,ok,not_applicable,not_applicable,scored,partially_verified,2026-09-19 23:38:41 UTC
2026-09-06,20260906_WTI_BUY_PULLBACK,WTI,LONG,B,True,90.5,2.0,91.480003,0.016944,0.120245,0.10833,0.047005,1.265,5.99,5.445,2.64,True,ok,success,success,scored,partially_verified,2026-09-26 09:45:24 UTC
2026-09-07,20260907_BTC_NONE_NO_TRADE,BTC,NONE,NO_TRADE,False,,,79823.867188,-0.00887,-0.019597,-0.033199,-0.046021,,,,,False,ok,not_applicable,not_applicable,scored,partially_verified,2026-09-17 23:44:50 UTC
2026-09-07,20260907_DXY_NONE_NO_TRADE,DXY,NONE,NO_TRADE,False,,,99.160004,-0.003227,-0.000706,0.003025,0.012808,,,,,False,ok,not_applicable,not_applicable,scored,verified,2026-09-26 09:45:24 UTC
2026-09-07,20260907_ETH_NONE_NO_TRADE,ETH,NONE,NO_TRADE,False,,,2480.735596,0.004121,-0.005572,0.013705,-0.026047,,,,,False,ok,not_applicable,not_applicable,scored,partially_verified,2026-09-17 23:44:50 UTC
2026-09-07,20260907_GOLD_NONE_NO_TRADE,GOLD,NONE,NO_TRADE,False,,,4476.600098,-0.008399,-0.015481,-0.027856,-0.020708,,,,,False,ok,not_applicable,not_applicable,scored,partially_verified,2026-09-26 09:45:24 UTC
2026-09-07,20260907_NASDAQ_NONE_NO_TRADE,NASDAQ,NONE,NO_TRADE,False,,,29565.25,-0.000896,-0.014544,-0.013969,0.041248,,,,,False,ok,not_applicable,not_applicable,scored,partially_verified,2026-09-26 09:45:24 UTC
2026-09-07,20260907_SPX_NONE_NO_TRADE,SPX,NONE,NO_TRADE,False,,,7722.0,-0.005374,-0.015993,-0.012562,0.014439,,,,,False,ok,not_applicable,not_applicable,scored,partially_verified,2026-09-26 09:45:24 UTC
2026-09-07,20260907_US10Y_NONE_NO_TRADE,US10Y,NONE,NO_TRADE,False,,,4.784,0.004599,0.033445,0.036998,0.037416,,,,,False,ok,not_applicable,not_applicable,scored,verified,2026-09-26 09:45:24 UTC
2026-09-07,20260907_USDJPY_NONE_NO_TRADE,USDJPY,NONE,NO_TRADE,False,,,158.923004,-0.017153,-0.034262,-0.027944,-0.017581,,,,,False,ok,not_applicable,not_applicable,scored,verified,2026-09-26 09:45:24 UTC
2026-09-07,20260907_VIX_NONE_NO_TRADE,VIX,NONE,NO_TRADE,False,,,14.53,0.052994,0.132829,0.090158,0.019271,,,,,False,ok,not_applicable,not_applicable,scored,verified,2026-09-19 23:38:41 UTC
2026-09-07,20260907_WTI_BUY_PULLBACK,WTI,LONG,B,True,90.5,2.0,91.480003,0.016944,0.120245,0.10833,0.047005,1.265,5.99,5.445,2.64,True,ok,success,success,scored,partially_verified,2026-09-26 09:45:24 UTC
2026-09-08,20260908_BTC_NONE_NO_TRADE,BTC,NONE,NO_TRADE,False,,,80350.046875,-0.023789,-0.047068,-0.038327,-0.049114,,,,,False,ok,not_applicable,not_applicable,scored,partially_verified,2026-09-18 23:38:29 UTC
2026-09-08,20260908_DXY_NONE_NO_TRADE,DXY,NONE,NO_TRADE,False,,,99.160004,-0.003227,-0.000706,0.003025,0.012808,,,,,False,ok,not_applicable,not_applicable,scored,partially_verified,2026-09-26 09:45:24 UTC
2026-09-08,20260908_ETH_NONE_NO_TRADE,ETH,NONE,NO_TRADE,False,,,2514.548828,-0.011774,-0.030801,0.004532,-0.026821,,,,,False,ok,not_applicable,not_applicable,scored,partially_verified,2026-09-18 23:38:29 UTC
2026-09-08,20260908_GOLD_NONE_NO_TRADE,GOLD,NONE,NO_TRADE,False,,,4476.600098,-0.008399,-0.015481,-0.027856,-0.020708,,,,,False,ok,not_applicable,not_applicable,scored,verified,2026-09-26 09:45:24 UTC
2026-09-08,20260908_NASDAQ_NONE_NO_TRADE,NASDAQ,NONE,NO_TRADE,False,,,29565.25,-0.000896,-0.014544,-0.013969,0.041248,,,,,False,ok,not_applicable,not_applicable,scored,partially_verified,2026-09-26 09:45:24 UTC
2026-09-08,20260908_SPX_NONE_NO_TRADE,SPX,NONE,NO_TRADE,False,,,7722.0,-0.005374,-0.015993,-0.012562,0.014439,,,,,False,ok,not_applicable,not_applicable,scored,partially_verified,2026-09-26 09:45:24 UTC
2026-09-08,20260908_US10Y_NONE_NO_TRADE,US10Y,NONE,NO_TRADE,False,,,4.784,0.004599,0.033445,0.036998,0.037416,,,,,False,ok,not_applicable,not_applicable,scored,partially_verified,2026-09-26 09:45:24 UTC
2026-09-08,20260908_USDJPY_SELL_PULLBACK,USDJPY,SHORT,B,True,155.3,1.1,155.660004,-0.011596,-0.013407,-0.014365,0.008904,1.3136,1.57,1.7055,-1.5873,False,ok,success,failure,scored,verified,2026-09-26 09:45:24 UTC
2026-09-08,20260908_VIX_NONE_NO_TRADE,VIX,NONE,NO_TRADE,False,,,15.3,0.027451,0.166013,0.117647,-0.028105,,,,,False,ok,not_applicable,not_applicable,scored,partially_verified,2026-09-26 09:45:24 UTC
2026-09-08,20260908_WTI_BUY_PULLBACK,WTI,LONG,B,True,91.6,2.1,91.480003,0.016944,0.120245,0.10833,0.047005,0.681,5.181,4.6619,1.9905,True,ok,success,success,scored,verified,2026-09-26 09:45:24 UTC
2026-09-09,20260909_BTC_NONE_NO_TRADE,BTC,NONE,NO_TRADE,False,,,79115.851562,-0.010824,-0.024547,-0.028789,0.02257,,,,,False,ok,not_applicable,not_applicable,scored,partially_verified,2026-09-19 23:38:41 UTC
2026-09-09,20260909_DXY_NONE_NO_TRADE,DXY,NONE,NO_TRADE,False,,,98.839996,-0.000708,0.002833,0.008195,0.017807,,,,,False,ok,not_applicable,not_applicable,scored,verified,2026-09-26 00:11:11 UTC
2026-09-09,20260909_ETH_NONE_NO_TRADE,ETH,NONE,NO_TRADE,False,,,2490.958008,-0.009653,0.009545,-0.005595,0.04833,,,,,False,ok,not_applicable,not_applicable,scored,partially_verified,2026-09-19 23:38:41 UTC
2026-09-09,20260909_GOLD_NONE_NO_TRADE,GOLD,NONE,NO_TRADE,False,,,4439.0,0.004889,-0.006781,-0.023924,-0.014102,,,,,False,ok,not_applicable,not_applicable,scored,verified,2026-09-24 00:00:50 UTC
2026-09-09,20260909_NASDAQ_NONE_NO_TRADE,NASDAQ,NONE,NO_TRADE,False,,,29538.75,-0.003047,-0.005137,-0.019762,0.050434,,,,,False,ok,not_applicable,not_applicable,scored,partially_verified,2026-09-24 00:00:50 UTC
2026-09-09,20260909_SPX_NONE_NO_TRADE,SPX,NONE,NO_TRADE,False,,,7680.5,-0.004785,-0.002734,-0.011881,0.019693,,,,,False,ok,not_applicable,not_applicable,scored,partially_verified,2026-09-24 00:00:50 UTC
2026-09-09,20260909_US10Y_NONE_NO_TRADE,US10Y,NONE,NO_TRADE,False,,,4.806,0.00645,0.035164,0.039534,0.033708,,,,,False,ok,not_applicable,not_applicable,scored,verified,2026-09-26 00:11:11 UTC
2026-09-09,20260909_USDJPY_SELL_PULLBACK,USDJPY,SHORT,B,True,155.1,1.1,156.197006,-0.017408,-0.01098,-0.011601,0.007503,1.4745,0.5618,0.65,-2.0627,True,ok,success,failure,scored,verified,2026-09-26 09:45:24 UTC
2026-09-09,20260909_VIX_NONE_NO_TRADE,VIX,NONE,NO_TRADE,False,,,15.72,0.047074,0.007634,0.094148,-0.096056,,,,,False,ok,not_applicable,not_applicable,scored,verified,2026-09-26 00:11:11 UTC
2026-09-09,20260909_WTI_BUY_PULLBACK,WTI,LONG,B,True,92.15,1.95,93.029999,0.032463,0.07546,0.13759,0.016769,2.0,4.0513,7.0154,1.2513,False,ok,success,success,scored,verified,2026-09-24 00:00:50 UTC
2026-09-10,20260910_BTC_NONE_NO_TRADE,BTC,NONE,NO_TRADE,False,,,78438.578125,-0.023846,-0.014892,-0.003508,0.035634,,,,,False,ok,not_applicable,not_applicable,scored,partially_verified,2026-09-20 23:36:10 UTC
2026-09-10,20260910_DXY_NONE_NO_TRADE,DXY,NONE,NO_TRADE,False,,,98.769997,0.00324,0.006986,0.015592,0.02359,,,,,False,ok,not_applicable,not_applicable,scored,verified,2026-09-26 00:11:11 UTC
2026-09-10,20260910_ETH_NONE_NO_TRADE,ETH,NONE,NO_TRADE,False,,,2484.941406,-0.019253,0.016501,0.011858,0.059165,,,,,False,ok,not_applicable,not_applicable,scored,partially_verified,2026-09-20 23:36:10 UTC
2026-09-10,20260910_GOLD_NONE_NO_TRADE,GOLD,NONE,NO_TRADE,False,,,4460.700195,-0.011971,-0.024391,-0.01641,-0.031901,,,,,False,ok,not_applicable,not_applicable,scored,verified,2026-09-25 00:04:22 UTC
2026-09-10,20260910_NASDAQ_NONE_NO_TRADE,NASDAQ,NONE,NO_TRADE,False,,,29448.75,-0.010646,-0.010068,-0.016478,0.044688,,,,,False,ok,not_applicable,not_applicable,scored,partially_verified,2026-09-25 00:04:22 UTC
2026-09-10,20260910_SPX_NONE_NO_TRADE,SPX,NONE,NO_TRADE,False,,,7643.75,-0.00592,-0.002453,-0.011415,0.016844,,,,,False,ok,not_applicable,not_applicable,scored,partially_verified,2026-09-25 00:04:22 UTC
2026-09-10,20260910_US10Y_NONE_NO_TRADE,US10Y,NONE,NO_TRADE,False,,,4.837,0.022121,0.025636,0.034939,0.057267,,,,,False,ok,not_applicable,not_applicable,scored,verified,2026-09-26 00:11:11 UTC
2026-09-10,20260910_USDJPY_NONE_NO_TRADE,USDJPY,NONE,NO_TRADE,False,,,153.854996,-0.001833,-0.002801,0.009171,0.023457,,,,,False,ok,not_applicable,not_applicable,scored,verified,2026-09-26 09:45:24 UTC
2026-09-10,20260910_VIX_NONE_NO_TRADE,VIX,NONE,NO_TRADE,False,,,16.459999,0.08384,0.038882,0.075942,-0.077764,,,,,False,ok,not_applicable,not_applicable,scored,verified,2026-09-26 00:11:11 UTC
2026-09-10,20260910_WTI_NONE_NO_TRADE,WTI,NONE,NO_TRADE,False,,,96.050003,0.066944,0.055596,0.066424,-0.0405,,,,,False,ok,not_applicable,not_applicable,scored,verified,2026-09-25 00:04:22 UTC
2026-09-11,20260911_BTC_NONE_NO_TRADE,BTC,NONE,NO_TRADE,False,,,78259.523438,-0.013873,-0.018162,-0.033824,0.03684,,,,,False,ok,not_applicable,not_applicable,scored,partially_verified,2026-09-21 12:59:45 UTC
2026-09-11,20260911_DXY_NONE_NO_TRADE,DXY,NONE,NO_TRADE,False,,,99.089996,0.000303,0.005651,0.011404,0.022202,,,,,False,ok,not_applicable,not_applicable,scored,verified,2026-09-26 00:11:11 UTC
2026-09-11,20260911_ETH_NONE_NO_TRADE,ETH,NONE,NO_TRADE,False,,,2466.913818,0.019385,0.004097,-0.027495,0.071378,,,,,False,ok,not_applicable,not_applicable,scored,partially_verified,2026-09-21 12:59:45 UTC
2026-09-11,20260911_GOLD_NONE_NO_TRADE,GOLD,NONE,NO_TRADE,False,,,4407.299805,0.000363,-0.016904,-0.001724,-0.0248,,,,,False,ok,not_applicable,not_applicable,scored,partially_verified,2026-09-26 00:11:11 UTC
2026-09-11,20260911_NASDAQ_SELL_PULLBACK,NASDAQ,SHORT,B,True,29350.0,270.0,29135.25,0.008641,-0.006187,0.010692,0.055997,-0.137,1.463,-0.3583,-5.2472,True,ok,failure,failure,scored,partially_verified,2026-09-26 00:11:11 UTC
2026-09-11,20260911_SPX_NONE_NO_TRADE,SPX,NONE,NO_TRADE,False,,,7598.5,0.008028,-0.001217,0.005462,0.022175,,,,,False,ok,not_applicable,not_applicable,scored,partially_verified,2026-09-26 00:11:11 UTC
2026-09-11,20260911_US10Y_NONE_NO_TRADE,US10Y,NONE,NO_TRADE,False,,,4.944,0.00627,0.010518,0.000607,0.044094,,,,,False,ok,not_applicable,not_applicable,scored,verified,2026-09-26 00:11:11 UTC
2026-09-11,20260911_USDJPY_NONE_NO_TRADE,USDJPY,NONE,NO_TRADE,False,,,153.477997,0.006542,0.00591,0.016524,0.03119,,,,,False,ok,not_applicable,not_applicable,scored,verified,2026-09-26 09:45:24 UTC
2026-09-11,20260911_VIX_NONE_NO_TRADE,VIX,NONE,NO_TRADE,False,,,17.84,-0.112108,-0.035874,-0.134529,-0.121637,,,,,False,ok,not_applicable,not_applicable,scored,partially_verified,2026-09-26 00:11:11 UTC
2026-09-11,20260911_WTI_NONE_NO_TRADE,WTI,NONE,NO_TRADE,False,,,102.480003,-0.023712,0.032689,-0.005562,-0.076795,,,,,False,ok,not_applicable,not_applicable,scored,verified,2026-09-26 00:11:11 UTC
2026-09-12,20260912_BTC_SELL_PULLBACK,BTC,SHORT,B,True,79500.0,1350.0,76568.125,0.009173,0.020834,-0.005457,0.131057,1.6515,0.9901,2.4812,-5.2614,True,ok,success,failure,scored,partially_verified,2026-09-26 09:45:24 UTC
2026-09-12,20260912_DXY_NONE_NO_TRADE,DXY,NONE,NO_TRADE,False,,,99.120003,0.00343,0.012006,0.011098,0.018664,,,,,False,ok,not_applicable,not_applicable,scored,verified,2026-09-26 09:45:24 UTC
2026-09-12,20260912_ETH_NONE_NO_TRADE,ETH,NONE,NO_TRADE,False,,,2437.098633,0.036456,0.031721,-0.008608,0.139251,,,,,False,ok,not_applicable,not_applicable,scored,partially_verified,2026-09-26 09:45:24 UTC
2026-09-12,20260912_GOLD_NONE_NO_TRADE,GOLD,NONE,NO_TRADE,False,,,4408.899902,-0.012928,-0.004854,0.003629,-0.019892,,,,,False,ok,not_applicable,not_applicable,scored,verified,2026-09-26 09:45:24 UTC
2026-09-12,20260912_NASDAQ_NONE_NO_TRADE,NASDAQ,NONE,NO_TRADE,False,,,29387.0,-0.007988,-0.014411,0.007714,0.05112,,,,,False,ok,not_applicable,not_applicable,scored,partially_verified,2026-09-26 09:45:24 UTC
2026-09-12,20260912_SPX_NONE_NO_TRADE,SPX,NONE,NO_TRADE,False,,,7659.5,-0.004504,-0.013447,-0.000281,0.018833,,,,,False,ok,not_applicable,not_applicable,scored,partially_verified,2026-09-26 09:45:24 UTC
2026-09-12,20260912_US10Y_NONE_NO_TRADE,US10Y,NONE,NO_TRADE,False,,,4.975,-0.002814,0.006231,0.004623,0.04201,,,,,False,ok,not_applicable,not_applicable,scored,partially_verified,2026-09-26 00:11:11 UTC
2026-09-12,20260912_USDJPY_NONE_NO_TRADE,USDJPY,NONE,NO_TRADE,False,,,153.572998,-0.00097,0.011024,0.016644,0.034108,,,,,False,ok,not_applicable,not_applicable,scored,verified,2026-09-26 09:45:24 UTC
2026-09-12,20260912_VIX_NONE_NO_TRADE,VIX,NONE,NO_TRADE,False,,,15.84,0.079545,0.118055,-0.065025,-0.061237,,,,,False,ok,not_applicable,not_applicable,scored,verified,2026-09-26 00:11:11 UTC
2026-09-12,20260912_WTI_NONE_NO_TRADE,WTI,NONE,NO_TRADE,False,,,100.050003,0.013393,0.023788,0.002499,-0.076362,,,,,False,ok,not_applicable,not_applicable,scored,verified,2026-09-26 09:45:24 UTC
2026-09-13,20260913_BTC_NONE_NO_TRADE,BTC,NONE,NO_TRADE,False,,,77173.796875,-0.004349,-0.020231,-0.009978,0.1166,,,,,False,ok,not_applicable,not_applicable,scored,verified,2026-09-24 00:00:50 UTC
2026-09-13,20260913_DXY_NONE_NO_TRADE,DXY,NONE,NO_TRADE,False,,,99.120003,0.00343,0.012006,0.011098,0.018664,,,,,False,ok,not_applicable,not_applicable,scored,verified,2026-09-26 09:45:24 UTC
2026-09-13,20260913_ETH_NONE_NO_TRADE,ETH,NONE,NO_TRADE,False,,,2514.733887,-0.014997,-0.045988,-0.026892,0.094602,,,,,False,ok,not_applicable,not_applicable,scored,partially_verified,2026-09-24 00:00:50 UTC
2026-09-13,20260913_GOLD_NONE_NO_TRADE,GOLD,NONE,NO_TRADE,False,,,4408.899902,-0.012928,-0.004854,0.003629,-0.019892,,,,,False,ok,not_applicable,not_applicable,scored,verified,2026-09-26 09:45:24 UTC
2026-09-13,20260913_NASDAQ_NONE_NO_TRADE,NASDAQ,NONE,NO_TRADE,False,,,29387.0,-0.007988,-0.014411,0.007714,0.05112,,,,,False,ok,not_applicable,not_applicable,scored,partially_verified,2026-09-26 09:45:24 UTC
2026-09-13,20260913_SPX_NONE_NO_TRADE,SPX,NONE,NO_TRADE,False,,,7659.5,-0.004504,-0.013447,-0.000281,0.018833,,,,,False,ok,not_applicable,not_applicable,scored,partially_verified,2026-09-26 09:45:24 UTC
2026-09-13,20260913_US10Y_NONE_NO_TRADE,US10Y,NONE,NO_TRADE,False,,,4.975,-0.002814,0.006231,0.004623,0.04201,,,,,False,ok,not_applicable,not_applicable,scored,verified,2026-09-26 00:11:11 UTC
2026-09-13,20260913_USDJPY_NONE_NO_TRADE,USDJPY,NONE,NO_TRADE,False,,,153.572998,-0.00097,0.011024,0.016644,0.034108,,,,,False,ok,not_applicable,not_applicable,scored,verified,2026-09-26 09:45:24 UTC
2026-09-13,20260913_VIX_NONE_NO_TRADE,VIX,NONE,NO_TRADE,False,,,15.84,0.079545,0.118055,-0.065025,-0.061237,,,,,False,ok,not_applicable,not_applicable,scored,verified,2026-09-26 00:11:11 UTC
2026-09-13,20260913_WTI_NONE_NO_TRADE,WTI,NONE,NO_TRADE,False,,,100.050003,0.013393,0.023788,0.002499,-0.076362,,,,,False,ok,not_applicable,not_applicable,scored,verified,2026-09-26 09:45:24 UTC
2026-09-14,20260914_BTC_NONE_NO_TRADE,BTC,NONE,NO_TRADE,False,,,77270.46875,0.011556,-0.014496,0.046991,0.092047,,,,,False,ok,not_applicable,not_applicable,scored,partially_verified,2026-09-25 00:04:22 UTC
2026-09-14,20260914_DXY_NONE_NO_TRADE,DXY,NONE,NO_TRADE,False,,,99.120003,0.00343,0.012006,0.011098,0.018664,,,,,False,ok,not_applicable,not_applicable,scored,partially_verified,2026-09-26 09:45:24 UTC
2026-09-14,20260914_ETH_NONE_NO_TRADE,ETH,NONE,NO_TRADE,False,,,2525.94458,-0.004568,-0.043479,0.03381,0.062847,,,,,False,ok,not_applicable,not_applicable,scored,partially_verified,2026-09-25 00:04:22 UTC
2026-09-14,20260914_GOLD_NONE_NO_TRADE,GOLD,NONE,NO_TRADE,False,,,4408.899902,-0.012928,-0.004854,0.003629,-0.019892,,,,,False,ok,not_applicable,not_applicable,scored,partially_verified,2026-09-26 09:45:24 UTC
2026-09-14,20260914_NASDAQ_NONE_NO_TRADE,NASDAQ,NONE,NO_TRADE,False,,,29387.0,-0.007988,-0.014411,0.007714,0.05112,,,,,False,ok,not_applicable,not_applicable,scored,partially_verified,2026-09-26 09:45:24 UTC
2026-09-14,20260914_SPX_NONE_NO_TRADE,SPX,NONE,NO_TRADE,False,,,7659.5,-0.004504,-0.013447,-0.000281,0.018833,,,,,False,ok,not_applicable,not_applicable,scored,partially_verified,2026-09-26 09:45:24 UTC
2026-09-14,20260914_US10Y_NONE_NO_TRADE,US10Y,NONE,NO_TRADE,False,,,4.975,-0.002814,0.006231,0.004623,0.04201,,,,,False,ok,not_applicable,not_applicable,scored,partially_verified,2026-09-26 00:11:11 UTC
2026-09-14,20260914_USDJPY_NONE_NO_TRADE,USDJPY,NONE,NO_TRADE,False,,,153.572998,-0.00097,0.011024,0.016644,0.034108,,,,,False,ok,not_applicable,not_applicable,scored,verified,2026-09-26 09:45:24 UTC
2026-09-14,20260914_VIX_NONE_NO_TRADE,VIX,NONE,NO_TRADE,False,,,15.84,0.079545,0.118055,-0.065025,-0.061237,,,,,False,ok,not_applicable,not_applicable,scored,partially_verified,2026-09-26 00:11:11 UTC
2026-09-14,20260914_WTI_NONE_NO_TRADE,WTI,NONE,NO_TRADE,False,,,100.050003,0.013393,0.023788,0.002499,-0.076362,,,,,False,ok,not_applicable,not_applicable,scored,partially_verified,2026-09-26 09:45:24 UTC
2026-09-15,20260915_BTC_NONE_NO_TRADE,BTC,NONE,NO_TRADE,False,,,76838.15625,-0.015951,-0.005653,0.057205,0.09814,,,,,False,ok,not_applicable,not_applicable,scored,partially_verified,2026-09-26 00:11:11 UTC
2026-09-15,20260915_DXY_NONE_NO_TRADE,DXY,NONE,NO_TRADE,False,,,99.459999,0.00191,0.007641,0.009753,,,,,,False,ok,not_applicable,not_applicable,awaiting_horizon,verified,2026-09-26 09:45:24 UTC
2026-09-15,20260915_ETH_NONE_NO_TRADE,ETH,NONE,NO_TRADE,False,,,2477.020752,-0.031463,-0.012077,0.062552,0.084893,,,,,False,ok,not_applicable,not_applicable,scored,partially_verified,2026-09-26 00:11:11 UTC
2026-09-15,20260915_GOLD_NONE_NO_TRADE,GOLD,NONE,NO_TRADE,False,,,4351.899902,-0.004389,0.010984,0.007353,,,,,,False,ok,not_applicable,not_applicable,awaiting_horizon,partially_verified,2026-09-26 09:45:24 UTC
2026-09-15,20260915_NASDAQ_NONE_NO_TRADE,NASDAQ,NONE,NO_TRADE,False,,,29152.25,-0.006766,0.010102,0.055999,,,,,,False,ok,not_applicable,not_applicable,awaiting_horizon,partially_verified,2026-09-26 09:45:24 UTC
2026-09-15,20260915_SPX_NONE_NO_TRADE,SPX,NONE,NO_TRADE,False,,,7625.0,-0.004689,0.001967,0.027344,,,,,,False,ok,not_applicable,not_applicable,awaiting_horizon,partially_verified,2026-09-26 09:45:24 UTC
2026-09-15,20260915_US10Y_NONE_NO_TRADE,US10Y,NONE,NO_TRADE,False,,,4.961,0.007055,-0.002822,0.000403,,,,,,False,ok,not_applicable,not_applicable,awaiting_horizon,verified,2026-09-26 09:45:24 UTC
2026-09-15,20260915_USDJPY_NONE_NO_TRADE,USDJPY,NONE,NO_TRADE,False,,,154.481995,-0.000628,0.009917,0.016597,,,,,,False,ok,not_applicable,not_applicable,awaiting_horizon,verified,2026-09-26 09:45:24 UTC
2026-09-15,20260915_VIX_NONE_NO_TRADE,VIX,NONE,NO_TRADE,False,,,17.1,0.005848,-0.097076,-0.130409,,,,,,False,ok,not_applicable,not_applicable,awaiting_horizon,verified,2026-09-26 09:45:24 UTC
2026-09-15,20260915_WTI_NONE_NO_TRADE,WTI,NONE,NO_TRADE,False,,,101.389999,0.043791,0.005129,-0.055331,,,,,,False,ok,not_applicable,not_applicable,awaiting_horizon,verified,2026-09-26 09:45:24 UTC
2026-09-16,20260916_BTC_NONE_NO_TRADE,BTC,NONE,NO_TRADE,False,,,78163.382812,-0.025755,0.03503,0.038115,0.075119,,,,,False,ok,not_applicable,not_applicable,scored,partially_verified,2026-09-26 09:45:24 UTC
2026-09-16,20260916_DXY_NONE_NO_TRADE,DXY,NONE,NO_TRADE,False,,,99.650002,0.006623,0.00572,0.009533,,,,,,False,ok,not_applicable,not_applicable,awaiting_horizon,verified,2026-09-26 09:45:24 UTC
2026-09-16,20260916_ETH_NONE_NO_TRADE,ETH,NONE,NO_TRADE,False,,,2514.406982,-0.03909,0.038554,0.051142,0.070024,,,,,False,ok,not_applicable,not_applicable,scored,partially_verified,2026-09-26 09:45:24 UTC
2026-09-16,20260916_GOLD_NONE_NO_TRADE,GOLD,NONE,NO_TRADE,False,,,4332.799805,0.012625,0.021256,0.010063,,,,,,False,ok,not_applicable,not_applicable,awaiting_horizon,partially_verified,2026-09-26 09:45:24 UTC
2026-09-16,20260916_NASDAQ_NONE_NO_TRADE,NASDAQ,NONE,NO_TRADE,False,,,28955.0,0.000294,0.022748,0.071611,,,,,,False,ok,not_applicable,not_applicable,awaiting_horizon,partially_verified,2026-09-26 09:45:24 UTC
2026-09-16,20260916_SPX_NONE_NO_TRADE,SPX,NONE,NO_TRADE,False,,,7589.25,-0.004315,0.008973,0.031953,,,,,,False,ok,not_applicable,not_applicable,awaiting_horizon,partially_verified,2026-09-26 09:45:24 UTC
2026-09-16,20260916_US10Y_NONE_NO_TRADE,US10Y,NONE,NO_TRADE,False,,,4.996,0.002002,0.0004,-0.005604,,,,,,False,ok,not_applicable,not_applicable,awaiting_horizon,verified,2026-09-26 09:45:24 UTC
2026-09-16,20260916_USDJPY_NONE_NO_TRADE,USDJPY,NONE,NO_TRADE,False,,,153.423996,0.012006,0.017631,0.025713,,,,,,False,ok,not_applicable,not_applicable,awaiting_horizon,verified,2026-09-26 09:45:24 UTC
2026-09-16,20260916_VIX_NONE_NO_TRADE,VIX,NONE,NO_TRADE,False,,,17.200001,0.029651,-0.138954,-0.173837,,,,,,False,ok,not_applicable,not_applicable,awaiting_horizon,partially_verified,2026-09-26 09:45:24 UTC
2026-09-16,20260916_WTI_NONE_NO_TRADE,WTI,NONE,NO_TRADE,False,,,105.830002,-0.032127,-0.052254,-0.106208,,,,,,False,ok,not_applicable,not_applicable,awaiting_horizon,verified,2026-09-26 09:45:24 UTC
2026-09-17,20260917_BTC_NONE_NO_TRADE,BTC,NONE,NO_TRADE,False,,,75612.507812,0.010465,0.074342,0.145352,,,,,,False,ok,not_applicable,not_applicable,awaiting_horizon,partially_verified,2026-09-26 09:45:24 UTC
2026-09-17,20260917_DXY_NONE_NO_TRADE,DXY,NONE,NO_TRADE,False,,,100.309998,-0.000897,0.001196,0.007876,,,,,,False,ok,not_applicable,not_applicable,awaiting_horizon,verified,2026-09-26 09:45:24 UTC
2026-09-17,20260917_ETH_NONE_NO_TRADE,ETH,NONE,NO_TRADE,False,,,2399.086914,0.020016,0.097068,0.157302,,,,,,False,ok,not_applicable,not_applicable,awaiting_horizon,partially_verified,2026-09-26 09:45:24 UTC
2026-09-17,20260917_GOLD_NONE_NO_TRADE,GOLD,NONE,NO_TRADE,False,,,4387.5,0.002781,-0.000821,-0.015749,,,,,,False,ok,not_applicable,not_applicable,awaiting_horizon,partially_verified,2026-09-26 09:45:24 UTC
2026-09-17,20260917_NASDAQ_NONE_NO_TRADE,NASDAQ,NONE,NO_TRADE,False,,,28963.5,0.016685,0.062881,0.06219,,,,,,False,ok,not_applicable,not_applicable,awaiting_horizon,partially_verified,2026-09-26 09:45:24 UTC
2026-09-17,20260917_SPX_NONE_NO_TRADE,SPX,NONE,NO_TRADE,False,,,7556.5,0.01105,0.036657,0.028585,,,,,,False,ok,not_applicable,not_applicable,awaiting_horizon,partially_verified,2026-09-26 09:45:24 UTC
2026-09-17,20260917_US10Y_NONE_NO_TRADE,US10Y,NONE,NO_TRADE,False,,,5.006,-0.011786,-0.00859,0.021574,,,,,,False,ok,not_applicable,not_applicable,awaiting_horizon,verified,2026-09-26 09:45:24 UTC
2026-09-17,20260917_USDJPY_NONE_NO_TRADE,USDJPY,NONE,NO_TRADE,False,,,154.384995,0.010552,0.017236,0.019944,,,,,,False,ok,not_applicable,not_applicable,awaiting_horizon,verified,2026-09-26 09:45:24 UTC
2026-09-17,20260917_VIX_NONE_NO_TRADE,VIX,NONE,NO_TRADE,False,,,17.709999,-0.128176,-0.160361,-0.142857,,,,,,False,ok,not_applicable,not_applicable,awaiting_horizon,partially_verified,2026-09-26 09:45:24 UTC
2026-09-17,20260917_WTI_BUY_PULLBACK,WTI,LONG,B,True,101.2,2.3,102.43,-0.005077,-0.064922,-0.100264,,0.3087,-2.3565,-3.9304,,True,ok,failure,awaiting,awaiting_horizon,verified,2026-09-26 09:45:24 UTC
2026-09-18,20260918_BTC_NONE_NO_TRADE,BTC,NONE,NO_TRADE,False,,,76150.320312,0.062392,0.065558,0.131608,,,,,,False,ok,not_applicable,not_applicable,awaiting_horizon,partially_verified,2026-09-26 09:45:24 UTC
2026-09-18,20260918_DXY_NONE_NO_TRADE,DXY,NONE,NO_TRADE,False,,,100.220001,0.0,0.003792,0.010677,,,,,,False,ok,not_applicable,not_applicable,awaiting_horizon,partially_verified,2026-09-26 09:45:24 UTC
2026-09-18,20260918_ETH_NONE_NO_TRADE,ETH,NONE,NO_TRADE,False,,,2416.119873,0.080802,0.093902,0.139278,,,,,,False,ok,not_applicable,not_applicable,awaiting_horizon,partially_verified,2026-09-26 09:45:24 UTC
2026-09-18,20260918_GOLD_NONE_NO_TRADE,GOLD,NONE,NO_TRADE,False,,,4399.700195,0.005728,-0.005296,-0.023115,,,,,,False,ok,not_applicable,not_applicable,awaiting_horizon,verified,2026-09-26 09:45:24 UTC
2026-09-18,20260918_NASDAQ_NONE_NO_TRADE,NASDAQ,NONE,NO_TRADE,False,,,29446.75,0.005669,0.053716,0.044827,,,,,,False,ok,not_applicable,not_applicable,awaiting_horizon,verified,2026-09-26 09:45:24 UTC
2026-09-18,20260918_SPX_NONE_NO_TRADE,SPX,NONE,NO_TRADE,False,,,7640.0,0.002271,0.025098,0.016623,,,,,,False,ok,not_applicable,not_applicable,awaiting_horizon,verified,2026-09-26 09:45:24 UTC
2026-09-18,20260918_US10Y_NONE_NO_TRADE,US10Y,NONE,NO_TRADE,False,,,4.947,0.010309,0.004245,0.043461,,,,,,False,ok,not_applicable,not_applicable,awaiting_horizon,verified,2026-09-26 09:45:24 UTC
2026-09-18,20260918_USDJPY_NONE_NO_TRADE,USDJPY,NONE,NO_TRADE,False,,,155.266006,0.005558,0.013544,0.019315,,,,,,False,ok,not_applicable,not_applicable,awaiting_horizon,verified,2026-09-26 09:45:24 UTC
2026-09-18,20260918_VIX_NONE_NO_TRADE,VIX,NONE,NO_TRADE,False,,,15.44,-0.040803,-0.079663,0.014896,,,,,,False,ok,not_applicable,not_applicable,awaiting_horizon,partially_verified,2026-09-26 09:45:24 UTC
2026-09-18,20260918_WTI_NONE_NO_TRADE,WTI,NONE,NO_TRADE,False,,,101.910004,-0.015798,-0.071828,-0.071632,,,,,,False,ok,not_applicable,not_applicable,awaiting_horizon,verified,2026-09-26 09:45:24 UTC
2026-09-19,20260919_BTC_NONE_NO_TRADE,BTC,NONE,NO_TRADE,False,,,76403.773438,0.063216,0.13349,0.104435,,,,,,False,ok,not_applicable,not_applicable,awaiting_horizon,partially_verified,2026-09-26 09:45:24 UTC
2026-09-19,20260919_DXY_NONE_NO_TRADE,DXY,NONE,NO_TRADE,False,,,100.220001,0.002095,0.008781,0.007484,,,,,,False,ok,not_applicable,not_applicable,awaiting_horizon,partially_verified,2026-09-26 09:45:24 UTC
2026-09-19,20260919_ETH_NONE_NO_TRADE,ETH,NONE,NO_TRADE,False,,,2447.106689,0.075541,0.134592,0.097088,,,,,,False,ok,not_applicable,not_applicable,awaiting_horizon,partially_verified,2026-09-26 09:45:24 UTC
2026-09-19,20260919_GOLD_NONE_NO_TRADE,GOLD,NONE,NO_TRADE,False,,,4424.899902,-0.009266,-0.024068,-0.023435,,,,,,False,ok,not_applicable,not_applicable,awaiting_horizon,verified,2026-09-26 09:45:24 UTC
2026-09-19,20260919_NASDAQ_NONE_NO_TRADE,NASDAQ,NONE,NO_TRADE,False,,,29613.679688,0.039545,0.03887,0.043074,,,,,,False,ok,not_applicable,not_applicable,awaiting_horizon,partially_verified,2026-09-26 09:45:24 UTC
2026-09-19,20260919_SPX_NONE_NO_TRADE,SPX,NONE,NO_TRADE,False,,,7657.350098,0.023004,0.015038,0.019119,,,,,,False,ok,not_applicable,not_applicable,awaiting_horizon,partially_verified,2026-09-26 09:45:24 UTC
2026-09-19,20260919_US10Y_NONE_NO_TRADE,US10Y,NONE,NO_TRADE,False,,,4.998,-0.007003,0.023209,0.037215,,,,,,False,ok,not_applicable,not_applicable,awaiting_horizon,verified,2026-09-26 09:45:24 UTC
2026-09-19,20260919_USDJPY_BUY_PULLBACK,USDJPY,LONG,B,True,156.25,1.05,156.014008,0.006615,0.009294,0.017928,,0.7581,1.1562,2.4391,,False,ok,success,awaiting,awaiting_horizon,verified,2026-09-26 09:45:24 UTC
2026-09-19,20260919_VIX_NONE_NO_TRADE,VIX,NONE,NO_TRADE,False,,,14.81,0.004051,0.024983,0.004051,,,,,,False,ok,not_applicable,not_applicable,awaiting_horizon,verified,2026-09-26 09:45:24 UTC
2026-09-19,20260919_WTI_NONE_NO_TRADE,WTI,NONE,NO_TRADE,False,,,100.300003,-0.045065,-0.081157,-0.078664,,,,,,False,ok,not_applicable,not_applicable,awaiting_horizon,verified,2026-09-26 09:45:24 UTC
2026-09-20,20260920_BTC_NONE_NO_TRADE,BTC,NONE,NO_TRADE,False,,,80901.460938,0.002981,0.065151,0.042986,,,,,,False,ok,not_applicable,not_applicable,awaiting_horizon,partially_verified,2026-09-26 09:45:24 UTC
2026-09-20,20260920_DXY_NONE_NO_TRADE,DXY,NONE,NO_TRADE,False,,,100.220001,0.002095,0.008781,0.007484,,,,,,False,ok,not_applicable,not_applicable,awaiting_horizon,partially_verified,2026-09-26 09:45:24 UTC
2026-09-20,20260920_ETH_NONE_NO_TRADE,ETH,NONE,NO_TRADE,False,,,2611.347168,0.01212,0.054104,0.029086,,,,,,False,ok,not_applicable,not_applicable,awaiting_horizon,partially_verified,2026-09-26 09:45:24 UTC
2026-09-20,20260920_GOLD_NONE_NO_TRADE,GOLD,NONE,NO_TRADE,False,,,4424.899902,-0.009266,-0.024068,-0.023435,,,,,,False,ok,not_applicable,not_applicable,awaiting_horizon,verified,2026-09-26 09:45:24 UTC
2026-09-20,20260920_NASDAQ_NONE_NO_TRADE,NASDAQ,NONE,NO_TRADE,False,,,29613.679688,0.039545,0.03887,0.043074,,,,,,False,ok,not_applicable,not_applicable,awaiting_horizon,verified,2026-09-26 09:45:24 UTC
2026-09-20,20260920_SPX_NONE_NO_TRADE,SPX,NONE,NO_TRADE,False,,,7657.350098,0.023004,0.015038,0.019119,,,,,,False,ok,not_applicable,not_applicable,awaiting_horizon,verified,2026-09-26 09:45:24 UTC
2026-09-20,20260920_US10Y_NONE_NO_TRADE,US10Y,NONE,NO_TRADE,False,,,4.998,-0.007003,0.023209,0.037215,,,,,,False,ok,not_applicable,not_applicable,awaiting_horizon,verified,2026-09-26 09:45:24 UTC
2026-09-20,20260920_USDJPY_NONE_NO_TRADE,USDJPY,NONE,NO_TRADE,False,,,156.014008,0.006615,0.009294,0.017928,,,,,,False,ok,not_applicable,not_applicable,awaiting_horizon,verified,2026-09-26 09:45:24 UTC
2026-09-20,20260920_VIX_NONE_NO_TRADE,VIX,NONE,NO_TRADE,False,,,14.81,0.004051,0.024983,0.004051,,,,,,False,ok,not_applicable,not_applicable,awaiting_horizon,verified,2026-09-26 09:45:24 UTC
2026-09-20,20260920_WTI_NONE_NO_TRADE,WTI,NONE,NO_TRADE,False,,,100.300003,-0.045065,-0.081157,-0.078664,,,,,,False,ok,not_applicable,not_applicable,awaiting_horizon,verified,2026-09-26 09:45:24 UTC
2026-09-21,20260921_BTC_NONE_NO_TRADE,BTC,NONE,NO_TRADE,False,,,81233.679688,0.066096,0.038769,0.034484,,,,,,False,ok,not_applicable,not_applicable,awaiting_horizon,partially_verified,2026-09-26 09:45:24 UTC
2026-09-21,20260921_DXY_NONE_NO_TRADE,DXY,NONE,NO_TRADE,False,,,100.220001,0.002095,0.008781,0.007484,,,,,,False,ok,not_applicable,not_applicable,awaiting_horizon,partially_verified,2026-09-26 09:45:24 UTC
2026-09-21,20260921_ETH_NONE_NO_TRADE,ETH,NONE,NO_TRADE,False,,,2631.962646,0.054904,0.020034,0.022232,,,,,,False,ok,not_applicable,not_applicable,awaiting_horizon,partially_verified,2026-09-26 09:45:24 UTC
2026-09-21,20260921_GOLD_NONE_NO_TRADE,GOLD,NONE,NO_TRADE,False,,,4424.899902,-0.009266,-0.024068,-0.023435,,,,,,False,ok,not_applicable,not_applicable,awaiting_horizon,partially_verified,2026-09-26 09:45:24 UTC
2026-09-21,20260921_NASDAQ_NONE_NO_TRADE,NASDAQ,NONE,NO_TRADE,False,,,29613.679688,0.039545,0.03887,0.043074,,,,,,False,ok,not_applicable,not_applicable,awaiting_horizon,partially_verified,2026-09-26 09:45:24 UTC
2026-09-21,20260921_SPX_NONE_NO_TRADE,SPX,NONE,NO_TRADE,False,,,7657.350098,0.023004,0.015038,0.019119,,,,,,False,ok,not_applicable,not_applicable,awaiting_horizon,partially_verified,2026-09-26 09:45:24 UTC
2026-09-21,20260921_US10Y_NONE_NO_TRADE,US10Y,NONE,NO_TRADE,False,,,4.998,-0.007003,0.023209,0.037215,,,,,,False,ok,not_applicable,not_applicable,awaiting_horizon,partially_verified,2026-09-26 09:45:24 UTC
2026-09-21,20260921_USDJPY_NONE_NO_TRADE,USDJPY,NONE,NO_TRADE,False,,,156.014008,0.006615,0.009294,0.017928,,,,,,False,ok,not_applicable,not_applicable,awaiting_horizon,partially_verified,2026-09-26 09:45:24 UTC
2026-09-21,20260921_VIX_NONE_NO_TRADE,VIX,NONE,NO_TRADE,False,,,14.81,0.004051,0.024983,0.004051,,,,,,False,ok,not_applicable,not_applicable,awaiting_horizon,partially_verified,2026-09-26 09:45:24 UTC
2026-09-21,20260921_WTI_NONE_NO_TRADE,WTI,NONE,NO_TRADE,False,,,100.300003,-0.045065,-0.081157,-0.078664,,,,,,False,ok,not_applicable,not_applicable,awaiting_horizon,partially_verified,2026-09-26 09:45:24 UTC
2026-09-22,20260922_BTC_NONE_NO_TRADE,BTC,NONE,NO_TRADE,False,,,81142.609375,0.061986,0.039886,,,,,,,False,ok,not_applicable,not_applicable,awaiting_horizon,verified,2026-09-26 09:45:24 UTC
2026-09-22,20260922_DXY_NONE_NO_TRADE,DXY,NONE,NO_TRADE,False,,,100.43,0.001693,0.008563,,,,,,,False,ok,not_applicable,not_applicable,awaiting_horizon,verified,2026-09-26 09:45:24 UTC
2026-09-22,20260922_ETH_NONE_NO_TRADE,ETH,NONE,NO_TRADE,False,,,2642.997559,0.041481,0.016763,,,,,,,False,ok,not_applicable,not_applicable,awaiting_horizon,partially_verified,2026-09-26 09:45:24 UTC
2026-09-22,20260922_GOLD_NONE_NO_TRADE,GOLD,NONE,NO_TRADE,False,,,4383.899902,-0.001711,-0.019594,,,,,,,False,ok,not_applicable,not_applicable,awaiting_horizon,partially_verified,2026-09-26 09:45:24 UTC
2026-09-22,20260922_NASDAQ_NONE_NO_TRADE,NASDAQ,NONE,NO_TRADE,False,,,30784.75,0.007918,-0.000585,,,,,,,False,ok,not_applicable,not_applicable,awaiting_horizon,partially_verified,2026-09-26 09:45:24 UTC
2026-09-22,20260922_SPX_BUY_PULLBACK,SPX,LONG,B,True,7770.0,40.0,7833.5,-0.000223,-0.008489,,,1.5437,-0.075,,,True,ok,awaiting,awaiting,awaiting_horizon,partially_verified,2026-09-26 09:45:24 UTC
2026-09-22,20260922_US10Y_NONE_NO_TRADE,US10Y,NONE,NO_TRADE,False,,,4.963,0.001007,0.040097,,,,,,,False,ok,not_applicable,not_applicable,awaiting_horizon,verified,2026-09-26 09:45:24 UTC
2026-09-22,20260922_USDJPY_NONE_NO_TRADE,USDJPY,NONE,NO_TRADE,False,,,156.128998,0.007942,0.013681,,,,,,,False,ok,not_applicable,not_applicable,awaiting_horizon,verified,2026-09-26 09:45:24 UTC
2026-09-22,20260922_VIX_NONE_NO_TRADE,VIX,NONE,NO_TRADE,False,,,14.87,-0.044385,0.0538,,,,,,,False,ok,not_applicable,not_applicable,awaiting_horizon,partially_verified,2026-09-26 09:45:24 UTC
2026-09-22,20260922_WTI_NONE_NO_TRADE,WTI,NONE,NO_TRADE,False,,,95.779999,-0.012424,-0.012215,,,,,,,False,ok,not_applicable,not_applicable,awaiting_horizon,verified,2026-09-26 09:45:24 UTC
2026-09-23,20260923_BTC_NONE_NO_TRADE,BTC,NONE,NO_TRADE,False,,,86602.914062,-0.025633,-0.029652,,,,,,,False,ok,not_applicable,not_applicable,awaiting_horizon,verified,2026-09-26 09:45:24 UTC
2026-09-23,20260923_DXY_NONE_NO_TRADE,DXY,NONE,NO_TRADE,False,,,100.599998,0.00497,0.003678,,,,,,,False,ok,not_applicable,not_applicable,awaiting_horizon,verified,2026-09-26 09:45:24 UTC
2026-09-23,20260923_ETH_NONE_NO_TRADE,ETH,NONE,NO_TRADE,False,,,2776.468262,-0.033055,-0.030972,,,,,,,False,ok,not_applicable,not_applicable,awaiting_horizon,verified,2026-09-26 09:45:24 UTC
2026-09-23,20260923_GOLD_NONE_NO_TRADE,GOLD,NONE,NO_TRADE,False,,,4376.399902,-0.013253,-0.012613,,,,,,,False,ok,not_applicable,not_applicable,awaiting_horizon,partially_verified,2026-09-26 09:45:24 UTC
2026-09-23,20260923_NASDAQ_NONE_NO_TRADE,NASDAQ,NONE,NO_TRADE,False,,,31028.5,-0.0085,-0.004488,,,,,,,False,ok,not_applicable,not_applicable,awaiting_horizon,verified,2026-09-26 09:45:24 UTC
2026-09-23,20260923_SPX_NONE_NO_TRADE,SPX,NONE,NO_TRADE,False,,,7831.75,-0.007565,-0.003575,,,,,,,False,ok,not_applicable,not_applicable,awaiting_horizon,verified,2026-09-26 09:45:24 UTC
2026-09-23,20260923_US10Y_NONE_NO_TRADE,US10Y,NONE,NO_TRADE,False,,,4.968,0.029388,0.043478,,,,,,,False,ok,not_applicable,not_applicable,awaiting_horizon,verified,2026-09-26 09:45:24 UTC
2026-09-23,20260923_USDJPY_NONE_NO_TRADE,USDJPY,NONE,NO_TRADE,False,,,157.046005,0.002662,0.011239,,,,,,,False,ok,not_applicable,not_applicable,awaiting_horizon,verified,2026-09-26 09:45:24 UTC
2026-09-23,20260923_VIX_NONE_NO_TRADE,VIX,NONE,NO_TRADE,False,,,14.21,0.068262,0.046446,,,,,,,False,ok,not_applicable,not_applicable,awaiting_horizon,verified,2026-09-26 09:45:24 UTC
2026-09-23,20260923_WTI_NONE_NO_TRADE,WTI,NONE,NO_TRADE,False,,,94.589996,-0.02569,-0.023047,,,,,,,False,ok,not_applicable,not_applicable,awaiting_horizon,partially_verified,2026-09-26 09:45:24 UTC
2026-09-24,20260924_BTC_BUY_PULLBACK,BTC,LONG,B,True,84200.0,1700.0,86172.28125,-0.02081,,,,0.1053,,,,True,ok,awaiting,awaiting,awaiting_horizon,partially_verified,2026-09-26 09:45:24 UTC
2026-09-24,20260924_DXY_NONE_NO_TRADE,DXY,NONE,NO_TRADE,False,,,101.099998,0.001879,,,,,,,,False,ok,not_applicable,not_applicable,awaiting_horizon,partially_verified,2026-09-26 09:45:24 UTC
2026-09-24,20260924_ETH_NONE_NO_TRADE,ETH,NONE,NO_TRADE,False,,,2752.632568,-0.023734,,,,,,,,False,ok,not_applicable,not_applicable,awaiting_horizon,partially_verified,2026-09-26 09:45:24 UTC
2026-09-24,20260924_GOLD_NONE_NO_TRADE,GOLD,NONE,NO_TRADE,False,,,4318.399902,-0.004724,,,,,,,,False,ok,not_applicable,not_applicable,awaiting_horizon,verified,2026-09-26 09:45:24 UTC
2026-09-24,20260924_NASDAQ_NONE_NO_TRADE,NASDAQ,NONE,NO_TRADE,False,,,30764.75,6.5e-05,,,,,,,,False,ok,not_applicable,not_applicable,awaiting_horizon,verified,2026-09-26 09:45:24 UTC
2026-09-24,20260924_SPX_NONE_NO_TRADE,SPX,NONE,NO_TRADE,False,,,7772.5,-0.000708,,,,,,,,False,ok,not_applicable,not_applicable,awaiting_horizon,partially_verified,2026-09-26 09:45:24 UTC
2026-09-24,20260924_US10Y_NONE_NO_TRADE,US10Y,NONE,NO_TRADE,False,,,5.114,0.009386,,,,,,,,False,ok,not_applicable,not_applicable,awaiting_horizon,verified,2026-09-26 09:45:24 UTC
2026-09-24,20260924_USDJPY_NONE_NO_TRADE,USDJPY,NONE,NO_TRADE,False,,,157.369003,0.005694,,,,,,,,False,ok,not_applicable,not_applicable,awaiting_horizon,verified,2026-09-26 09:45:24 UTC
2026-09-24,20260924_VIX_NONE_NO_TRADE,VIX,NONE,NO_TRADE,False,,,15.18,0.032279,,,,,,,,False,ok,not_applicable,not_applicable,awaiting_horizon,partially_verified,2026-09-26 09:45:24 UTC
2026-09-24,20260924_WTI_NONE_NO_TRADE,WTI,NONE,NO_TRADE,False,,,92.160004,0.026584,,,,,,,,False,ok,not_applicable,not_applicable,awaiting_horizon,verified,2026-09-26 09:45:24 UTC
2026-09-25,20260925_BTC_NONE_NO_TRADE,BTC,NONE,NO_TRADE,False,,,84383.007812,-0.004125,,,,,,,,False,ok,not_applicable,not_applicable,awaiting_horizon,partially_verified,2026-09-26 09:45:24 UTC
2026-09-25,20260925_DXY_NONE_NO_TRADE,DXY,NONE,NO_TRADE,False,,,101.290001,-0.003159,,,,,,,,False,ok,not_applicable,not_applicable,awaiting_horizon,verified,2026-09-26 09:45:24 UTC
2026-09-25,20260925_ETH_NONE_NO_TRADE,ETH,NONE,NO_TRADE,False,,,2684.691895,0.002154,,,,,,,,False,ok,not_applicable,not_applicable,awaiting_horizon,verified,2026-09-26 09:45:24 UTC
2026-09-25,20260925_GOLD_NONE_NO_TRADE,GOLD,NONE,NO_TRADE,False,,,4298.0,0.005398,,,,,,,,False,ok,not_applicable,not_applicable,awaiting_horizon,verified,2026-09-26 09:45:24 UTC
2026-09-25,20260925_NASDAQ_NONE_NO_TRADE,NASDAQ,NONE,NO_TRADE,False,,,30766.75,0.003982,,,,,,,,False,ok,not_applicable,not_applicable,awaiting_horizon,partially_verified,2026-09-26 09:45:24 UTC
2026-09-25,20260925_SPX_NONE_NO_TRADE,SPX,NONE,NO_TRADE,False,,,7767.0,0.004732,,,,,,,,False,ok,not_applicable,not_applicable,awaiting_horizon,partially_verified,2026-09-26 09:45:24 UTC
2026-09-25,20260925_US10Y_NONE_NO_TRADE,US10Y,NONE,NO_TRADE,False,,,5.162,0.004262,,,,,,,,False,ok,not_applicable,not_applicable,awaiting_horizon,verified,2026-09-26 09:45:24 UTC
2026-09-25,20260925_USDJPY_NONE_NO_TRADE,USDJPY,NONE,NO_TRADE,False,,,157.464005,0.008554,,,,,,,,False,ok,not_applicable,not_applicable,awaiting_horizon,partially_verified,2026-09-26 09:45:24 UTC
2026-09-25,20260925_VIX_NONE_NO_TRADE,VIX,NONE,NO_TRADE,False,,,15.67,-0.051053,,,,,,,,False,ok,not_applicable,not_applicable,awaiting_horizon,verified,2026-09-26 09:45:24 UTC
2026-09-25,20260925_WTI_NONE_NO_TRADE,WTI,NONE,NO_TRADE,False,,,94.610001,-0.023253,,,,,,,,False,ok,not_applicable,not_applicable,awaiting_horizon,verified,2026-09-26 09:45:24 UTC
2026-09-26,20260926_BTC_NONE_NO_TRADE,BTC,NONE,NO_TRADE,False,,,84379.0625,,,,,,,,,False,ok,not_applicable,not_applicable,awaiting_horizon,partially_verified,2026-09-26 09:45:24 UTC
2026-09-26,20260926_DXY_NONE_NO_TRADE,DXY,NONE,NO_TRADE,False,,,100.970001,,,,,,,,,False,ok,not_applicable,not_applicable,awaiting_horizon,verified,2026-09-26 09:45:24 UTC
2026-09-26,20260926_ETH_NONE_NO_TRADE,ETH,NONE,NO_TRADE,False,,,2687.301514,,,,,,,,,False,ok,not_applicable,not_applicable,awaiting_horizon,partially_verified,2026-09-26 09:45:24 UTC
2026-09-26,20260926_GOLD_NONE_NO_TRADE,GOLD,NONE,NO_TRADE,False,,,4321.200195,,,,,,,,,False,ok,not_applicable,not_applicable,awaiting_horizon,partially_verified,2026-09-26 09:45:24 UTC
2026-09-26,20260926_NASDAQ_NONE_NO_TRADE,NASDAQ,NONE,NO_TRADE,False,,,30889.25,,,,,,,,,False,ok,not_applicable,not_applicable,awaiting_horizon,partially_verified,2026-09-26 09:45:24 UTC
2026-09-26,20260926_SPX_NONE_NO_TRADE,SPX,NONE,NO_TRADE,False,,,7803.75,,,,,,,,,False,ok,not_applicable,not_applicable,awaiting_horizon,partially_verified,2026-09-26 09:45:24 UTC
2026-09-26,20260926_US10Y_NONE_NO_TRADE,US10Y,NONE,NO_TRADE,False,,,5.184,,,,,,,,,False,ok,not_applicable,not_applicable,awaiting_horizon,verified,2026-09-26 09:45:24 UTC
2026-09-26,20260926_USDJPY_NONE_NO_TRADE,USDJPY,NONE,NO_TRADE,False,,,158.264999,,,,,,,,,False,ok,not_applicable,not_applicable,awaiting_horizon,verified,2026-09-26 09:45:24 UTC
2026-09-26,20260926_VIX_NONE_NO_TRADE,VIX,NONE,NO_TRADE,False,,,14.87,,,,,,,,,False,ok,not_applicable,not_applicable,awaiting_horizon,verified,2026-09-26 09:45:24 UTC
2026-09-26,20260926_WTI_NONE_NO_TRADE,WTI,NONE,NO_TRADE,False,,,92.410004,,,,,,,,,False,ok,not_applicable,not_applicable,awaiting_horizon,verified,2026-09-26 09:45:24 UTC
